barcode,BdiS_subcluster
AAAGAACAGTACGAGC-1,Inflamed
AACCAACAGACGTCCC-1,CXCL1 high
AAGACTCCACTCCGAG-1,Steady state
AAGCCATAGTCGAAAT-1,KRT24 high
AAGCGTTCACGTCATA-1,KRT24 high
AATCGACTCGGAAACG-1,KRT24 high
ACACTGAGTTCGTGCG-1,SERPINB3 high
ACAGAAAGTTTAGACC-1,Inflamed
ACCCAAATCTCGTTTA-1,KRT24 high
ACCCTCAGTACCGTCG-1,KRT23 high
ACCTGTCAGCATTTGC-1,KRT24 high
ACCTGTCTCGACCACG-1,Steady state
ACGTCCTGTACCAGAG-1,Steady state
ACTTCCGAGCGTGCCT-1,Inflamed
ACTTCCGTCGTTCTAT-1,SERPINB3 high
AGACAGGGTACCTAAC-1,Inflamed
AGAGAGCCAAATGAAC-1,Steady state
AGAGCCCGTTAGGACG-1,KRT24 high
AGATAGAGTAGGCAAC-1,Inflamed
AGATGAACACCCTTAC-1,KRT23 high
AGATGCTGTACGACAG-1,KRT24 high
AGCCAATTCGTAGCCG-1,Inflamed
AGCGCCAAGGCTGAAC-1,Inflamed
AGCGTATGTCCTACGG-1,Inflamed
AGGAAATCAGGTGTGA-1,Inflamed
AGGATAACACCCTAAA-1,Inflamed
AGGATCTCAGCAGATG-1,KRT24 high
AGGTTACTCACCTTGC-1,Inflamed
AGGTTACTCAGTGATC-1,Inflamed
AGTAGCTAGACTGGGT-1,Steady state
AGTTCCCTCAAGGTGG-1,Inflamed
ATACCGACAGCGCGTT-1,Inflamed
ATCGCCTCAGCGTAGA-1,Inflamed
ATGCATGAGTAGATCA-1,SERPINB3 high
ATGGGAGGTACGATGG-1,KRT24 high
ATTCACTAGGCTCACC-1,Inflamed
ATTCTACAGAGAATCT-1,KRT24 high
ATTCTTGGTGCCTTTC-1,Steady state
ATTGTTCGTCCCTGTT-1,KRT23 high
ATTGTTCTCTGTCGTC-1,Inflamed
ATTTACCAGGGATCTG-1,Inflamed
CACATGAAGATGCAGC-1,Inflamed
CACCGTTGTACTCAAC-1,Steady state
CACGTTCGTGGAAATT-1,Inflamed
CATCAAGGTACAGTTC-1,Inflamed
CATGCGGGTGTTACAC-1,Inflamed
CATGGATGTATCCCAA-1,KRT24 high
CATTCTACACGAGGTA-1,SERPINB3 high
CCACAAACAAATGAGT-1,KRT23 high
CCCGGAACAATAGTAG-1,Inflamed
CCCTTAGGTAGACAAT-1,Inflamed
CCGCAAGAGGTACCTT-1,CXCL1 high
CCGGACATCGTCCATC-1,Inflamed
CCTCACACAAACAGGC-1,Inflamed
CGAGTGCTCTAGCCTC-1,Steady state
CGATGCGGTCCTTTGC-1,Steady state
CGCATAATCAATCTTC-1,Inflamed
CGGCAGTAGTGTTGAA-1,Steady state
CGGTCAGAGTAAGCAT-1,Inflamed
CGGTCAGGTCAGTCTA-1,Inflamed
CGGTCAGGTTGCATTG-1,CXCL1 high
CGTGTCTTCAGGAAGC-1,Inflamed
CGTTGGGCAGGAATCG-1,Inflamed
CGTTGGGGTACCTTCC-1,KRT24 high
CTAACCCCACGATTCA-1,Inflamed
CTACATTCAGTTGTCA-1,Inflamed
CTAGACAAGACCAAAT-1,KRT24 high
CTATCCGCAACTCCCT-1,Inflamed
CTATCTATCGTCAGAT-1,Inflamed
CTCAGTCCACAACGCC-1,Inflamed
CTCATTACAGTTTCAG-1,KRT23 high
CTCATTATCTAAGCGT-1,Steady state
CTCCTTTCACAAATAG-1,Steady state
CTGCAGGCAGGCGATA-1,Inflamed
GAAGGGTGTCTCGGGT-1,Inflamed
GAAGTAAAGATTAGCA-1,Inflamed
GACCCTTGTACCGGCT-1,Steady state
GACCCTTGTTCCTAGA-1,KRT24 high
GAGAAATGTATGGTAA-1,KRT24 high
GAGAGGTGTACAGAAT-1,Inflamed
GAGGCCTTCGAACTCA-1,Inflamed
GAGTTACAGTTGTCAC-1,Steady state
GATCAGTGTGTCCACG-1,KRT24 high
GATGCTATCATTACCT-1,Steady state
GATTCTTGTCAACCTA-1,KRT23 high
GATTTCTCAATGCAAA-1,Inflamed
GCACGGTGTCTGTGTA-1,KRT24 high
GCCAGCAAGGCACGAT-1,Steady state
GCCATGGTCCACCCTA-1,KRT23 high
GCCCAGAAGGTTCCAT-1,Inflamed
GCGGAAAAGTCACGCC-1,Inflamed
GCTGAATGTTGATCGT-1,SERPINB3 high
GCTGCAGAGTTCTACG-1,Steady state
GCTTGGGCAGAATCGG-1,SERPINB3 high
GGACGTCGTCTACAAC-1,Steady state
GGCGTCACATCCGTGG-1,KRT24 high
GGCTTTCCAAAGGATT-1,CXCL1 high
GGGACAATCTCCGCAT-1,Inflamed
GGGACTCCAGTCTGGC-1,KRT23 high
GGGAGTAGTTTAGAGA-1,Steady state
GGGATGACACCCTATC-1,Inflamed
GGGTTTAGTAGGCTGA-1,Inflamed
GGTGATTAGGTTCTTG-1,KRT24 high
GGTGATTAGTCCTACA-1,Steady state
GTAACACGTATAGGGC-1,CXCL1 high
GTCATTTGTCGACTTA-1,Inflamed
GTCATTTTCACGGGAA-1,Inflamed
GTCGTAATCATGCAGT-1,Inflamed
GTCTAGATCCGATTAG-1,SERPINB3 high
GTGTGATCAGTAACCT-1,SERPINB3 high
GTGTTCCGTCACCTTC-1,Steady state
GTGTTCCTCGTCCTCA-1,Inflamed
GTTACCCCAAGCAGGT-1,KRT24 high
GTTAGACGTTTGAAAG-1,Inflamed
GTTGAACAGGTGCCTC-1,SERPINB3 high
GTTGCTCAGCTGTTAC-1,Steady state
GTTGCTCGTGTCGATT-1,SERPINB3 high
GTTGTCCCATCCTAAG-1,KRT23 high
GTTTGGACATACTGTG-1,Inflamed
TAAGCACTCCGCGAGT-1,KRT23 high
TAATCTCCATGGCGCT-1,Inflamed
TACCTGCCACATTACG-1,KRT23 high
TACGGTACAACGATCT-1,Inflamed
TACTTACGTCTCAGGC-1,Steady state
TAGGTACTCACTTGGA-1,KRT24 high
TCAAGTGAGGAGAGTA-1,Inflamed
TCAGCCTTCTGGACCG-1,Inflamed
TCATGAGGTCTCAGGC-1,KRT23 high
TCATGAGGTTGCGTAT-1,Inflamed
TCATTGTTCCAAATGC-1,Inflamed
TCCACGTTCTTTCAGT-1,Steady state
TCGAAGTCAAACACCT-1,KRT24 high
TCGAAGTGTCTGTGCG-1,KRT23 high
TCGGATAAGGTGATAT-1,Inflamed
TCGGTCTTCCATCACC-1,KRT24 high
TCGTGCTTCCATATGG-1,SERPINB3 high
TCTACCGGTGAGCAGT-1,CXCL1 high
TCTATACTCTGTCAGA-1,Inflamed
TCTATCATCGATCCCT-1,Inflamed
TCTCACGAGAGGGCGA-1,Steady state
TCTTGCGAGGCGATAC-1,Inflamed
TCTTGCGGTCACATTG-1,Steady state
TGAGCATTCATGGTAC-1,Inflamed
TGATCAGTCTTTCGAT-1,KRT23 high
TGATGGTTCGAACCAT-1,Inflamed
TGATTCTTCTCCGTGT-1,KRT24 high
TGATTTCAGGAATCGC-1,CXCL1 high
TGCGATAAGTGGAAGA-1,KRT24 high
TGGAGAGTCCCGTAAA-1,Steady state
TGGAGGAAGCCAACCC-1,KRT23 high
TGGTACATCGAGCACC-1,Steady state
TGTTCTAGTAGTATAG-1,Inflamed
TGTTTGTCATGTGCTA-1,Steady state
TTACCGCCAAACGTGG-1,KRT23 high
TTCAATCAGCCAAGGT-1,Inflamed
TTCCGGTCAACAACAA-1,Steady state
TTCTAGTAGTGGACGT-1,Inflamed
TTCTTCCCATCACGGC-1,Inflamed
TTCTTGAAGAATGTTG-1,KRT23 high
TTGAGTGGTCAAAGAT-1,Steady state
TTGCCTGTCCAGCAAT-1,Steady state
TTGGGTACAACATACC-1,KRT24 high
TTGTTGTAGAGTCAAT-1,Inflamed
TTGTTTGAGTCAACAA-1,SERPINB3 high
TTTGGAGCAGTCACGC-1,Steady state
AAACGAAAGGGTAATT-2,SERPINB3 high
AAACGAACAGCAATTC-2,SERPINB3 high
AAAGAACAGTGGATAT-2,SERPINB3 high
AAAGGATGTATCCCAA-2,SERPINB3 high
AAAGGGCCAACGACTT-2,Steady state
AAAGGTATCCCGTAAA-2,Inflamed
AAATGGAGTGAAGCTG-2,SERPINB3 high
AACAAAGGTTGACGGA-2,KRT23 high
AACAACCTCCTACACC-2,Steady state
AACAGGGGTGTGCCTG-2,CXCL1 high
AACAGGGTCTCACGAA-2,Inflamed
AACCACAAGCTCTTCC-2,KRT24 high
AACCACACAACTGAAA-2,CXCL1 high
AACCATGCACGGAAGT-2,Steady state
AACCCAAAGTCAGCCC-2,CXCL1 high
AACCCAAGTGAGACCA-2,Steady state
AACCTTTCACACCAGC-2,Steady state
AAGCCATCACTAGGTT-2,SERPINB3 high
AAGCGAGCATATACCG-2,CXCL1 high
AAGGAATTCACCATCC-2,SERPINB3 high
AATGGAAAGTAACGAT-2,Steady state
ACAAGCTGTCCTTAAG-2,Steady state
ACAAGCTGTCGCAGTC-2,Steady state
ACACAGTGTGTCCACG-2,SERPINB3 high
ACACGCGAGATTCGCT-2,Steady state
ACACTGACACCTGTCT-2,SERPINB3 high
ACAGGGAGTAAGGCTG-2,CXCL1 high
ACATGCATCAGGACGA-2,Inflamed
ACATTTCGTTTAAGGA-2,CXCL1 high
ACCAAACTCTAACGGT-2,Steady state
ACCACAAGTATAGCTC-2,Steady state
ACCATTTAGCGACTAG-2,Steady state
ACCATTTAGTCTTCGA-2,Inflamed
ACCCTCACAATGCTCA-2,Steady state
ACCGTTCCACATTGTG-2,Inflamed
ACCGTTCCACCCTGAG-2,KRT24 high
ACCGTTCGTAGCTTGT-2,KRT23 high
ACCTACCGTCGTCAGC-2,Steady state
ACCTACCGTTTCTTAC-2,CXCL1 high
ACCTGTCCATTGGGAG-2,CXCL1 high
ACGCACGCATCCAATG-2,KRT24 high
ACGGTCGAGCCAAGGT-2,SERPINB3 high
ACGGTCGGTAGATTGA-2,KRT23 high
ACGTTCCAGTCGTCTA-2,Steady state
ACTATCTCAGTAGATA-2,KRT23 high
ACTATTCGTTAAGGAT-2,Steady state
ACTGCAACAACCTAAC-2,SERPINB3 high
ACTGCAACAGAGCCCT-2,Steady state
ACTGTGACACTCTCGT-2,SERPINB3 high
ACTTCCGAGTATCTGC-2,SERPINB3 high
ACTTCCGTCGACATAC-2,Steady state
ACTTCGCAGTAGAGTT-2,Steady state
ACTTCGCCACCCTTAC-2,Steady state
AGAACCTGTTTGGAAA-2,SERPINB3 high
AGACACTTCAAATAGG-2,KRT24 high
AGACCATCAATATCCG-2,Steady state
AGACCCGTCGTTACCC-2,KRT23 high
AGACTCAGTGGAGAAA-2,CXCL1 high
AGAGCAGTCATGCCCT-2,Inflamed
AGATCGTCAGTATTCG-2,SERPINB3 high
AGATCGTGTACGACTT-2,SERPINB3 high
AGCGCCACAACCACGC-2,Steady state
AGCGTATTCTACGCAA-2,SERPINB3 high
AGCGTATTCTGCAGCG-2,Steady state
AGCTTCCAGAGGTCGT-2,KRT23 high
AGGACGAAGCTCGGCT-2,CXCL1 high
AGGAGGTGTAGGAGGG-2,Steady state
AGGAGGTTCAAAGGTA-2,Steady state
AGGATCTGTCCGTTTC-2,KRT24 high
AGGCATTGTCCTTGTC-2,Inflamed
AGGCCACCACTTGAAC-2,SERPINB3 high
AGGCCACCAGAGTCAG-2,Steady state
AGGGCCTCACACCTTC-2,KRT24 high
AGGGTCCAGATACGAT-2,SERPINB3 high
AGGGTCCAGTAACGAT-2,KRT24 high
AGGGTCCTCGACGCTG-2,Steady state
AGGTCTAAGATGCTGG-2,Steady state
AGGTCTAAGTTCGCAT-2,KRT24 high
AGGTGTTGTATGTCAC-2,Steady state
AGGTTGTAGCCTCGTG-2,SERPINB3 high
AGGTTGTGTCTTTCAT-2,Inflamed
AGTAACCAGGACATCG-2,Inflamed
AGTAACCCAAACGGCA-2,Steady state
AGTAACCGTCTGTCAA-2,SERPINB3 high
AGTACTGGTGCTCGTG-2,SERPINB3 high
AGTAGCTAGAGAAGGT-2,Inflamed
AGTAGCTAGATACGAT-2,Steady state
AGTCACAAGCCTTTGA-2,Steady state
AGTCTCCGTATGAAAC-2,CXCL1 high
AGTGACTAGATTACCC-2,CXCL1 high
AGTGATCCATTGACCA-2,SERPINB3 high
AGTGCCGGTTGTTTGG-2,CXCL1 high
AGTTAGCGTGACCGTC-2,Inflamed
ATAGACCAGCGACCCT-2,CXCL1 high
ATAGAGATCGATTGGT-2,KRT24 high
ATAGGCTGTATAATGG-2,SERPINB3 high
ATCAGGTAGGTATTGA-2,Inflamed
ATCAGGTCAACACGTT-2,KRT23 high
ATCATTCTCTCCAATT-2,CXCL1 high
ATCGGATAGTCAGCCC-2,KRT23 high
ATCGTAGAGTCAACAA-2,SERPINB3 high
ATCGTCCCAATGGCAG-2,CXCL1 high
ATCGTGATCTCCGAAA-2,CXCL1 high
ATCTCTACAGCGACCT-2,KRT24 high
ATGAGGGTCCGTAATG-2,KRT24 high
ATGAGTCAGTATCCTG-2,SERPINB3 high
ATGATCGCAGTTTGGT-2,Steady state
ATGCATGTCGCGGACT-2,Steady state
ATGGAGGTCACGACTA-2,SERPINB3 high
ATGGATCCAACACGTT-2,SERPINB3 high
ATGGGAGAGAGATTCA-2,CXCL1 high
ATGGGTTCAGTCAGTT-2,SERPINB3 high
ATGTCCCCACAGGATG-2,SERPINB3 high
ATTACCTCATTGTGCA-2,KRT23 high
ATTACTCCATACCGTA-2,KRT23 high
ATTCAGGGTAGCTTTG-2,CXCL1 high
ATTGGGTAGCATCCTA-2,CXCL1 high
ATTGGGTAGGGAGATA-2,Inflamed
ATTGGGTTCGTAGCCG-2,KRT23 high
CAAAGAACAAGATGTA-2,KRT24 high
CAAAGAAGTCGCGGTT-2,SERPINB3 high
CAACCAAAGATGACAT-2,CXCL1 high
CAACGGCGTAGATCCT-2,Steady state
CAAGCTAAGCCAGTAG-2,SERPINB3 high
CAAGGGATCTAGTACG-2,Steady state
CAATGACGTACGGCAA-2,CXCL1 high
CACACAACACTTCCTG-2,Steady state
CACAGATGTGGCTGCT-2,SERPINB3 high
CACAGGCCAGCAGAAC-2,Steady state
CACAGGCTCCGCTTAC-2,SERPINB3 high
CACGTTCAGGATGGCT-2,KRT24 high
CACTGAAGTCCTCAGG-2,Inflamed
CACTGAAGTCTGTAAC-2,SERPINB3 high
CACTGTCTCAAGCCCG-2,SERPINB3 high
CACTTCGCACTGAGGA-2,Steady state
CACTTCGTCTTTCGAT-2,SERPINB3 high
CAGATACCACTTCATT-2,SERPINB3 high
CAGATACGTCGCATGC-2,Steady state
CAGCAATCAACTACGT-2,KRT24 high
CAGCCAGTCTGCCCTA-2,SERPINB3 high
CAGCGTGAGATAGGGA-2,Steady state
CAGGCCATCGTAGCCG-2,Steady state
CAGGGCTTCACAGAGG-2,CXCL1 high
CAGGTATTCCTCGCAT-2,KRT24 high
CAGGTATTCCTGTAAG-2,Steady state
CAGTTCCCAATTCTCT-2,CXCL1 high
CATAGACCACCCATAA-2,Steady state
CATCAAGCATAGCACT-2,SERPINB3 high
CATCCACAGGAGGTTC-2,Inflamed
CATCCACGTAGACGTG-2,SERPINB3 high
CATGCAAAGGTGCATG-2,SERPINB3 high
CATGCAATCTCACCCA-2,Steady state
CATGCCTAGCACTCCG-2,SERPINB3 high
CATGCCTTCTCAACCC-2,Steady state
CATGCGGCATTGAGCT-2,CXCL1 high
CATGCGGTCGCGTGAC-2,SERPINB3 high
CATGCTCAGACATAGT-2,SERPINB3 high
CATTCATGTGCTGCAC-2,Steady state
CATTCTATCTGGTGGC-2,CXCL1 high
CATTGAGAGCTCGTGC-2,KRT24 high
CATTGAGCAAGACGAC-2,SERPINB3 high
CATTGAGGTCACGTGC-2,Inflamed
CATTGTTCACGTAACT-2,Steady state
CATTGTTGTCCAGTTA-2,KRT24 high
CATTTCACAAGTTGGG-2,Steady state
CATTTCAGTTGAGGAC-2,KRT24 high
CCAAGCGAGCATCTTG-2,KRT23 high
CCACACTCAAGCCATT-2,CXCL1 high
CCACGTTCAATGGGTG-2,Steady state
CCATAAGGTCTACAGT-2,Steady state
CCATCACGTGCGGTAA-2,KRT24 high
CCATCACTCTAGTGAC-2,Steady state
CCCAACTGTGCCGAAA-2,Steady state
CCCATTGAGTTCCGGC-2,Steady state
CCCGAAGAGAAGAACG-2,KRT24 high
CCCTTAGGTGTAAACA-2,Steady state
CCGATCTTCTCTATAC-2,CXCL1 high
CCGATGGAGTTCGCAT-2,KRT23 high
CCGCAAGTCTCTGGTC-2,Inflamed
CCGGGTATCCCTTGTG-2,CXCL1 high
CCGTAGGGTCCATACA-2,Steady state
CCTAACCAGATTGGGC-2,SERPINB3 high
CCTCCTCGTTAAACCC-2,CXCL1 high
CCTGCATTCCTTCAGC-2,Inflamed
CCTGTTGGTCAACATC-2,KRT23 high
CGAAGTTCATCGATGT-2,KRT24 high
CGAATTGTCCCATAGA-2,CXCL1 high
CGAATTGTCGTCTACC-2,Steady state
CGACAGCCAGTTAAAG-2,Inflamed
CGAGGAAGTGGAGGTT-2,KRT24 high
CGAGTTAGTATCGATC-2,Inflamed
CGAGTTAGTCGACGCT-2,SERPINB3 high
CGATGGCGTAATACCC-2,SERPINB3 high
CGCATAATCGTAACCA-2,SERPINB3 high
CGCATGGCATGCCGGT-2,SERPINB3 high
CGCCAGATCAATCCAG-2,SERPINB3 high
CGCCATTCAGGTCCGT-2,SERPINB3 high
CGGAACCCATATGCGT-2,Steady state
CGGAGAACAGTTAGGG-2,Steady state
CGGAGAACATCGCTCT-2,Inflamed
CGGGACTCAGGAGGTT-2,Steady state
CGGGCATAGTGAGCCA-2,Steady state
CGTCAAAAGCCTATCA-2,Steady state
CGTCAAACAGCGGTTC-2,Inflamed
CGTTAGAAGTTGCTCA-2,CXCL1 high
CGTTGGGCAGTGTATC-2,CXCL1 high
CTAAGTGCACCTGAAT-2,SERPINB3 high
CTAAGTGGTTCCGCTT-2,Steady state
CTACAGAGTCGGCACT-2,SERPINB3 high
CTACCTGCACGACGAA-2,Steady state
CTACCTGTCCTCATAT-2,SERPINB3 high
CTACTATAGCATTGTC-2,SERPINB3 high
CTACTATGTTGCCAAT-2,Steady state
CTATAGGAGCTATCCA-2,Steady state
CTATCCGGTTTCGACA-2,KRT24 high
CTCAATTTCAAATGAG-2,Steady state
CTCAGGGAGACATCCT-2,Inflamed
CTCAGGGCAAGGCTTT-2,SERPINB3 high
CTCAGGGTCCATTGCC-2,Steady state
CTCATCGCAACAGCTT-2,Steady state
CTCCACAAGGCTATCT-2,Steady state
CTCCACAGTTCGGCCA-2,CXCL1 high
CTCCCTCTCTGCTTAT-2,CXCL1 high
CTCCTTTTCAGACAAA-2,KRT24 high
CTCTGGTTCCCGAGGT-2,Steady state
CTGAATGCAATTGAAG-2,Steady state
CTGAGCGGTGGTCAAG-2,SERPINB3 high
CTGATCCCATTCGGGC-2,SERPINB3 high
CTGCAGGAGGATTCCT-2,Steady state
CTGCATCGTATCCCTC-2,Steady state
CTGCGAGTCAGGTAAA-2,KRT24 high
CTGGTCTAGCTTAGTC-2,SERPINB3 high
CTGGTCTGTACCTATG-2,Inflamed
CTGTAGACAAGCTGCC-2,SERPINB3 high
CTGTGAAAGCTTTCTT-2,SERPINB3 high
CTGTGGGAGACCTGGA-2,Steady state
CTTACCGCAGATAAAC-2,SERPINB3 high
CTTACCGTCTCAGAAC-2,Steady state
CTTAGGATCATGGAGG-2,Steady state
CTTCCGAAGCCGAACA-2,Steady state
CTTCCTTCAAGAGGCT-2,SERPINB3 high
CTTTCAAAGGAACGCT-2,Steady state
GAAATGACAACCGTAT-2,Steady state
GAACACTGTAGGATAT-2,Steady state
GAAGGACGTCAACCTA-2,Steady state
GACACGCCAACCGTAT-2,Steady state
GACCAATAGAGGATGA-2,Steady state
GACTCTCGTCACCACG-2,Inflamed
GACTTCCAGGGCAGTT-2,Steady state
GAGAAATTCATTGAGC-2,Steady state
GAGCTGCCATGCGGTC-2,Inflamed
GAGTTACAGATCCGAG-2,Steady state
GAGTTACTCCCAAGTA-2,KRT24 high
GAGTTGTAGGGCAATC-2,SERPINB3 high
GAGTTGTAGTAATTGG-2,SERPINB3 high
GAGTTGTCAAGCCTGC-2,CXCL1 high
GATCACAAGTCGGGAT-2,CXCL1 high
GATCCCTAGGGCAGGA-2,SERPINB3 high
GATCCCTCACAACGAG-2,SERPINB3 high
GATGACTCACCGGTCA-2,SERPINB3 high
GATGGAGTCGGTCTAA-2,CXCL1 high
GATGTTGGTAAGACCG-2,Steady state
GATTCGACAAATGATG-2,Steady state
GATTCTTTCATTCGTT-2,SERPINB3 high
GATTGGTAGTGGTGAC-2,Steady state
GATTGGTCAACTGGTT-2,Steady state
GATTTCTGTCCAAGAG-2,Steady state
GCAGGCTCAGTCTGGC-2,CXCL1 high
GCATCGGCATACTTTC-2,SERPINB3 high
GCATCTCGTCAACATC-2,SERPINB3 high
GCATTAGGTCAACACT-2,SERPINB3 high
GCCAGGTAGTAGTCAA-2,Steady state
GCCAGGTGTAATGCTC-2,CXCL1 high
GCCAGGTTCTAGCCAA-2,Steady state
GCCAGTGAGACAGCTG-2,KRT23 high
GCCCGAAAGCAAACAT-2,Steady state
GCCTGTTTCATAGCAC-2,CXCL1 high
GCGAGAAAGTTGCCTA-2,Steady state
GCGATCGGTACTCGTA-2,KRT24 high
GCGGATCCACGCCAGT-2,Steady state
GCGTGCAAGTTCAACC-2,Steady state
GCTCAAAGTACGGGAT-2,Steady state
GCTGAATGTGAGTAGC-2,SERPINB3 high
GCTGGGTCATGTCGTA-2,CXCL1 high
GCTTCACGTGTACAGG-2,KRT24 high
GCTTTCGTCCTAGCTC-2,CXCL1 high
GGAAGTGGTGTACGCC-2,SERPINB3 high
GGAATCTGTTCCAGGC-2,SERPINB3 high
GGAGCAAGTCAGTCGC-2,CXCL1 high
GGAGGATAGAAACTCA-2,Steady state
GGATCTAGTACATTGC-2,Steady state
GGATCTAGTTTCGTTT-2,CXCL1 high
GGCACGTTCGATTGGT-2,KRT24 high
GGCAGTCAGATCACTC-2,SERPINB3 high
GGCTGTGCAATAGTCC-2,Steady state
GGCTTGGTCATCCCGT-2,SERPINB3 high
GGCTTGGTCGTGCGAC-2,SERPINB3 high
GGGACCTCACTACAGT-2,KRT23 high
GGGACTCGTAAGGCCA-2,Steady state
GGGAGATGTGTTCGTA-2,KRT23 high
GGGAGTAAGAGGCGGA-2,SERPINB3 high
GGGCTACAGCCTCACG-2,Steady state
GGGCTCAAGGTGCCTC-2,Steady state
GGGTTATTCCTCTAGC-2,Steady state
GGTAACTAGGACTTCT-2,SERPINB3 high
GGTAATCCATTGGGAG-2,Inflamed
GGTAATCTCCACTGAA-2,CXCL1 high
GGTAGAGTCTACTATC-2,Inflamed
GGTCACGCATACTTTC-2,Inflamed
GGTGGCTGTCGGAACA-2,CXCL1 high
GGTGTCGGTACTCCCT-2,Steady state
GGTGTTAAGCGTGAAC-2,KRT24 high
GGTTCTCGTGTGCTTA-2,KRT23 high
GGTTCTCTCGAGATGG-2,SERPINB3 high
GTAAGTCAGGAAAGAC-2,Steady state
GTAATCGAGCTGAAGC-2,Steady state
GTAATGCGTCTCACGG-2,CXCL1 high
GTACAGTGTGTGCTTA-2,KRT23 high
GTAGAGGGTACCCGAC-2,CXCL1 high
GTAGTACCACACCTGG-2,Steady state
GTATTGGTCGCCAACG-2,Steady state
GTCAAACTCCCGAGGT-2,Steady state
GTCAAGTGTTGACTGT-2,Steady state
GTCATTTGTACCCGCA-2,KRT24 high
GTCATTTGTGTGTCCG-2,Steady state
GTCCCATGTGTCCATA-2,Steady state
GTCGAATCACGGCGTT-2,Steady state
GTCGCGAGTGTCCTAA-2,Steady state
GTCGTAAGTATAGGGC-2,SERPINB3 high
GTCTACCTCCTGGGTG-2,SERPINB3 high
GTCTCACAGTGGGAAA-2,SERPINB3 high
GTCTTTAGTACAATAG-2,SERPINB3 high
GTGATGTAGAACTCCT-2,KRT24 high
GTGCACGGTTACACAC-2,Steady state
GTGGAAGAGATCGCCC-2,Inflamed
GTGGAAGGTGGAAATT-2,CXCL1 high
GTGGCGTCAACGTAAA-2,KRT24 high
GTGGGAAAGTCGCCAC-2,SERPINB3 high
GTGTAACTCTGAGGCC-2,KRT23 high
GTGTGGCAGTAGCATA-2,SERPINB3 high
GTGTTAGTCATGGAGG-2,Steady state
GTGTTCCAGGCATGCA-2,Steady state
GTTACCCAGATCCTAC-2,CXCL1 high
GTTACGAGTCCGGCAT-2,Steady state
GTTCTATCAGCTACAT-2,SERPINB3 high
GTTGAACGTAATGATG-2,SERPINB3 high
GTTGCTCGTGCAGATG-2,SERPINB3 high
GTTTACTGTATCACCA-2,SERPINB3 high
GTTTGGAAGTACCGGA-2,SERPINB3 high
TAACACGTCTTACCGC-2,SERPINB3 high
TAAGCACCATCACGGC-2,Inflamed
TAAGCCAAGTGGCCTC-2,CXCL1 high
TAAGTCGTCAGATGCT-2,Steady state
TAATCTCAGCATTGTC-2,Inflamed
TAATCTCCAAGTATCC-2,SERPINB3 high
TACAACGAGAGTAACT-2,Steady state
TACAGGTAGGTCTACT-2,Steady state
TACAGGTGTCAACCTA-2,Steady state
TACCCACTCACGAGGA-2,CXCL1 high
TACCCGTAGCGTGCCT-2,Steady state
TACCGAAAGTCAAGCG-2,Steady state
TACCTGCCAGCGTAGA-2,SERPINB3 high
TACGGGCCACCTTCGT-2,CXCL1 high
TACTTCATCTAGGCCG-2,SERPINB3 high
TACTTGTGTTATGTGC-2,Inflamed
TACTTGTTCGACACCG-2,Steady state
TAGACCACAAGAAACT-2,SERPINB3 high
TAGACCATCGACCAAT-2,SERPINB3 high
TAGATCGCAAACAGGC-2,Steady state
TAGCACAAGTGACACG-2,SERPINB3 high
TAGCACACACGACGTC-2,SERPINB3 high
TAGGTTGTCGTGAGAG-2,Steady state
TAGTGCATCATTCACT-2,Inflamed
TATGTTCAGCTCGACC-2,CXCL1 high
TATGTTCAGGGATCGT-2,KRT24 high
TATGTTCGTCATTCCC-2,Inflamed
TATTCCAAGGCCGCTT-2,CXCL1 high
TATTCCAAGGTTACAA-2,CXCL1 high
TATTCCACACGACGCT-2,Steady state
TATTGCTTCAGCCTTC-2,Inflamed
TATTGGGGTTCGGTCG-2,CXCL1 high
TCAAGACAGCGACATG-2,SERPINB3 high
TCAAGTGAGATTCGCT-2,Steady state
TCAATTCTCGACATTG-2,CXCL1 high
TCACATTGTGGCTGCT-2,Steady state
TCACGCTTCCATAGAC-2,Steady state
TCACTCGAGAGTCCGA-2,SERPINB3 high
TCACTCGGTTACACAC-2,Steady state
TCAGTGATCTGCGTCT-2,SERPINB3 high
TCATCCGTCCTAGCCT-2,SERPINB3 high
TCATGCCAGATAGCTA-2,Inflamed
TCATGTTGTCGAACGA-2,KRT24 high
TCATTACAGCCATCCG-2,Steady state
TCATTACGTTTGAACC-2,KRT23 high
TCATTTGGTAATGCTC-2,Steady state
TCCACCATCCGGCTTT-2,KRT24 high
TCCACCATCTAGTCAG-2,CXCL1 high
TCCAGAAAGCTGACTT-2,KRT23 high
TCCATCGCAGTGCGCT-2,CXCL1 high
TCCATCGTCGTTCATT-2,Steady state
TCCCATGGTACCTAGT-2,Steady state
TCCTAATGTCCCACGA-2,CXCL1 high
TCCTGCAAGTGCAGGT-2,SERPINB3 high
TCCTGCACATCGGAAG-2,SERPINB3 high
TCCTTCTCATGTGCTA-2,KRT24 high
TCCTTTCAGGATCACG-2,Steady state
TCCTTTCAGTAGTCCT-2,CXCL1 high
TCGAACAAGTGGCAGT-2,SERPINB3 high
TCGACGGAGAGGTATT-2,CXCL1 high
TCGCACTGTTTGTTCT-2,Steady state
TCGCAGGGTTGAGGAC-2,CXCL1 high
TCGCTTGTCCAGTGTA-2,Inflamed
TCGGGTGCACACGGTC-2,CXCL1 high
TCGTAGAGTGGGTCAA-2,Steady state
TCTAACTGTATCGGTT-2,SERPINB3 high
TCTATACTCTTTCTAG-2,Steady state
TCTATCAGTTCAACGT-2,CXCL1 high
TCTCTGGAGGGACCAT-2,Steady state
TCTCTGGTCACGAGGA-2,SERPINB3 high
TCTGGCTCAGGTTCAT-2,KRT23 high
TCTTGCGTCCAATGCA-2,Inflamed
TCTTTGACACCAAAGG-2,SERPINB3 high
TCTTTGATCACAACCA-2,Inflamed
TGAACGTAGGACGCAT-2,Steady state
TGAACGTAGTACAGCG-2,Steady state
TGAACGTGTACCGTCG-2,SERPINB3 high
TGAATCGTCGGTAACT-2,Steady state
TGAATGCGTATGGAAT-2,Steady state
TGACCCTTCCGTGACG-2,KRT24 high
TGAGCATAGTTTGGCT-2,KRT24 high
TGATCAGAGAGGGTGG-2,Steady state
TGATCAGGTAGTACGG-2,SERPINB3 high
TGATCAGGTGTTAACC-2,KRT24 high
TGATGCAAGGCCACTC-2,KRT23 high
TGATGCAAGGGCAACT-2,Inflamed
TGATGGTCACACCTGG-2,SERPINB3 high
TGATTTCCAATGGCAG-2,Steady state
TGCAGGCAGCCTCCAG-2,Steady state
TGCATCCAGACCGTTT-2,SERPINB3 high
TGCCGAGCATCCTATT-2,Inflamed
TGCCGAGGTCTAACTG-2,SERPINB3 high
TGCGACGAGAGCAGAA-2,Steady state
TGCGACGCAAGGCTTT-2,Steady state
TGCGATACACGGATCC-2,Inflamed
TGCGGGTCAATGAAAC-2,Steady state
TGCTCCATCTGAGGTT-2,SERPINB3 high
TGCTTCGTCATCTACT-2,KRT24 high
TGGAACTCATTGTCGA-2,Steady state
TGGAGAGCAAAGGAGA-2,KRT24 high
TGGATCATCCAACACA-2,SERPINB3 high
TGGCGTGCAAGAGGTC-2,CXCL1 high
TGGGAAGTCAAAGGTA-2,Steady state
TGGGAAGTCCCTTGGT-2,SERPINB3 high
TGGGAGAAGCGCGTTC-2,Steady state
TGGGATTGTTAAGAAC-2,Steady state
TGTAAGCCACTGCATA-2,SERPINB3 high
TGTACAGGTGTTACAC-2,SERPINB3 high
TGTCAGAGTATTGACC-2,SERPINB3 high
TGTCAGAGTCGCTTAA-2,Steady state
TGTCAGATCAAGCCCG-2,Steady state
TGTCCCACACTCCGGA-2,SERPINB3 high
TGTCCTGAGACGCCCT-2,Steady state
TGTGCGGGTTCTTCAT-2,Inflamed
TGTGTGAAGCGCAATG-2,KRT23 high
TGTTCCGGTTCTCAGA-2,Steady state
TTACCGCCATTGTACG-2,SERPINB3 high
TTACGTTAGCTCCATA-2,SERPINB3 high
TTACGTTGTAACGTTC-2,CXCL1 high
TTACGTTTCCACACCT-2,Inflamed
TTAGTCTTCGGATAAA-2,Steady state
TTCAATCTCCACAGCG-2,Steady state
TTCACCGGTAAGTTGA-2,CXCL1 high
TTCAGGAGTTTCGTTT-2,SERPINB3 high
TTCCAATGTTTCGTGA-2,Steady state
TTCCACGAGTTGGAGC-2,KRT23 high
TTCCACGGTCCCGTGA-2,SERPINB3 high
TTCCGTGGTTGGGATG-2,CXCL1 high
TTCCGTGTCGTGCTCT-2,CXCL1 high
TTCCTTCGTGCTGTCG-2,Inflamed
TTCCTTCGTTCTCGTC-2,KRT23 high
TTCGATTAGAGGTGCT-2,SERPINB3 high
TTCGATTCAGTATGAA-2,CXCL1 high
TTCGCTGGTAGCCAGA-2,SERPINB3 high
TTCTCTCAGGAAACGA-2,Steady state
TTCTGTACAGAAGCGT-2,SERPINB3 high
TTCTTCCTCTTAGTTC-2,CXCL1 high
TTCTTGAAGGTAGATT-2,Steady state
TTGAACGGTATGCGTT-2,KRT23 high
TTGATGGGTATCGCTA-2,Steady state
TTGCATTCACAATTCG-2,SERPINB3 high
TTGCATTTCCAGGACC-2,Inflamed
TTGGGATAGCGATGCA-2,CXCL1 high
TTGGGATTCCATCTCG-2,KRT24 high
TTGGTTTGTATATGGA-2,SERPINB3 high
TTGTGGACATTCTCCG-2,SERPINB3 high
TTGTGTTAGTGTACAA-2,SERPINB3 high
TTGTGTTCATCGGTTA-2,Steady state
TTGTTTGAGCGTTGTT-2,Steady state
TTGTTTGAGGATTCCT-2,Steady state
TTGTTTGGTGTTAGCT-2,Steady state
TTTACGTAGTACCCTA-2,Steady state
TTTATGCCAGAGGTTG-2,CXCL1 high
TTTCAGTTCGAGTACT-2,KRT23 high
TTTCAGTTCGCCGTGA-2,Steady state
TTTCATGCACCCTAAA-2,SERPINB3 high
TTTGGTTCACTACCCT-2,SERPINB3 high
TTTGTTGGTTGCCGAC-2,KRT23 high
TTTGTTGTCAGGAAAT-2,Steady state
AAACGCTTCGCAGATT-3,Inflamed
AAAGGGCAGCATGAAT-3,CXCL1 high
AAAGTCCAGGTGCTTT-3,Steady state
AACACACCACTAACGT-3,Steady state
AACAGGGTCGTCTCAC-3,Inflamed
AAGACTCCAGGTCTCG-3,KRT24 high
AAGGAATAGTATTCCG-3,Steady state
AAGTACCGTCACCGAC-3,KRT24 high
AAGTGAAAGGTCGCCT-3,KRT23 high
AATAGAGGTCAGGTGA-3,Steady state
ACAACCATCCATATGG-3,KRT24 high
ACACGCGCAACCCTCT-3,KRT24 high
ACAGGGACAGACAATA-3,KRT24 high
ACCTGAACAGTGTATC-3,KRT24 high
ACGATCACAAATGATG-3,KRT24 high
ACGCACGGTTCAAGTC-3,SERPINB3 high
ACGTCCTGTCACAATC-3,KRT24 high
ACTATCTAGCTGTACT-3,Inflamed
ACTATCTAGGCTGTAG-3,Steady state
ACTATTCAGGAAAGAC-3,SERPINB3 high
ACTGATGCAGCAGTCC-3,CXCL1 high
ACTTAGGTCTGCTTAT-3,Steady state
ACTTCCGCACTAACCA-3,KRT23 high
AGAAGCGGTCGTACAT-3,KRT24 high
AGAAGCGGTGTATACC-3,Inflamed
AGACCCGAGTCGTCTA-3,SERPINB3 high
AGAGAATAGTATGCAA-3,KRT24 high
AGCGCTGAGGTGGCTA-3,KRT24 high
AGCTACAAGTGGACGT-3,CXCL1 high
AGCTACAGTGGTATGG-3,KRT24 high
AGCTTCCTCATGCCGG-3,KRT23 high
AGGACTTAGGAAGTGA-3,SERPINB3 high
AGGACTTTCAACCTCC-3,KRT24 high
AGTAACCCAGTGAGCA-3,KRT23 high
AGTAACCTCAGGACAG-3,KRT24 high
AGTACTGGTTCTCTAT-3,SERPINB3 high
AGTAGCTTCTCATTAC-3,KRT24 high
AGTTAGCGTGTTGAGG-3,Steady state
AGTTCGACACGGTGCT-3,Inflamed
ATCCCTGGTCCGGTGT-3,CXCL1 high
ATCCGTCCAATTAGGA-3,Steady state
ATCCTATTCGTCGGGT-3,SERPINB3 high
ATCTCTAAGTAGACAT-3,Inflamed
ATCTTCAAGCGAGAAA-3,SERPINB3 high
ATGACCAAGCCTATCA-3,Steady state
ATGCATGCATGGCGCT-3,Inflamed
ATGCCTCGTGCTGATT-3,KRT24 high
ATGGGTTTCATCGGGC-3,KRT24 high
ATGGTTGAGGGCAACT-3,KRT24 high
ATTACTCAGCATTGAA-3,Steady state
ATTCCCGAGCCGCTTG-3,SERPINB3 high
ATTCCTACAAGTGATA-3,KRT24 high
ATTCGTTAGATGACAT-3,KRT24 high
ATTGTTCTCGTAGTGT-3,KRT24 high
ATTTCACGTGCTTCAA-3,KRT23 high
CAACAGTCAATTTCTC-3,Steady state
CAACAGTTCAACCCGG-3,KRT24 high
CAACCAACAATTGCGT-3,KRT24 high
CAACCTCTCAACTTTC-3,Steady state
CAAGACTTCAGAGTGG-3,Inflamed
CAAGGGACACTTACAG-3,Steady state
CACAGGCGTTCCAAAC-3,CXCL1 high
CACTGGGCACAAGGTG-3,KRT23 high
CAGATTGCAACACAGG-3,KRT24 high
CAGCCAGGTCACGTGC-3,Inflamed
CAGGCCAGTTGTTGAC-3,Steady state
CAGGGCTAGCGTGAAC-3,CXCL1 high
CAGGTATTCGGACCAC-3,Inflamed
CATACCCGTATGTGTC-3,Inflamed
CATCGCTTCTACCACC-3,Steady state
CATCGGGCAACCCTCT-3,KRT24 high
CATCGGGCACGGAAGT-3,KRT24 high
CATGCCTAGGGCAAGG-3,Steady state
CCAATTTCATCCGGCA-3,KRT24 high
CCACACTAGACTCTAC-3,Steady state
CCACGTTCACTATCGA-3,SERPINB3 high
CCATCACCAGTCAACT-3,Steady state
CCCATTGTCTGAGATC-3,KRT23 high
CCGAACGAGATGTTCC-3,KRT23 high
CCGATGGAGCGTACAG-3,SERPINB3 high
CCGGACACAACACAGG-3,KRT24 high
CCGGTGACATCTGCGG-3,KRT24 high
CCGTGAGAGGTTCAGG-3,KRT23 high
CCGTTCACATGACAAA-3,SERPINB3 high
CCTCCAATCGAGCACC-3,Steady state
CCTCCTCAGATGCTGG-3,Steady state
CCTCTCCTCTAACACG-3,KRT23 high
CGAAGGAGTACCATAC-3,Steady state
CGAAGTTGTGTACAGG-3,KRT23 high
CGAATTGCAACGGCCT-3,KRT24 high
CGCAGGTCAATCTCGA-3,KRT24 high
CGCAGGTGTGACTCTA-3,Steady state
CGCATAACAACTACGT-3,Inflamed
CGCCAGAAGAGAACCC-3,KRT24 high
CGCGTGAGTCAAATCC-3,SERPINB3 high
CGGAATTTCATGCCGG-3,KRT24 high
CGGACACTCGCATGAT-3,CXCL1 high
CGGGCATTCGGTTCAA-3,Inflamed
CGTCAAAGTGAGACGT-3,Inflamed
CGTGCTTAGCGATGGT-3,KRT24 high
CGTGTCTGTCTGTCAA-3,SERPINB3 high
CTAACTTAGCTAATGA-3,CXCL1 high
CTACCCAAGTAGACAT-3,SERPINB3 high
CTACTATTCGATAACC-3,KRT24 high
CTCAATTCAGCGTTTA-3,KRT24 high
CTCAATTTCATCGTAG-3,KRT24 high
CTCCACAGTTATAGCC-3,Steady state
CTGCCTACACAGTGTT-3,KRT24 high
CTGCTCAGTGCAGATG-3,Steady state
CTGTCGTAGTAAGAGG-3,Steady state
GAAACCTCATAACGGG-3,Steady state
GAAATGACAGTGTACT-3,CXCL1 high
GAACACTTCCCAGCGA-3,KRT24 high
GAAGAATTCAATCCGA-3,SERPINB3 high
GAAGCCCCAACGACAG-3,Steady state
GACAGCCTCCCATAAG-3,Inflamed
GACCCTTAGCCTTTGA-3,KRT24 high
GACCGTGAGTAAGGGA-3,Steady state
GACGCTGAGGCGACAT-3,KRT24 high
GACGCTGCACTACAGT-3,Inflamed
GACTATGTCTTAGCCC-3,KRT23 high
GACTCTCTCCGATGCG-3,Steady state
GAGACCCAGTAGGATT-3,KRT24 high
GAGATGGTCCTATGGA-3,Steady state
GAGCCTGCACCTGCGA-3,KRT23 high
GAGGGATCACATTCTT-3,Steady state
GAGGGATTCCGATCTC-3,Steady state
GAGTTACCAACCCTCT-3,Steady state
GAGTTGTCAAACACCT-3,KRT24 high
GATAGAATCACTGTCC-3,KRT24 high
GATCCCTTCCTCTCTT-3,SERPINB3 high
GATGACTGTCATAACC-3,SERPINB3 high
GATGACTTCGTTCTCG-3,Steady state
GCAACCGAGCTCCCTT-3,Inflamed
GCAACCGGTCGGATTT-3,KRT24 high
GCACATAGTACTAACC-3,SERPINB3 high
GCAGCCAAGTGGCCTC-3,KRT23 high
GCAGCTGGTGTTCGTA-3,Steady state
GCAGGCTGTAGACTGG-3,CXCL1 high
GCATTAGGTGACACAG-3,Steady state
GCCATTCGTGTGGACA-3,KRT24 high
GCCGTGACATACGCAT-3,Steady state
GCCTGTTGTTGGACTT-3,SERPINB3 high
GCTACAATCCGCAACG-3,Steady state
GCTTCACAGGTAGACC-3,Inflamed
GCTTCACTCCCAAGTA-3,KRT24 high
GGACGTCCATCCTGTC-3,Inflamed
GGCAGTCAGAGGGTCT-3,CXCL1 high
GGCTGTGAGGGCATGT-3,KRT23 high
GGGACAATCATGCAGT-3,KRT24 high
GGGAGATCAATGGCCC-3,Steady state
GGGCCATGTGAGCCAA-3,SERPINB3 high
GGGTAGATCCTCACTG-3,KRT23 high
GGGTCACCAAGATGGC-3,Inflamed
GGGTCTGGTTGGCCTG-3,KRT23 high
GGGTGTCCAACAAAGT-3,CXCL1 high
GGTGTTATCGCGATCG-3,KRT24 high
GTAAGTCAGTAGTGCG-3,KRT24 high
GTAAGTCTCACATCAG-3,SERPINB3 high
GTATTTCGTAGTTAGA-3,SERPINB3 high
GTCACGGTCCATAGGT-3,KRT24 high
GTCGTAATCTTTCTAG-3,Steady state
GTCTACCTCAACACGT-3,KRT24 high
GTCTACCTCCAGCCTT-3,KRT24 high
GTCTTTAAGTCCCGAC-3,KRT24 high
GTGACGCGTCACCGCA-3,Steady state
GTGAGGACAAGAGTGC-3,Steady state
GTGCTTCAGGTTTGAA-3,KRT24 high
GTGGAAGGTGAGACCA-3,SERPINB3 high
GTGGAGAGTAGACGTG-3,Inflamed
GTGGCGTAGTCACTCA-3,Inflamed
GTGTTCCGTGATCATC-3,Steady state
GTGTTCCTCCACTGAA-3,Steady state
GTTACCCTCCCGTTGT-3,KRT24 high
GTTAGTGGTCGTTGCG-3,Inflamed
GTTCTATAGAATTTGG-3,CXCL1 high
GTTGTCCAGCATCTTG-3,Steady state
GTTGTGATCCATTCAT-3,Inflamed
GTTTACTCATCTTCGC-3,KRT24 high
TAACACGAGCAATTAG-3,Steady state
TAACTTCGTTTGCCGG-3,KRT24 high
TAATCTCGTGTGCTTA-3,Inflamed
TAATTCCCATGGGTTT-3,Steady state
TACAACGTCTGCCTCA-3,CXCL1 high
TACTTACCACGGTGCT-3,SERPINB3 high
TAGACTGGTAGGACCA-3,Steady state
TAGGGTTCAGCAGATG-3,KRT24 high
TAGTGCATCCCGGTAG-3,Steady state
TATACCTAGCTTCATG-3,Steady state
TATCAGGCAGACGATG-3,Steady state
TATCCTAAGTTTGTCG-3,KRT24 high
TATCGCCTCAGCCTCT-3,Steady state
TATTGCTCAGCCGTCA-3,KRT24 high
TATTTCGCACAGCGCT-3,KRT23 high
TATTTCGCATGAGAAT-3,KRT24 high
TCAAGACGTTTGATCG-3,KRT24 high
TCAATCTAGTCGAAGC-3,Inflamed
TCACAAGCAATACGAA-3,Steady state
TCACAAGGTTCGGTAT-3,Steady state
TCAGTGACAGCGTACC-3,CXCL1 high
TCATGGAAGTCTCTGA-3,KRT23 high
TCATTGTCAGGTACGA-3,Inflamed
TCATTGTGTCGACGCT-3,CXCL1 high
TCATTTGCAGCTGAAG-3,Steady state
TCCACGTCAGGAATCG-3,Steady state
TCCCAGTGTGCTGTCG-3,CXCL1 high
TCCTGCATCACGACTA-3,KRT24 high
TCGATTTTCCACGTCT-3,CXCL1 high
TCGCACTGTGAGATAT-3,Steady state
TCGCAGGTCTGCGATA-3,Steady state
TCGCTTGCAATTGAAG-3,SERPINB3 high
TCGTCCAAGTCATGCT-3,SERPINB3 high
TCTAACTAGGGTCTTT-3,Steady state
TCTATCACAGGTCCGT-3,KRT24 high
TCTCACGAGCTGACCC-3,CXCL1 high
TCTCAGCAGGGTTAAT-3,KRT23 high
TCTCAGCGTCACTACA-3,Steady state
TCTGCCAAGTAAGACT-3,KRT24 high
TCTGTCGTCGACGAGA-3,CXCL1 high
TCTTAGTAGATCGCTT-3,Steady state
TCTTTGAGTAGTCTGT-3,KRT24 high
TGATCAGAGAGGCCAT-3,SERPINB3 high
TGATCTTAGACCAACG-3,Inflamed
TGATCTTGTAGTGTGG-3,KRT24 high
TGATTTCCACCGTACG-3,SERPINB3 high
TGCAGGCTCGACCACG-3,KRT24 high
TGCGACGGTACCGTCG-3,KRT24 high
TGCTCGTTCTTGGTGA-3,KRT24 high
TGCTGAAAGGCGTCCT-3,KRT24 high
TGCTTGCGTCACCACG-3,Steady state
TGGCGTGTCCCATAGA-3,Steady state
TGGGAAGTCTCGCAGG-3,KRT23 high
TGGGAGACATCGATGT-3,Steady state
TGGGTTAGTCATATGC-3,KRT24 high
TGGTGATAGCGCATCC-3,KRT23 high
TGGTGATCAATTCGTG-3,SERPINB3 high
TGTAAGCCATGATGCT-3,KRT24 high
TGTTGAGTCGGTCAGC-3,KRT23 high
TTAATCCTCCATACAG-3,KRT23 high
TTACGCCGTTGACGGA-3,KRT24 high
TTAGTCTTCCTGGTCT-3,Inflamed
TTCAGGAGTGCCTGAC-3,SERPINB3 high
TTCATTGGTTTGATCG-3,KRT24 high
TTCGGTCGTTGGTAGG-3,KRT24 high
TTGAACGAGACGTCCC-3,SERPINB3 high
TTGGGTAAGTTACTCG-3,Steady state
TTGTTCAAGAGGGTAA-3,Inflamed
TTGTTGTGTTGCATTG-3,Inflamed
TTTAGTCAGCCTGCCA-3,SERPINB3 high
TTTATGCAGTCTAGAA-3,Steady state
TTTGATCGTAGCGTAG-3,Steady state
AAAGGGCTCATCGCTC-4,SERPINB3 high
AACAACCTCAAGCCGC-4,KRT24 high
AACAAGAAGTCGGGAT-4,KRT23 high
AACGGGAAGTGTAGAT-4,Steady state
AAGATAGCAAATCGTC-4,SERPINB3 high
AAGGAATGTCCTACGG-4,KRT24 high
AAGTTCGAGCCTTCTC-4,SERPINB3 high
AATGCCAAGGTCGAGT-4,KRT23 high
AATTCCTTCCGACAGC-4,KRT24 high
ACAACCATCTAGAGCT-4,SERPINB3 high
ACAAGCTGTGTTACTG-4,Steady state
ACCGTTCGTTGACTAC-4,CXCL1 high
ACCTGTCGTGGCTGAA-4,CXCL1 high
ACGGAAGAGGAATCGC-4,Steady state
ACGGAAGGTTAGTTCG-4,SERPINB3 high
ACTTCGCAGGACGCTA-4,Steady state
AGAAGCGTCCTACACC-4,KRT24 high
AGAGAATAGCATCAGG-4,KRT24 high
AGAGAATAGCATGGGT-4,SERPINB3 high
AGAGAGCCACTACGGC-4,Steady state
AGAGCAGCAGCTGTGC-4,Steady state
AGAGCAGGTCTGTGCG-4,Steady state
AGAGCAGGTTATTCCT-4,SERPINB3 high
AGCGCCAAGTAGCATA-4,Steady state
AGCGCTGAGTCGAAAT-4,Steady state
AGCGCTGGTAAGGCCA-4,Inflamed
AGCGTATGTTACGTAC-4,Steady state
AGCGTCGAGATCGACG-4,Inflamed
AGCTACAGTCATTCCC-4,KRT24 high
AGGATAAAGACTCATC-4,CXCL1 high
AGGGTGAGTTGCTGAT-4,Steady state
AGGTCTACATCGGAAG-4,SERPINB3 high
AGGTTGTAGTGTGTTC-4,SERPINB3 high
AGTAACCTCAACACGT-4,KRT24 high
AGTACCACAACACAGG-4,CXCL1 high
AGTACTGGTAGGATAT-4,Steady state
AGTAGTCCAGAGGTAC-4,Steady state
AGTCATGGTTTGAACC-4,KRT24 high
ATACCGATCCGGACTG-4,Steady state
ATACTTCGTACCCGAC-4,Steady state
ATAGAGAGTCCTCATC-4,KRT24 high
ATCAGGTCATTGAGCT-4,Inflamed
ATCCACCGTTGACTGT-4,KRT24 high
ATCCCTGAGATAGGGA-4,Steady state
ATCCGTCGTTGTGTAC-4,CXCL1 high
ATCCTATCATGGGCAA-4,KRT24 high
ATCTCTAAGATGATTG-4,Steady state
ATGCATGAGAGCAAGA-4,KRT24 high
ATGGAGGTCAAACGTC-4,KRT23 high
ATGGATCCATCTCAAG-4,Inflamed
ATTTACCTCTTACTGT-4,Steady state
ATTTCACTCTCCTGCA-4,SERPINB3 high
CAACAACCATTAAAGG-4,CXCL1 high
CAACCAAAGGTGCTAG-4,CXCL1 high
CACACAACATGGGATG-4,Steady state
CACATGAAGGCTGAAC-4,KRT24 high
CACGGGTAGAGTGTTA-4,KRT24 high
CACGGGTGTGGCCACT-4,KRT23 high
CACGTTCAGTCTGCGC-4,Steady state
CAGATCACACCCGTAG-4,Steady state
CAGCAATGTAGTAAGT-4,Steady state
CAGCAGCTCGCTGACG-4,CXCL1 high
CAGTTCCTCTCTAAGG-4,CXCL1 high
CATACTTCAACACACT-4,Steady state
CATCGCTCAAGAATGT-4,KRT23 high
CATGCCTCACCGTACG-4,Steady state
CATTGCCTCTAGTACG-4,KRT23 high
CCCAACTGTACTGGGA-4,Steady state
CCGATCTCATCCGAAT-4,KRT24 high
CCGATGGCAGCAAGAC-4,Steady state
CCTCACAGTCGAACGA-4,KRT23 high
CCTGTTGGTCTATGAC-4,Steady state
CCTTTGGGTTGTAAAG-4,Steady state
CGAAGGAAGCAAGCCA-4,CXCL1 high
CGAGAAGCACACCGAC-4,KRT24 high
CGAGTTACAAAGACTA-4,Steady state
CGGACACTCACCCTCA-4,Inflamed
CGTCCATAGACTGTTC-4,Steady state
CGTCCATTCTATTTCG-4,KRT23 high
CGTGAATGTTGTCTAG-4,Steady state
CTAACCCTCTGGTTGA-4,KRT24 high
CTAACTTTCGTTAGAC-4,Steady state
CTAAGTGCATCAGCGC-4,KRT24 high
CTACCTGGTGCGTTTA-4,Steady state
CTCAGGGGTATGCAAA-4,Inflamed
CTCCACAAGCTCGTGC-4,KRT24 high
CTCCATGTCCGTGGCA-4,SERPINB3 high
CTCCGATAGAGTCTTC-4,Steady state
CTGAGCGCAACTGGTT-4,Steady state
CTGATCCCAAATCGTC-4,Steady state
CTGCAGGGTGCAACGA-4,SERPINB3 high
CTGCGAGCACACCGAC-4,KRT24 high
CTTAGGAAGCGCCTCA-4,Steady state
CTTCCGACAAGAGAGA-4,KRT23 high
CTTGAGAGTGTTCAGT-4,Inflamed
CTTTCAATCATTGTTC-4,CXCL1 high
GAAATGAGTACAGTCT-4,SERPINB3 high
GAAGCCCTCCTCTGCA-4,Inflamed
GAAGGACAGCCACCGT-4,Steady state
GAAGGACAGTGCTCAT-4,SERPINB3 high
GAAGGACGTATGGTAA-4,CXCL1 high
GAATCACTCAGCAGAG-4,CXCL1 high
GACACGCGTTCCTACC-4,SERPINB3 high
GACACGCTCGAACCAT-4,Steady state
GACATCAGTCAAGCCC-4,KRT24 high
GACCAATGTCAAATCC-4,CXCL1 high
GACCTTCGTGGCTAGA-4,Steady state
GACTCTCTCTGGCCAG-4,SERPINB3 high
GAGACCCAGGGCCAAT-4,Steady state
GAGATGGTCGCTGTCT-4,KRT24 high
GAGGGATAGCGCCCAT-4,SERPINB3 high
GATCAGTAGTGTTGAA-4,CXCL1 high
GATGAGGGTATGATCC-4,KRT24 high
GATGAGGGTGACAACG-4,Steady state
GATGGAGAGAGGCTGT-4,Steady state
GATGTTGCAAACCACT-4,SERPINB3 high
GCAGGCTAGCCTCATA-4,KRT23 high
GCAGGCTAGGTAACTA-4,Steady state
GCAGGCTCAATTCACG-4,KRT24 high
GCCAACGAGGCTCACC-4,KRT24 high
GCCGATGAGACATCAA-4,Steady state
GCCGATGGTATGAGCG-4,KRT24 high
GCTTTCGCATACATCG-4,KRT23 high
GGAGGTAAGATGCTGG-4,Steady state
GGCTTTCAGCATGTTC-4,Steady state
GGGAGATAGCGAGTAC-4,SERPINB3 high
GGGAGATCAGATTAAG-4,Steady state
GGGAGTACAAGAGTTA-4,SERPINB3 high
GGGATGACAAACTAAG-4,SERPINB3 high
GGGTGTCAGGGAGAAT-4,Inflamed
GGTCACGTCTTTGATC-4,SERPINB3 high
GGTTAACCATTGTCGA-4,Steady state
GGTTAACTCAACGTGT-4,SERPINB3 high
GTAAGTCGTGAGCAGT-4,Steady state
GTAGGAGAGTCACGCC-4,Steady state
GTAGTACCAAATTGCC-4,Steady state
GTCATCCAGACATGCG-4,Steady state
GTCATTTAGCTCACTA-4,Steady state
GTCATTTGTACAAGTA-4,Steady state
GTCGTTCGTGGCTGCT-4,KRT24 high
GTCTACCGTCCTCCTA-4,KRT23 high
GTGAGGAGTCGAATTC-4,SERPINB3 high
GTGAGTTCAGGCATGA-4,KRT24 high
GTTACGAAGGTGGCTA-4,Steady state
GTTAGTGGTGCATCTA-4,KRT24 high
GTTCGCTCATGGATCT-4,Steady state
GTTCTATGTACACTCA-4,KRT24 high
GTTGCTCTCGGAGTGA-4,KRT23 high
GTTTGGAGTCTGATAC-4,KRT24 high
TAAGCACCATCAGTGT-4,Steady state
TAATCTCAGCGCTTCG-4,CXCL1 high
TACAACGTCTAGACAC-4,SERPINB3 high
TACATTCTCTGGGAGA-4,SERPINB3 high
TACCTCGCACACCTTC-4,SERPINB3 high
TACGTCCAGCTTCGTA-4,CXCL1 high
TACTTCAGTTCGTTCC-4,KRT24 high
TACTTGTCAGCTTCCT-4,SERPINB3 high
TAGCACAGTGTATTCG-4,CXCL1 high
TAGCACAGTTACACTG-4,Steady state
TATCTTGTCATAGACC-4,KRT24 high
TCAAGCAGTGTTATCG-4,Steady state
TCAAGTGCAACCTATG-4,KRT24 high
TCAATCTTCTTGGTGA-4,KRT24 high
TCACATTCACACACTA-4,SERPINB3 high
TCACGCTCAGCAGAAC-4,Steady state
TCACGCTCAGGAATCG-4,KRT24 high
TCAGTCCTCCAGGACC-4,Steady state
TCATGGAAGATACAGT-4,SERPINB3 high
TCATGGAGTCCCACGA-4,SERPINB3 high
TCATTACCACTGTCGG-4,KRT23 high
TCCCACATCAAGGCTT-4,Steady state
TCCGGGACAGCAGGAT-4,SERPINB3 high
TCCTAATGTACCGTCG-4,Steady state
TCCTCCCCATAGAGGC-4,KRT24 high
TCCTCGAGTCGCGTTG-4,CXCL1 high
TCCTGCAGTTCGATTG-4,KRT24 high
TCGCTTGGTAGGACCA-4,SERPINB3 high
TCTCACGTCGAGCCAC-4,SERPINB3 high
TCTCAGCAGAAACCAT-4,Steady state
TCTTTGAGTACTCCCT-4,Steady state
TGAGCGCTCGGCTCTT-4,Steady state
TGATCAGAGATTGTGA-4,KRT24 high
TGATGCAAGGAAGAAC-4,Steady state
TGATGGTTCAACGCTA-4,KRT24 high
TGATTCTTCGGTCTAA-4,SERPINB3 high
TGCACGGGTAGAGTTA-4,Inflamed
TGCAGATGTTGCCAAT-4,Steady state
TGCAGTAAGGCTGGAT-4,KRT23 high
TGCAGTACAGTAGGAC-4,KRT24 high
TGCGGCAGTGATGTAA-4,Steady state
TGCTTCGCACCCAACG-4,SERPINB3 high
TGCTTCGGTTCGGGTC-4,KRT24 high
TGCTTGCCAAACACCT-4,KRT24 high
TGGAACTGTGACATCT-4,Steady state
TGGAGAGTCAAAGGTA-4,Steady state
TGGCGTGTCTTCTGGC-4,SERPINB3 high
TGGGCTGGTGGATACG-4,KRT23 high
TGTAAGCAGTATTAGG-4,Steady state
TGTGTGAGTGACATCT-4,KRT23 high
TGTTCATTCGCCTATC-4,Steady state
TGTTCATTCTATTGTC-4,Steady state
TGTTCTACAATACCCA-4,Steady state
TTACCATAGCCGTAAG-4,Steady state
TTACGTTAGTCACTGT-4,SERPINB3 high
TTAGGGTGTGAGGATC-4,SERPINB3 high
TTATTGCGTCAAAGTA-4,KRT23 high
TTGGTTTGTCGCAGTC-4,Steady state
TTGTGGAGTAAGTCAA-4,SERPINB3 high
TTGTGTTAGTTGCTCA-4,KRT24 high
TTGTTCAAGGCTATCT-4,KRT24 high
TTGTTTGGTTTACTGG-4,Steady state
TTTACTGTCCCATTTA-4,Steady state
TTTCATGTCAGACCCG-4,Steady state
AAAGAACCAATGAAAC-5,Steady state
AAAGTGATCAAGCCTA-5,KRT23 high
AAATGGACAATAAGGT-5,Steady state
AACAGGGAGGAGTACC-5,CXCL1 high
AACCACAGTAGGACTG-5,SERPINB3 high
AACCACAGTTTCCCAC-5,CXCL1 high
AACTTCTTCCGCGATG-5,SERPINB3 high
AAGACTCAGTCTAACC-5,CXCL1 high
AAGATAGCATGACACT-5,KRT23 high
AAGCATCAGTTGTAGA-5,Steady state
AAGCATCGTGAGTTGG-5,Inflamed
AAGGTAATCTTCACGC-5,Steady state
ACAGGGATCCGTCCTA-5,Steady state
ACATTTCAGTCGGCAA-5,SERPINB3 high
ACCTACCAGCCTCGTG-5,SERPINB3 high
ACGATGTCACTGCATA-5,Steady state
ACGGTCGGTATCCTTT-5,Steady state
ACGTAGTAGAAACTCA-5,CXCL1 high
ACGTAGTAGCCTGTCG-5,KRT23 high
ACGTTCCTCGGTTGTA-5,Steady state
ACTATGGGTCGAAACG-5,CXCL1 high
ACTCCCAAGAGTGAAG-5,CXCL1 high
ACTCCCATCCCGAGGT-5,Steady state
ACTCTCGCACTGAGGA-5,SERPINB3 high
AGAACAAGTCACAATC-5,KRT24 high
AGAACCTGTCGAGTTT-5,Steady state
AGACTCATCAAGGACG-5,Steady state
AGAGAGCCAACTACGT-5,CXCL1 high
AGAGCAGGTAGTTCCA-5,SERPINB3 high
AGATAGAAGGTAACTA-5,Steady state
AGCCACGAGCAACTTC-5,KRT24 high
AGGATAAGTCCCGCAA-5,KRT23 high
AGGCTGCCACCTAAAC-5,Inflamed
AGGGCTCTCTGCGAGC-5,Steady state
AGGTTGTTCCACAAGT-5,KRT24 high
AGTACTGAGAGTGGCT-5,Steady state
AGTCACAGTGGTCTTA-5,KRT24 high
AGTCACATCCCAATAG-5,SERPINB3 high
AGTCATGCAGAGGCAT-5,KRT24 high
AGTGTTGTCACACGAT-5,KRT24 high
ATACCGATCAGAGTTC-5,Steady state
ATACTTCGTGCGAACA-5,Steady state
ATAGAGATCACTGTCC-5,Steady state
ATCCACCGTAACACGG-5,Steady state
ATCCCTGCAGCTATAC-5,Steady state
ATCGTAGCAAGCGAAC-5,Steady state
ATCTTCACAAGATTGA-5,KRT24 high
ATGAAAGCAGCGTGAA-5,KRT24 high
ATGAAAGGTGCTGTCG-5,Steady state
ATGAGGGGTCCTTTGC-5,CXCL1 high
ATGAGTCAGTTCCGTA-5,CXCL1 high
ATGCCTCAGACCATAA-5,CXCL1 high
ATGCGATAGGACGGAG-5,Steady state
ATGCGATAGTTGAATG-5,SERPINB3 high
ATGGAGGCATCCTATT-5,Steady state
ATGGGAGAGACCAAAT-5,SERPINB3 high
ATGGGTTGTTCCAAAC-5,KRT24 high
ATGTCTTAGAATAGTC-5,Steady state
ATTCAGGAGTGATAAC-5,SERPINB3 high
ATTCAGGCATCTCCCA-5,Steady state
ATTCCTACACCAAAGG-5,KRT24 high
ATTCTACAGTATGATG-5,Steady state
ATTTCTGAGTCGCCAC-5,Steady state
CAACCTCTCCCGAATA-5,Steady state
CAATACGTCGTCTCAC-5,KRT24 high
CACACAACATCGGAAG-5,CXCL1 high
CACCAAATCACCTCAC-5,KRT24 high
CACTGGGTCCTGTTGC-5,CXCL1 high
CACTGGGTCGACACCG-5,SERPINB3 high
CAGATACGTAGGCTGA-5,KRT24 high
CAGATTGAGGTATCTC-5,Steady state
CAGCAATTCCTACCGT-5,KRT24 high
CAGCACGGTCGCTTAA-5,Steady state
CAGGGCTCAATAGTGA-5,Steady state
CAGTGCGCATCCGAAT-5,Steady state
CATCCACGTATCGCGC-5,Steady state
CATTCCGTCCCATGGG-5,Steady state
CCATCACCAGACGGAT-5,CXCL1 high
CCCAACTAGTCATGAA-5,Steady state
CCCAACTCACAAGTGG-5,Steady state
CCCAACTTCGGACTTA-5,Steady state
CCCATTGCATGGCGCT-5,KRT24 high
CCCGGAATCAGCTCTC-5,Steady state
CCGGTAGCATCTCCCA-5,SERPINB3 high
CCTCCAATCCTGCTAC-5,Steady state
CCTCTCCCAGAGTGAC-5,SERPINB3 high
CCTGTTGGTACGTACT-5,SERPINB3 high
CGAAGTTGTATGGAAT-5,Steady state
CGAATTGAGTTGCGCC-5,KRT24 high
CGAGGAAAGACGGTCA-5,SERPINB3 high
CGCCAGACAACAAGTA-5,Inflamed
CGGCAGTAGTTCATGC-5,CXCL1 high
CTCAAGACAATTCTCT-5,SERPINB3 high
CTCAGGGAGATACCAA-5,CXCL1 high
CTCCACATCGCTGTTC-5,Steady state
CTCCCAAAGATTGAGT-5,KRT23 high
CTCCTTTCATCCAACA-5,CXCL1 high
CTCTCAGAGAGCATTA-5,KRT23 high
CTCTCGAGTTAGGAGC-5,SERPINB3 high
CTGATCCAGACCTTTG-5,Inflamed
CTGATCCGTAGCGTCC-5,KRT24 high
CTGTACCTCACCCTTG-5,Steady state
CTGTAGACAAGTATAG-5,Steady state
CTTAGGAGTTCGTGCG-5,KRT23 high
CTTGAGATCCGTGGCA-5,CXCL1 high
GAACTGTAGACTAAGT-5,CXCL1 high
GAAGAATCATTGACTG-5,Steady state
GACCCTTAGCAGTCTT-5,CXCL1 high
GACCCTTCATATAGCC-5,Steady state
GACCGTGGTCAAATCC-5,CXCL1 high
GACTATGAGTAACCTC-5,KRT24 high
GACTATGTCGCAGTTA-5,CXCL1 high
GACTCTCGTATCACCA-5,Steady state
GAGACTTCAGTAACAA-5,KRT24 high
GAGAGGTGTGGCAACA-5,Steady state
GAGCCTGCACAGACGA-5,KRT23 high
GAGCTGCGTAGCTGCC-5,KRT23 high
GAGGCCTAGTTTCGGT-5,KRT24 high
GATGATCAGTGCCAGA-5,CXCL1 high
GATTCTTTCTCGCGTT-5,Steady state
GCACTAACAATTGCAC-5,KRT24 high
GCAGCCAGTACGGTTT-5,Steady state
GCATGATAGCTAGAGC-5,Steady state
GCCAACGAGCGCATCC-5,Steady state
GCCAACGTCCATACAG-5,Steady state
GCCAGGTCAAGGATGC-5,SERPINB3 high
GCCAGTGAGCGTTAGG-5,Steady state
GCCGTGAAGTCGCTAT-5,Steady state
GCCTGTTGTCGAAACG-5,KRT23 high
GCGAGAACATCCAACA-5,Steady state
GCGGAAAAGTAAGACT-5,SERPINB3 high
GCGTGCAAGGGTAATT-5,Steady state
GCTTCACTCATGGGAG-5,KRT24 high
GGACGTCCAGAAGCGT-5,Steady state
GGACGTCTCCCTAGGG-5,SERPINB3 high
GGCGTCAGTCATATGC-5,Steady state
GGCTGTGTCCGACATA-5,KRT24 high
GGGACAAGTGGAAATT-5,SERPINB3 high
GGGACCTCAGAAGTTA-5,Steady state
GGGACCTGTAGTCTTG-5,CXCL1 high
GGGAGTAGTTTGGGAG-5,KRT23 high
GGGTTATAGGGTTGCA-5,Steady state
GGTAGAGAGCATATGA-5,CXCL1 high
GGTGGCTGTGGCCCAT-5,Steady state
GGTTGTAGTTTGTGGT-5,Steady state
GTAACCAAGGGCGAGA-5,SERPINB3 high
GTATTGGAGCGTGTCC-5,KRT24 high
GTCAAACAGAGTAACT-5,KRT24 high
GTCAAACGTCACTACA-5,CXCL1 high
GTCAAGTAGGACGCTA-5,Steady state
GTCACTCAGTGCCGAA-5,CXCL1 high
GTCGTAAGTGATACTC-5,KRT23 high
GTCTACCTCGGCCTTT-5,Steady state
GTCTAGAAGGCCTGCT-5,KRT24 high
GTCTAGAAGGGAGGTG-5,Steady state
GTCTAGAGTGTACAGG-5,Steady state
GTGCACGTCATCTCTA-5,KRT24 high
GTGCGTGCAGCGGTTC-5,CXCL1 high
GTGCGTGCATCTAGAC-5,SERPINB3 high
GTGCTTCCATTGCTTT-5,Steady state
GTGTGATGTAACTAAG-5,KRT24 high
GTGTGATGTTGGGATG-5,KRT23 high
GTTCTATAGCACTGGA-5,SERPINB3 high
TAACACGGTCATCGGC-5,SERPINB3 high
TAACTTCGTAACTGCT-5,Steady state
TAAGCACCAACGATCT-5,Steady state
TACACCCTCCATCCGT-5,Steady state
TACATTCTCTGAGGTT-5,Inflamed
TACGGGCGTACAGTCT-5,CXCL1 high
TACTGCCAGAATACAC-5,CXCL1 high
TAGATCGGTCATCCGG-5,Steady state
TAGATCGTCGGCTATA-5,SERPINB3 high
TAGTGCATCATGTCAG-5,SERPINB3 high
TATCCTATCACCTGTC-5,SERPINB3 high
TATTCCACACAAATCC-5,CXCL1 high
TCAATTCCAGCTAACT-5,Steady state
TCAATTCGTATAGGGC-5,SERPINB3 high
TCACAAGCATAACCCA-5,Steady state
TCACATTCAATCGCCG-5,CXCL1 high
TCAGTCCAGAAACTCA-5,SERPINB3 high
TCATACTCAAGTTCGT-5,Steady state
TCATTGTGTCAAGCCC-5,CXCL1 high
TCCACGTGTTTGAAAG-5,Steady state
TCCCATGTCGAAGTGG-5,CXCL1 high
TCCTAATGTTAGAAAC-5,Steady state
TCCTGCAGTGTTACAC-5,KRT24 high
TCGGGACCACGTGTGC-5,SERPINB3 high
TCTATCATCCTTTGAT-5,SERPINB3 high
TCTGTCGAGACGTCGA-5,Steady state
TGAATCGGTTAGAAGT-5,KRT24 high
TGAATGCTCTGTCGCT-5,SERPINB3 high
TGACCCTCAGAACCGA-5,Inflamed
TGACCCTTCAATCTTC-5,KRT24 high
TGAGACTGTTTGAAAG-5,SERPINB3 high
TGAGGGAAGACTGGGT-5,CXCL1 high
TGAGGGAGTAGGTTTC-5,Steady state
TGAGGTTGTTAAGAAC-5,Steady state
TGATCAGCAGTCTACA-5,CXCL1 high
TGATCAGTCCTCACCA-5,Inflamed
TGCAGTATCTACTGAG-5,Steady state
TGCGGCAAGCACACAG-5,CXCL1 high
TGCTCCAGTCATCCGG-5,Steady state
TGCTTCGCAGTCGTTA-5,Steady state
TGGATCAAGCTTAAGA-5,Steady state
TGTAACGGTTGCTCAA-5,Steady state
TGTCCACTCCGCAACG-5,KRT23 high
TGTGCGGAGTATGGCG-5,Steady state
TGTGGCGCATACAGGG-5,Steady state
TGTTGAGCAAGTGGTG-5,Steady state
TGTTTGTTCGCGGACT-5,Steady state
TTACAGGCAACGTTAC-5,Steady state
TTACGTTCAGAGTGAC-5,KRT23 high
TTACTGTTCGTTATCT-5,Steady state
TTAGTCTCAGGCGTTC-5,Steady state
TTCAGGACACGTTGGC-5,SERPINB3 high
TTCATGTTCGTAGCTA-5,Steady state
TTCCTCTAGAACGCGT-5,KRT23 high
TTCGATTCAGATAAAC-5,SERPINB3 high
TTCGATTTCTCGGTAA-5,Steady state
TTCTAGTCAGACTGCC-5,KRT24 high
TTCTGTACAACTTCTT-5,Steady state
TTCTTCCGTAGTTACC-5,Steady state
TTCTTGATCACTGGGC-5,Steady state
TTGACCCCACTGCATA-5,Steady state
TTGGGCGAGAATGTTG-5,CXCL1 high
TTTCCTCGTCGTCGGT-5,CXCL1 high
TTTCGATGTTAGGGTG-5,Steady state
TTTGGAGTCACTACTT-5,KRT23 high
AAACGAAGTAAGATAC-6,SERPINB3 high
AAACGCTTCAAGGAGC-6,SERPINB3 high
AAATGGATCGTACCTC-6,SERPINB3 high
AACGGGAAGAGTTGCG-6,KRT23 high
AACGGGATCTTGGATG-6,Steady state
AAGAACACACCCAATA-6,Inflamed
AAGACAACAAGCCATT-6,SERPINB3 high
AAGATAGTCGTGCTCT-6,KRT24 high
AAGCCATCATGTGGTT-6,Steady state
AAGTACCCAGGTACGA-6,SERPINB3 high
AAGTGAATCGCAGAGA-6,CXCL1 high
AATCACGCAACCTATG-6,CXCL1 high
AATCGTGCATGTGCTA-6,CXCL1 high
AATCGTGGTCGCATGC-6,SERPINB3 high
AATGGAACATTAAAGG-6,Steady state
ACAAAGAAGCCTCCAG-6,CXCL1 high
ACACGCGAGAGGTCAC-6,CXCL1 high
ACACTGACACAGAAGC-6,KRT24 high
ACAGAAACACTCCGGA-6,KRT23 high
ACAGCCGGTCACTCGG-6,CXCL1 high
ACCAAACAGATAACGT-6,KRT23 high
ACCAAACAGGCGTTGA-6,SERPINB3 high
ACCAAACCAGCGAACA-6,Steady state
ACCACAACATCAGTCA-6,KRT23 high
ACCATTTAGGGATCTG-6,Steady state
ACCATTTAGGTTGCCC-6,SERPINB3 high
ACCCTCAAGTTGAAAC-6,SERPINB3 high
ACCGTTCGTTTCGTAG-6,Steady state
ACCTACCTCTATCGGA-6,SERPINB3 high
ACGTAACCAGTGAGCA-6,KRT23 high
ACTCCCATCTGGACCG-6,CXCL1 high
ACTTAGGGTAGGTAGC-6,Steady state
ACTTCGCGTAACACCT-6,SERPINB3 high
ACTTTGTCAATGGGTG-6,SERPINB3 high
AGAGCAGCAAGATCCT-6,Steady state
AGAGCAGTCACGGGCT-6,Steady state
AGCATCAAGGCTGTAG-6,Steady state
AGCCACGAGCCTCACG-6,Inflamed
AGCGATTTCGCTGATA-6,KRT24 high
AGCGCCAAGCGCCGTT-6,SERPINB3 high
AGCGCTGTCACTCGAA-6,SERPINB3 high
AGCGTCGCAGTTTGGT-6,KRT24 high
AGCTACAGTGTCTTGA-6,Steady state
AGCTTCCTCATCACCC-6,Steady state
AGGACGAGTTATCTGG-6,CXCL1 high
AGGCATTGTAACATCC-6,Steady state
AGGCCACTCCAGTACA-6,Steady state
AGGGCTCGTCGCCACA-6,KRT23 high
AGGGTCCGTGGACCAA-6,SERPINB3 high
AGGGTTTAGAGAATCT-6,SERPINB3 high
AGGTCATTCATTCGTT-6,KRT24 high
AGGTCTACACTATGTG-6,SERPINB3 high
AGTCAACGTTGCGGCT-6,SERPINB3 high
AGTCACACAGACAATA-6,CXCL1 high
AGTGACTAGGTCTACT-6,Steady state
AGTTCCCAGGAGACCT-6,KRT24 high
ATACCTTGTCCACATA-6,Steady state
ATAGACCGTGCCGTTG-6,SERPINB3 high
ATCACTTAGAGTCACG-6,SERPINB3 high
ATCGGCGTCTAAGAAG-6,SERPINB3 high
ATGAGGGGTAGCACAG-6,Steady state
ATGGGTTTCATTTCGT-6,CXCL1 high
ATGGTTGAGATTAGCA-6,SERPINB3 high
ATTACTCAGCCTTGAT-6,KRT23 high
ATTCAGGCACCTGCTT-6,SERPINB3 high
ATTCAGGGTCGCAGTC-6,Steady state
ATTCCATAGGTAAGGA-6,KRT23 high
ATTCCTAAGACCCTTA-6,Inflamed
ATTCGTTTCCGACAGC-6,Steady state
ATTCGTTTCTAGCAAC-6,SERPINB3 high
ATTTACCGTTACGATC-6,Steady state
ATTTACCTCCCAGCGA-6,SERPINB3 high
ATTTCACGTAATACCC-6,KRT24 high
ATTTCTGAGTCGAGGT-6,Steady state
CAACAGTAGCATCGAG-6,CXCL1 high
CAACGATCAGTACTAC-6,Steady state
CAACGATTCTCGCCTA-6,Steady state
CAACGGCCACGCGGTT-6,KRT24 high
CACAACACACTATCCC-6,KRT23 high
CACCGTTTCATAGACC-6,SERPINB3 high
CACCGTTTCCGATAAC-6,KRT24 high
CACGGGTAGTACTGTC-6,Steady state
CACGTTCAGACGGTTG-6,KRT24 high
CACGTTCAGGAGCAAA-6,SERPINB3 high
CACGTTCGTCGACTGC-6,CXCL1 high
CACTGAACAACTCATG-6,SERPINB3 high
CAGAGCCCACACTGGC-6,KRT24 high
CAGATTGTCACCTCAC-6,CXCL1 high
CAGCACGCATGTTCAG-6,SERPINB3 high
CAGCACGTCGTTCTAT-6,SERPINB3 high
CAGCCAGCATACTTTC-6,Steady state
CAGGCCAAGCTAAATG-6,SERPINB3 high
CAGTTAGAGATCACTC-6,CXCL1 high
CATCCACGTATCGCTA-6,Steady state
CATGAGTGTCGAACGA-6,Steady state
CATTCTAGTACAAGTA-6,SERPINB3 high
CATTTCACACTAAACC-6,KRT24 high
CCAAGCGGTACGATGG-6,Steady state
CCACAAAGTGGCAACA-6,Inflamed
CCACTTGGTGAGAGGG-6,Steady state
CCATCACTCGCCTCTA-6,Steady state
CCCAACTCACAGAGCA-6,Steady state
CCCGGAAGTCGTCAGC-6,SERPINB3 high
CCCTAACGTTGGAGGT-6,KRT24 high
CCCTCTCAGGACTTCT-6,CXCL1 high
CCCTGATAGCTACTAC-6,Steady state
CCGATGGCACCCAAGC-6,SERPINB3 high
CCGCAAGTCCGCCTAT-6,SERPINB3 high
CCGGTAGCAACCTATG-6,KRT24 high
CCGGTAGCACTTGAGT-6,KRT24 high
CCGTGAGCATCAGCAT-6,Steady state
CCTAAGAAGCGAGGAG-6,SERPINB3 high
CCTCAACCAATAGTCC-6,KRT24 high
CCTCACACATGTTTGG-6,Steady state
CCTCCAAGTATCCTCC-6,Steady state
CCTCTAGGTCTGATAC-6,SERPINB3 high
CCTGCATAGTTGAATG-6,CXCL1 high
CCTGCATCACCGTGCA-6,Steady state
CCTGTTGGTCCCAAAT-6,KRT24 high
CCTTTGGGTACTCCGG-6,CXCL1 high
CGAAGGACAAGTCATC-6,SERPINB3 high
CGAATTGGTTTAGAGA-6,CXCL1 high
CGAATTGTCCATAAGC-6,SERPINB3 high
CGACAGCCAGTCAACT-6,SERPINB3 high
CGAGGCTGTTATCTGG-6,SERPINB3 high
CGAGTTACAATCCTAG-6,SERPINB3 high
CGATGCGCATTCTCTA-6,CXCL1 high
CGCCATTAGCTAAACA-6,CXCL1 high
CGGAATTCATCATCTT-6,Steady state
CGGAGAAAGCCTGTCG-6,SERPINB3 high
CGGGCATTCTTAGTTC-6,Inflamed
CGGGTCACAACATACC-6,Steady state
CGGGTCATCTGGGCCA-6,SERPINB3 high
CGTAGTAAGGTCCCTG-6,CXCL1 high
CGTCCATAGGCACAAC-6,SERPINB3 high
CGTTGGGAGGACATCG-6,Steady state
CTACAGAGTTAGGCTT-6,Steady state
CTACATTGTCACCTTC-6,CXCL1 high
CTACCTGTCCATTTGT-6,Inflamed
CTAGGTAGTAAGGCCA-6,Inflamed
CTCAACCAGTCATGCT-6,Inflamed
CTCAATTGTGACAGCA-6,SERPINB3 high
CTCACTGGTCATCCCT-6,Steady state
CTCAGTCTCGTGAGAG-6,CXCL1 high
CTCCAACCAAAGCTCT-6,SERPINB3 high
CTCCATGTCAACCTCC-6,CXCL1 high
CTCCCTCAGCTACGTT-6,CXCL1 high
CTCCTTTCAGCATACT-6,SERPINB3 high
CTCGAGGGTTCACGAT-6,KRT23 high
CTGCAGGGTACAAGTA-6,KRT23 high
CTGCCTATCGTCTACC-6,SERPINB3 high
CTGCTCACATTGTCGA-6,SERPINB3 high
CTGGTCTTCTTACCAT-6,Steady state
CTGTGAAGTATAGGAT-6,Steady state
CTGTGGGCATCGATCA-6,Steady state
CTTCTAAGTACGTACT-6,Inflamed
CTTCTAAGTCCTCATC-6,Steady state
CTTCTCTCACGGCTAC-6,SERPINB3 high
CTTCTCTGTCCATCTC-6,Steady state
CTTCTCTTCAACTTTC-6,SERPINB3 high
GAAGCCCTCACAGAGG-6,Inflamed
GAAGGACTCTGGCCTT-6,KRT23 high
GAAGTAAAGCCACCGT-6,Steady state
GAATCACTCTGACCCT-6,Steady state
GACCAATTCACCACAA-6,SERPINB3 high
GACCCTTCAAACTGCT-6,Steady state
GACGCTGTCCCAGCGA-6,Steady state
GACTATGAGCTGCGAA-6,CXCL1 high
GACTCAATCTGGGCCA-6,KRT24 high
GACTCTCCACCCTGTT-6,CXCL1 high
GACTCTCGTCTCTCCA-6,CXCL1 high
GAGGCCTGTCTGCAAT-6,Inflamed
GAGGGTACAGAACGCA-6,SERPINB3 high
GAGGGTATCCAAATGC-6,SERPINB3 high
GAGTTGTCAACTGCCG-6,Steady state
GATCAGTGTTTGGAGG-6,Steady state
GATGACTTCATTTCCA-6,Steady state
GCAACATAGATCCCAT-6,KRT23 high
GCAGCTGCAATAGAGT-6,SERPINB3 high
GCATGATGTCGATTCA-6,CXCL1 high
GCCAACGTCATGGATC-6,SERPINB3 high
GCCAGCAGTAGCGCTC-6,Steady state
GCCATGGAGATGAATC-6,SERPINB3 high
GCCGTGATCTCTGCCA-6,Steady state
GCGAGAAAGCTGAGTG-6,Steady state
GCGAGAACACTGGATT-6,Steady state
GCGAGAACAGGGAATC-6,Steady state
GCGAGAATCATTACGG-6,SERPINB3 high
GCGATCGGTAATGCTC-6,Steady state
GCGGATCAGCACTTTG-6,Inflamed
GCTACAAAGGTAACTA-6,CXCL1 high
GCTGGGTAGAGTCGAC-6,CXCL1 high
GCTTGGGTCTCGTCGT-6,KRT23 high
GGAATGGTCTTCGTGC-6,SERPINB3 high
GGAGATGTCGGACCAC-6,KRT24 high
GGCACGTAGTCGCCCA-6,Steady state
GGCACGTGTCTCGGGT-6,SERPINB3 high
GGCGTCATCCGATCTC-6,CXCL1 high
GGCTTGGCAAAGGGTC-6,Steady state
GGCTTGGGTAGGCAAC-6,Inflamed
GGCTTTCAGTTGCGAG-6,CXCL1 high
GGGACAAGTATCACCA-6,Steady state
GGGAGATGTATCTCGA-6,SERPINB3 high
GGGATCCTCTTCGCTG-6,Steady state
GGGCGTTTCAGTCATG-6,SERPINB3 high
GGGTATTAGCATTTCG-6,Steady state
GGGTTTAAGCAGTACG-6,Steady state
GGTAACTGTCAGACGA-6,KRT24 high
GGTCTGGTCTATTGTC-6,SERPINB3 high
GGTTAACCACCGGAAA-6,CXCL1 high
GTAACACCACTTTATC-6,Steady state
GTAAGTCGTTGCATTG-6,Steady state
GTAGATCCAGAGAATT-6,Steady state
GTAGGTTGTGAATAAC-6,Steady state
GTATTGGGTCGAGCAA-6,Steady state
GTCATGAGTATGTCAC-6,SERPINB3 high
GTCGAATTCTGCTAGA-6,KRT23 high
GTCGCGACATGGTACT-6,Steady state
GTCGTAACATGGCGCT-6,SERPINB3 high
GTCGTAAGTAGGCTCC-6,Steady state
GTGATGTAGGACATCG-6,Steady state
GTGCAGCTCATGTCAG-6,Steady state
GTGGCGTCAACCCGCA-6,Inflamed
GTGGTTATCAGAGCGA-6,KRT24 high
GTGTAACGTATCCTTT-6,SERPINB3 high
GTGTCCTAGACATCCT-6,SERPINB3 high
GTGTCCTCATGCCGAC-6,Steady state
GTGTTAGCACAATGAA-6,KRT23 high
GTTGCGGAGCGCTTCG-6,Steady state
GTTGTCCAGGACAGCT-6,Steady state
GTTGTGAAGTGTACCT-6,Steady state
GTTTACTGTTCGTACA-6,CXCL1 high
GTTTACTTCTCTATAC-6,SERPINB3 high
GTTTGGAGTGGTCCCA-6,SERPINB3 high
TAACTTCCAAGAGAGA-6,SERPINB3 high
TAACTTCCAAGGCCTC-6,SERPINB3 high
TAAGCCACAGTCACGC-6,KRT23 high
TAAGCGTGTTGGAGAC-6,Steady state
TAATCTCAGACGAAGA-6,SERPINB3 high
TACCCACGTTGAAGTA-6,SERPINB3 high
TACCGGGTCGACATTG-6,KRT23 high
TACGCTCTCTCAATCT-6,Steady state
TACGGGCAGCCTCATA-6,SERPINB3 high
TACGTCCGTCACTCGG-6,SERPINB3 high
TACTTCAAGCCGATTT-6,Steady state
TACTTGTCATCCGCGA-6,KRT24 high
TACTTGTTCTGTGTGA-6,SERPINB3 high
TAGACCATCTTGGCTC-6,SERPINB3 high
TAGGAGGCACCATTCC-6,CXCL1 high
TAGGGTTTCTGGTCAA-6,SERPINB3 high
TATACCTAGGGATCTG-6,Steady state
TATCTGTAGGTGCCTC-6,Steady state
TATGTTCAGCTCGACC-6,SERPINB3 high
TATGTTCCAACAACAA-6,CXCL1 high
TATGTTCTCCTTCTGG-6,Steady state
TATTCCAGTGTATTGC-6,KRT24 high
TATTTCGCAAGTACCT-6,Steady state
TCAAGTGTCTCGTTTA-6,SERPINB3 high
TCACAAGCAGGCATGA-6,SERPINB3 high
TCACAAGGTTCATCTT-6,Inflamed
TCACGGGAGAGGGTGG-6,SERPINB3 high
TCAGCCTTCGGCTCTT-6,Steady state
TCATACTTCATTACTC-6,CXCL1 high
TCATTACAGTCTTCGA-6,KRT24 high
TCCATGCGTGACTATC-6,CXCL1 high
TCCGAAAAGTGGGAAA-6,SERPINB3 high
TCCTAATTCCTACCGT-6,SERPINB3 high
TCCTTTCTCGTCACCT-6,CXCL1 high
TCGAAGTGTTGGTAGG-6,Steady state
TCGACGGCATGCGTGC-6,CXCL1 high
TCGCAGGCACGACAGA-6,Steady state
TCGCAGGTCTCTGCCA-6,CXCL1 high
TCGCTCATCCCTCTCC-6,SERPINB3 high
TCGGATAAGGTCATTC-6,SERPINB3 high
TCGGATATCCGACAGC-6,CXCL1 high
TCGGGACGTTGCCATA-6,SERPINB3 high
TCGGGCAGTGACAGGT-6,KRT24 high
TCTACATAGTTAGTGA-6,KRT23 high
TCTCCGACAGAACGCA-6,SERPINB3 high
TCTCTGGGTCTGATAC-6,KRT23 high
TCTGTCGCAAGGTTGG-6,Steady state
TCTTAGTAGTTTGAGA-6,Steady state
TCTTGCGAGCACTCCG-6,Steady state
TGAACGTAGCATTTGC-6,SERPINB3 high
TGACCCTCACGAGAAC-6,Steady state
TGAGACTCACGAAAGC-6,Steady state
TGAGCATCAGGACTTT-6,KRT23 high
TGAGGAGAGGGACAGG-6,CXCL1 high
TGAGGAGTCTGTAAGC-6,KRT24 high
TGAGGTTCAGTCGGTC-6,Steady state
TGCATCCGTAGTCGGA-6,KRT24 high
TGCGGCATCCTACGAA-6,Steady state
TGCGGGTCAGGTAGTG-6,KRT24 high
TGCTTGCAGTGTCATC-6,KRT23 high
TGGAGGATCTGAGAAA-6,CXCL1 high
TGGATCATCTCTGGTC-6,Steady state
TGGGAAGAGTATGAAC-6,Steady state
TGGGATTTCGAAGAAT-6,CXCL1 high
TGGTGATCACAACATC-6,SERPINB3 high
TGGTTAGGTGATGTAA-6,Steady state
TGTGGCGGTGGATCAG-6,SERPINB3 high
TGTGTGATCTTGCGCT-6,CXCL1 high
TGTTCCGAGACAACAT-6,CXCL1 high
TGTTCCGGTTCCGCTT-6,KRT24 high
TGTTGGACAGGTGTGA-6,CXCL1 high
TGTTTGTAGATTCGAA-6,SERPINB3 high
TTAATCCGTTGTCCCT-6,KRT24 high
TTATTGCAGCAACAAT-6,SERPINB3 high
TTCAATCTCCGCCTAT-6,SERPINB3 high
TTCATTGCAGGCACAA-6,KRT24 high
TTCCACGCAACATCGT-6,Steady state
TTCCGGTAGGAAGTCC-6,KRT24 high
TTCCGGTGTCATACCA-6,Steady state
TTCCGTGCATACGCAT-6,CXCL1 high
TTCGGTCGTCATCGCG-6,Steady state
TTCTAACCAATTGAGA-6,SERPINB3 high
TTCTCTCGTGCAACGA-6,CXCL1 high
TTCTCTCTCACGGACC-6,SERPINB3 high
TTCTTCCGTAGATTAG-6,KRT24 high
TTCTTCCGTAGCGCTC-6,Steady state
TTCTTCCGTGCCGAAA-6,SERPINB3 high
TTGCTGCCACGTCTCT-6,Steady state
TTGCTGCGTGGGTTGA-6,Inflamed
TTGTTGTTCTAGACAC-6,CXCL1 high
TTGTTTGCATCATGAC-6,SERPINB3 high
TTTACCACACTAGAGG-6,SERPINB3 high
TTTCACAGTCTGTAGT-6,KRT24 high
TTTCATGTCTGCGATA-6,SERPINB3 high
TTTGATCCATACAGAA-6,CXCL1 high
