barcode,Ciliated_subcluster
AAAGGGCAGATGGGCT-1,Immature
AAATGGAGTACCGGCT-1,Inflamed IFN-λ−
AAATGGAGTAGCTCGC-1,Inflamed IFN-λ−
AACAAAGCAAGAGATT-1,Immature
AACAACCTCCCTCGAT-1,Inflamed IFN-λ−
AACAAGACATGACGGA-1,Immature
AACCAACAGTAATACG-1,Inflamed IFN-λ−
AACCATGCAAATCGTC-1,Steady state
AACGAAAGTGACTATC-1,Inflamed IFN-λ+
AACGAAATCTGCTTTA-1,Steady state
AAGCCATTCATTCACT-1,Inflamed IFN-λ+
AAGCGAGGTCCGGTCA-1,Inflamed IFN-λ−
AAGCGTTAGCATGGGT-1,Immature
AAGCGTTGTGGTAATA-1,Inflamed IFN-λ+
AAGTACCTCCTATTTG-1,Inflamed IFN-λ+
AAGTCGTGTCACGCTG-1,Inflamed IFN-λ−
AAGTGAAAGTCAGCGA-1,Immature
AATAGAGCATGCCATA-1,Inflamed IFN-λ+
AATCGTGTCGAGAAAT-1,Inflamed IFN-λ+
AATGCCAAGGTTAAAC-1,Steady state
AATGCCACACCAGGTC-1,Inflamed IFN-λ+
ACACCAAGTAGCGTTT-1,Inflamed IFN-λ−
ACAGAAAAGTCCTGCG-1,Inflamed IFN-λ+
ACATCGACAGGCTCTG-1,Immature
ACATCGAGTAGTCCTA-1,Immature
ACCATTTAGTTACGGG-1,Inflamed IFN-λ−
ACCTGTCAGTTGCCTA-1,Inflamed IFN-λ−
ACGATGTCAATGAGCG-1,Immature
ACGGAAGGTGAACCGA-1,Inflamed IFN-λ−
ACGGTCGCAATCCTAG-1,Steady state
ACGTAACAGTGATAAC-1,Inflamed IFN-λ−
ACGTAACCATCCGTTC-1,Inflamed IFN-λ−
ACGTAACGTATTAAGG-1,Inflamed IFN-λ+
ACTACGAAGGTGGGTT-1,Inflamed IFN-λ−
ACTATCTCATGGAAGC-1,Inflamed IFN-λ−
ACTATCTGTGTTGACT-1,Inflamed IFN-λ+
ACTATTCGTTTGTTCT-1,Inflamed IFN-λ+
ACTGATGCAATCTGCA-1,Inflamed IFN-λ−
ACTGATGGTCACCACG-1,Steady state
ACTGCAAAGCTGACAG-1,Inflamed IFN-λ+
ACTGCAACAGAGTCAG-1,Inflamed IFN-λ+
ACTTAGGAGCCTCACG-1,Immature
ACTTTCAAGACAGCGT-1,Inflamed IFN-λ+
AGAACAAAGCCTGTGC-1,Steady state
AGAAGTAGTGGCGTAA-1,Steady state
AGACAAATCTCTCTTC-1,Inflamed IFN-λ−
AGACACTTCCTAACAG-1,Inflamed IFN-λ+
AGACCCGGTCCGACGT-1,Immature
AGATAGAAGCACGTCC-1,Inflamed IFN-λ+
AGATAGATCTACCAGA-1,Inflamed IFN-λ+
AGATGAAGTAGTCCTA-1,Steady state
AGCCAATAGTTGCTCA-1,Inflamed IFN-λ−
AGCTTCCCAACTGGTT-1,Inflamed IFN-λ+
AGGACGAAGGTCGTAG-1,Inflamed IFN-λ−
AGGACGACAAATGGCG-1,Steady state
AGGACGAGTAGGAGGG-1,Immature
AGGACTTTCAACCCGG-1,Steady state
AGGACTTTCGAGTTGT-1,Steady state
AGGACTTTCGGACAAG-1,Inflamed IFN-λ−
AGGCATTTCCATTTGT-1,Inflamed IFN-λ−
AGGGTTTAGAAACCCG-1,Inflamed IFN-λ+
AGGTCATTCCCGTGTT-1,Inflamed IFN-λ−
AGGTCTAGTTCAGCGC-1,Steady state
AGTAACCCACCAACAT-1,Steady state
AGTAGCTGTGATATAG-1,Steady state
AGTAGCTGTGGCATCC-1,Inflamed IFN-λ−
AGTCACACAATCGTCA-1,Inflamed IFN-λ+
AGTCTCCGTTGTAGCT-1,Immature
AGTGCCGCAGATACTC-1,Inflamed IFN-λ−
AGTGCCGTCCAGCAAT-1,Inflamed IFN-λ−
AGTTAGCAGTGTACAA-1,Steady state
AGTTCCCAGATGAACT-1,Immature
AGTTCCCGTGCGTCGT-1,Immature
ATCATTCCAACCTATG-1,Inflamed IFN-λ−
ATCATTCCAAGAATGT-1,Steady state
ATCCATTTCGATCCAA-1,Inflamed IFN-λ−
ATCCTATCATCGATAC-1,Inflamed IFN-λ+
ATCGCCTTCTCCCATG-1,Steady state
ATCGTCCGTGACGCCT-1,Inflamed IFN-λ−
ATCGTGACAGTGGTGA-1,Inflamed IFN-λ−
ATCTCTAGTAACATGA-1,Inflamed IFN-λ+
ATCTTCAGTCATAACC-1,Immature
ATGATCGTCGGAAACG-1,Inflamed IFN-λ−
ATGCATGCAGTCCCGA-1,Steady state
ATGGATCAGCCTGCCA-1,Steady state
ATGGGTTTCTGAACGT-1,Inflamed IFN-λ−
ATGTCCCTCAACGAGG-1,Inflamed IFN-λ−
ATGTCTTCATGCGGTC-1,Inflamed IFN-λ−
ATTCACTTCAAGGAGC-1,Inflamed IFN-λ+
ATTCAGGCATTCTGTT-1,Inflamed IFN-λ−
ATTCATCAGTCTTCCC-1,Inflamed IFN-λ+
ATTCCTAGTAACACCT-1,Inflamed IFN-λ+
ATTCCTATCAACTCTT-1,Immature
ATTCGTTGTTTCACAG-1,Immature
ATTCTTGAGCTGCCTG-1,Immature
ATTGGGTAGCAGCGAT-1,Steady state
ATTGGGTTCACTTCTA-1,Inflamed IFN-λ−
CAAAGAAGTCACGCTG-1,Inflamed IFN-λ−
CAACAGTAGCTCGGCT-1,Steady state
CAACAGTGTTACACTG-1,Immature
CAACCAATCGTTCCCA-1,Inflamed IFN-λ−
CAACCTCCACCTATCC-1,Immature
CAAGCTAAGTTCATCG-1,Inflamed IFN-λ−
CAATACGAGCCTAACT-1,Steady state
CAATCGACAATTGGTC-1,Inflamed IFN-λ−
CAATGACTCACCTGTC-1,Inflamed IFN-λ+
CAATTTCGTCCTCCTA-1,Inflamed IFN-λ−
CACAACACATGTACGT-1,Inflamed IFN-λ+
CACACAATCACCTGTC-1,Inflamed IFN-λ+
CACATGACATCTCAAG-1,Steady state
CACCAAATCTTTGGAG-1,Immature
CACTGGGCATGCTGCG-1,Inflamed IFN-λ+
CACTGGGGTTTACCTT-1,Inflamed IFN-λ+
CACTTCGTCGCAGTTA-1,Inflamed IFN-λ−
CAGCAGCAGGAGGGTG-1,Immature
CAGTGCGGTCTTCTAT-1,Inflamed IFN-λ−
CATACTTTCGCTTACC-1,Inflamed IFN-λ−
CATAGACTCTCCTACG-1,Inflamed IFN-λ+
CATCAAGTCTGGAAGG-1,Inflamed IFN-λ+
CATCCACAGGGCTGAT-1,Steady state
CATCCACCACTAAACC-1,Steady state
CATCGGGTCGCTTAAG-1,Steady state
CATGCCTCACGAAGAC-1,Inflamed IFN-λ+
CATGCGGTCATGGATC-1,Inflamed IFN-λ+
CATGGATGTAGGTAGC-1,Inflamed IFN-λ+
CATGGTAGTCTCGACG-1,Inflamed IFN-λ−
CATTGAGAGTACTGGG-1,Immature
CATTGCCCAGCACAAG-1,Inflamed IFN-λ+
CATTGTTGTACCTATG-1,Steady state
CCAAGCGTCTCCCTAG-1,Steady state
CCACGAGCAATCGAAA-1,Inflamed IFN-λ−
CCATAAGTCCATCTCG-1,Inflamed IFN-λ+
CCATCACGTATCACCA-1,Inflamed IFN-λ+
CCCAACTTCGAGCTGC-1,Inflamed IFN-λ+
CCCGAAGTCCAATCTT-1,Inflamed IFN-λ+
CCCTCAAGTCCCGGTA-1,Steady state
CCCTCTCAGCAAGCCA-1,Inflamed IFN-λ+
CCCTGATCACAGCATT-1,Inflamed IFN-λ+
CCGATGGGTCCTGGTG-1,Inflamed IFN-λ−
CCGCAAGCATCGCTGG-1,Steady state
CCGCAAGGTTCGTTCC-1,Steady state
CCGGACAAGAAGATCT-1,Inflamed IFN-λ−
CCGGGTAGTTTAAGGA-1,Inflamed IFN-λ+
CCGGTGAAGATCGCTT-1,Steady state
CCGGTGATCTTCGGAA-1,Inflamed IFN-λ−
CCGTGAGTCGCTAGCG-1,Inflamed IFN-λ−
CCTAACCAGTCTTCCC-1,Steady state
CCTCATGCACGTACTA-1,Inflamed IFN-λ+
CCTCTAGTCGAAGAAT-1,Steady state
CCTCTCCGTGGCATCC-1,Steady state
CCTTCAGGTGAGAGGG-1,Inflamed IFN-λ−
CCTTTGGTCGATGCTA-1,Inflamed IFN-λ+
CGAAGGATCGAATCCA-1,Steady state
CGAAGTTCAGCAGGAT-1,Inflamed IFN-λ−
CGAATTGTCGGTTAGT-1,Steady state
CGAGGAATCGTTCTGC-1,Steady state
CGAGTGCGTGTTCCAA-1,Inflamed IFN-λ−
CGAGTTAGTCGTACAT-1,Inflamed IFN-λ+
CGAGTTATCGTTCAGA-1,Inflamed IFN-λ−
CGATGGCTCGACACCG-1,Steady state
CGCAGGTAGTCATCGT-1,Immature
CGCATAAGTCTTACTT-1,Steady state
CGCCAGAGTGAATTGA-1,Steady state
CGCGTGAGTAACGATA-1,Inflamed IFN-λ+
CGGAATTGTAGATTGA-1,Inflamed IFN-λ−
CGGGACTGTCCGGCAT-1,Immature
CGGGCATAGGAGGCAG-1,Steady state
CGGGTCACAACTGCTA-1,Inflamed IFN-λ−
CGGGTCACATGGTACT-1,Immature
CGTAGTAGTAGAATAC-1,Inflamed IFN-λ−
CTAACCCAGGTTCTAC-1,Inflamed IFN-λ+
CTAACCCTCACTACTT-1,Immature
CTACATTAGTGTACCT-1,Inflamed IFN-λ−
CTACTATTCTGCGGCA-1,Steady state
CTAGACACAAGTTCGT-1,Inflamed IFN-λ−
CTAGACATCTCGTCGT-1,Inflamed IFN-λ−
CTAGGTACAGAGTAAT-1,Inflamed IFN-λ−
CTATCCGGTTCCCACT-1,Steady state
CTCAACCTCCCTGTTG-1,Steady state
CTCATTAGTATAATGG-1,Steady state
CTCCAACCAGCAGTGA-1,Inflamed IFN-λ−
CTCCAACTCAGCACCG-1,Inflamed IFN-λ+
CTCCACACAGCCGTTG-1,Inflamed IFN-λ−
CTCCCAAGTTACGTAC-1,Steady state
CTCCCTCGTGGTATGG-1,Inflamed IFN-λ−
CTCGAGGCATTGAAGA-1,Immature
CTGCCATCAAGCAATA-1,Inflamed IFN-λ+
CTGCCTACATTGAAGA-1,Immature
CTGCGAGCAATGGGTG-1,Inflamed IFN-λ+
CTGGACGCAATCCAGT-1,Inflamed IFN-λ−
CTGGTCTCACGGTGTC-1,Immature
CTGGTCTCATGGAATA-1,Steady state
CTGTCGTCACATTACG-1,Immature
CTGTCGTTCTGAATCG-1,Inflamed IFN-λ+
CTTCCGAAGCACCTGC-1,Inflamed IFN-λ−
CTTCCGAGTAGACGGT-1,Inflamed IFN-λ+
CTTCCTTCATGACGGA-1,Inflamed IFN-λ+
CTTGATTGTAGCGCTC-1,Immature
CTTTCAAAGAAATCCA-1,Inflamed IFN-λ+
GAAACCTGTGAGTTTC-1,Inflamed IFN-λ−
GAAGTAACATACAGGG-1,Steady state
GAATCACCATTCCTAT-1,Immature
GAATCACGTCTACAAC-1,Immature
GACACGCTCCGATAGT-1,Immature
GACATCACAGCTACCG-1,Steady state
GACCCAGCAGACCCGT-1,Steady state
GACCGTGTCTACGGGC-1,Inflamed IFN-λ−
GACCTTCAGATGACAT-1,Inflamed IFN-λ+
GACCTTCCATAGTCAC-1,Steady state
GACGTTAAGTAACCGG-1,Inflamed IFN-λ+
GACTTCCAGATCACCT-1,Inflamed IFN-λ−
GAGACCCAGCGACTAG-1,Inflamed IFN-λ−
GAGCCTGCACTCCTTG-1,Inflamed IFN-λ−
GAGCCTGGTGTTCATG-1,Immature
GAGCTGCAGGACGCTA-1,Inflamed IFN-λ−
GAGGCAACACCTGCGA-1,Inflamed IFN-λ+
GAGGCAAGTAACCAGG-1,Inflamed IFN-λ−
GAGGCCTAGCTGAAGC-1,Immature
GAGGCCTGTATCATGC-1,Inflamed IFN-λ−
GAGTGAGTCCCATACC-1,Steady state
GAGTTGTCACTGGCCA-1,Immature
GAGTTGTTCACCTTAT-1,Inflamed IFN-λ+
GAGTTGTTCTGCACCT-1,Inflamed IFN-λ−
GATCAGTAGCATGCGA-1,Steady state
GATCATGGTGTAAATG-1,Inflamed IFN-λ+
GATCGTAGTCCTGAAT-1,Inflamed IFN-λ−
GATGCTAAGTATTAGG-1,Immature
GATGGAGAGTGAATAC-1,Inflamed IFN-λ+
GATGTTGCAGCACACC-1,Inflamed IFN-λ−
GATTGGTGTACAGGTG-1,Immature
GATTTCTTCGTGGACC-1,Inflamed IFN-λ−
GCAACATGTCACTACA-1,Inflamed IFN-λ−
GCACGGTGTTGTGTTG-1,Inflamed IFN-λ+
GCACGTGCATCGCTAA-1,Inflamed IFN-λ−
GCACTAAGTACTCGTA-1,Immature
GCAGTTACAACTGGTT-1,Inflamed IFN-λ−
GCAGTTAGTCCAATCA-1,Inflamed IFN-λ−
GCATTAGTCTTCCTAA-1,Steady state
GCCAGGTAGGTAGCAC-1,Inflamed IFN-λ+
GCCAGGTTCTGGTGGC-1,Inflamed IFN-λ−
GCCAGTGAGACCATGG-1,Steady state
GCCAGTGTCATTACTC-1,Inflamed IFN-λ−
GCCCAGAAGCTGGTGA-1,Inflamed IFN-λ+
GCCCGAAGTCTGTAGT-1,Immature
GCCGTGAGTTCCTAAG-1,Inflamed IFN-λ−
GCGGAAACAAAGCTAA-1,Inflamed IFN-λ+
GCGGAAATCGGAACTT-1,Inflamed IFN-λ−
GCGGATCGTTACCCTC-1,Inflamed IFN-λ−
GCGGATCGTTTAAGGA-1,Inflamed IFN-λ−
GCTACAAAGCTTACGT-1,Immature
GCTACAAGTCATCCGG-1,Inflamed IFN-λ−
GCTGCAGAGTTTCTTC-1,Inflamed IFN-λ+
GCTTCACGTTCCTACC-1,Inflamed IFN-λ+
GGAATGGTCCGGTTCT-1,Inflamed IFN-λ−
GGACGTCTCCCGTTCA-1,Immature
GGATCTACACAGCGCT-1,Inflamed IFN-λ−
GGCACGTAGCGACATG-1,Steady state
GGGAAGTTCTTCACAT-1,Inflamed IFN-λ+
GGGACAAGTTTAGAGA-1,Inflamed IFN-λ+
GGGACCTCAGGAATAT-1,Immature
GGGAGATCATCCTAAG-1,Inflamed IFN-λ−
GGGAGTAGTGGCCACT-1,Steady state
GGGATCCTCGTCGGGT-1,Steady state
GGGCCATTCGATGCTA-1,Inflamed IFN-λ−
GGGCGTTCAGCAATTC-1,Immature
GGGCTCAGTTGACTAC-1,Inflamed IFN-λ−
GGGTGAAAGGTCCAGA-1,Steady state
GGTAGAGGTGTCCGGT-1,Inflamed IFN-λ+
GGTAGAGGTTGGTACT-1,Inflamed IFN-λ−
GGTCTGGCATTGTGCA-1,Immature
GGTCTGGGTTCATCGA-1,Inflamed IFN-λ+
GGTGATTTCCTATTGT-1,Steady state
GTAGAAAGTCGGTAAG-1,Immature
GTAGAGGTCAGGTGTT-1,Inflamed IFN-λ+
GTAGCTATCTATCGCC-1,Inflamed IFN-λ+
GTAGGTTAGCAGATAT-1,Inflamed IFN-λ+
GTCAAGTGTCGTCATA-1,Inflamed IFN-λ−
GTCATCCGTTGCATCA-1,Steady state
GTCATTTGTATAATGG-1,Immature
GTCCCATCAGCGAACA-1,Inflamed IFN-λ−
GTCCCATGTCATCCCT-1,Inflamed IFN-λ+
GTCCTCAGTGCCAAGA-1,Immature
GTCCTCATCAAGATAG-1,Steady state
GTCTACCTCACCCTGT-1,Immature
GTCTAGACATGACTTG-1,Immature
GTCTAGAGTCGATTAC-1,Immature
GTCTAGATCAATCCAG-1,Inflamed IFN-λ+
GTCTCACCACAACGCC-1,Inflamed IFN-λ+
GTGACGCTCAGCTGAT-1,Steady state
GTGAGCCCAAGTTGGG-1,Inflamed IFN-λ+
GTGAGTTTCTACCACC-1,Inflamed IFN-λ+
GTGAGTTTCTGACGCG-1,Inflamed IFN-λ+
GTGCACGTCCGTTGGG-1,Inflamed IFN-λ−
GTGCAGCCAGCCGTTG-1,Inflamed IFN-λ+
GTGGAAGCACTTGAAC-1,Steady state
GTGGAGACAACACTAC-1,Steady state
GTGGCGTGTGACAGCA-1,Steady state
GTGTAACGTCCACGCA-1,Inflamed IFN-λ+
GTGTCCTCACTTCATT-1,Inflamed IFN-λ+
GTGTCCTGTTCTCTAT-1,Steady state
GTGTGATAGGCATGCA-1,Immature
GTGTGGCTCGGTATGT-1,Steady state
GTTACCCCAGGAGGAG-1,Steady state
GTTCTATAGGAAGTAG-1,Steady state
GTTTGGAGTTCCTAGA-1,Inflamed IFN-λ+
TAACACGTCCGTGTAA-1,Inflamed IFN-λ+
TAACGACGTCAATCTG-1,Inflamed IFN-λ−
TAACTTCTCGAATGCT-1,Immature
TAAGCGTAGGACAACC-1,Immature
TAATCTCTCGGCATAT-1,Inflamed IFN-λ+
TAATTCCAGGTGCATG-1,Inflamed IFN-λ+
TACAACGGTTGGGTTT-1,Inflamed IFN-λ+
TACCCACTCAAGCCCG-1,Immature
TACCCGTTCTGCTTAT-1,Inflamed IFN-λ−
TACCGAAAGCGTCTGC-1,Inflamed IFN-λ−
TACCGGGAGTCATAGA-1,Inflamed IFN-λ−
TACCTCGCAGGACGAT-1,Inflamed IFN-λ−
TACGGTATCTCGTGAA-1,Steady state
TAGACTGGTCCGAAGA-1,Immature
TAGCACACAGGGAATC-1,Inflamed IFN-λ−
TAGGAGGTCCGTCACT-1,Inflamed IFN-λ−
TAGGTACCATATCGGT-1,Steady state
TATACCTGTTATTCCT-1,Immature
TATATCCTCCTTTGAT-1,Steady state
TATCAGGCAGAGATTA-1,Immature
TATCGCCTCCAACCGG-1,Inflamed IFN-λ−
TATCTTGAGAGCAGTC-1,Immature
TATCTTGAGGTTCACT-1,Steady state
TATTGCTCAATAACCC-1,Immature
TATTGCTGTCATCTAG-1,Immature
TCAAGACCATGTGCCG-1,Inflamed IFN-λ+
TCAATCTGTCAACCTA-1,Inflamed IFN-λ+
TCAATCTGTCACTCTC-1,Immature
TCACAAGAGCTCAGAG-1,Steady state
TCAGGTATCTAAGCCA-1,Steady state
TCAGTCCGTCTCAAGT-1,Inflamed IFN-λ−
TCATCCGCATCAGTCA-1,Steady state
TCATGGAGTCACAGAG-1,Inflamed IFN-λ−
TCATTGTTCGTAACCA-1,Immature
TCCACGTGTCGCACAC-1,Inflamed IFN-λ+
TCCATGCAGGCGTTGA-1,Inflamed IFN-λ−
TCCATGCCAATGAAAC-1,Immature
TCCGTGTCAAAGGCAC-1,Inflamed IFN-λ−
TCCGTGTGTTACCTGA-1,Inflamed IFN-λ−
TCCTAATAGCTGCCTG-1,Steady state
TCCTCCCCAAGACAAT-1,Immature
TCCTGCAGTATCATGC-1,Immature
TCGACCTAGAGAGGTA-1,Inflamed IFN-λ+
TCGACCTTCGGCATAT-1,Inflamed IFN-λ−
TCGACGGGTCTCACGG-1,Inflamed IFN-λ+
TCGGATACACGAAAGC-1,Inflamed IFN-λ+
TCGGATAGTCTGCGCA-1,Inflamed IFN-λ+
TCGTGCTGTGCCCACA-1,Steady state
TCTACATAGTAACGAT-1,Inflamed IFN-λ−
TCTACATGTAGCTAAA-1,Inflamed IFN-λ−
TCTACCGGTTACACTG-1,Steady state
TCTACCGTCCCATAAG-1,Inflamed IFN-λ−
TCTTCCTCATCCTTGC-1,Inflamed IFN-λ+
TGAGACTAGGTGGCTA-1,Steady state
TGAGACTCATGCACTA-1,Inflamed IFN-λ+
TGAGCATGTTGTGGAG-1,Inflamed IFN-λ+
TGATCTTTCCCTCAAC-1,Inflamed IFN-λ+
TGCAGATAGCGAGTAC-1,Immature
TGCAGATAGTGTAGTA-1,Inflamed IFN-λ+
TGCAGATGTCAATCTG-1,Inflamed IFN-λ−
TGCAGATTCTACACAG-1,Immature
TGCATCCGTCCTGTCT-1,Immature
TGCATCCGTGATTCTG-1,Inflamed IFN-λ−
TGCGGCACATTGAAAG-1,Inflamed IFN-λ−
TGCTCCAAGCGACTTT-1,Inflamed IFN-λ+
TGCTCCATCTTCTTCC-1,Immature
TGCTCGTGTCGGTGAA-1,Immature
TGCTCGTTCCTACCGT-1,Inflamed IFN-λ+
TGCTCGTTCTTAGCTT-1,Inflamed IFN-λ−
TGCTGAACAACCGTAT-1,Steady state
TGCTTGCCAGACCATT-1,Inflamed IFN-λ−
TGGAACTCACCTTCCA-1,Inflamed IFN-λ+
TGGAGGAAGAGCAGAA-1,Immature
TGGAGGAAGCTGTGCC-1,Steady state
TGGATCATCTGCAGCG-1,Steady state
TGGCGTGAGTCTAGCT-1,Steady state
TGGCGTGCAAATACAG-1,Immature
TGGGAAGGTAAGATTG-1,Inflamed IFN-λ+
TGGGAAGGTATGGTAA-1,Inflamed IFN-λ−
TGTGAGTAGACGAAGA-1,Inflamed IFN-λ+
TGTGATGAGAGGACTC-1,Inflamed IFN-λ+
TGTGGCGAGGCGAAGG-1,Inflamed IFN-λ−
TGTGGCGCACATACGT-1,Inflamed IFN-λ−
TGTGTGATCGGCTGAC-1,Inflamed IFN-λ+
TGTTCTACAGCACAAG-1,Steady state
TTACCATAGATCGACG-1,Inflamed IFN-λ−
TTACCGCCAAGAATGT-1,Inflamed IFN-λ+
TTACCGCGTGTTCCTC-1,Inflamed IFN-λ+
TTAGTCTAGACCGCCT-1,Inflamed IFN-λ−
TTCAATCCAAGGTCTT-1,Steady state
TTCAATCGTAACTAAG-1,Inflamed IFN-λ−
TTCATTGAGGGTTGCA-1,Immature
TTCCAATTCCATCTAT-1,Steady state
TTCCGTGAGGGCTGAT-1,Immature
TTCCTCTCAGACCGCT-1,Inflamed IFN-λ−
TTCCTTCTCCCGTGTT-1,Inflamed IFN-λ+
TTCTAGTAGTAAGCAT-1,Steady state
TTCTAGTGTTAAGCAA-1,Steady state
TTCTAGTTCCGCGATG-1,Steady state
TTCTGTACATCACAGT-1,Inflamed IFN-λ−
TTCTTGACACCAACAT-1,Inflamed IFN-λ+
TTCTTGAGTTTACTGG-1,Steady state
TTGAACGAGTCATCCA-1,Steady state
TTGAGTGTCAGACCTA-1,Immature
TTGATGGTCGTTGTGA-1,Inflamed IFN-λ+
TTGGATGCAGTCGGAA-1,Immature
TTGGATGTCGGCATCG-1,Inflamed IFN-λ−
TTGGGCGAGGCTTCCG-1,Inflamed IFN-λ−
TTGGGTACACAGTACT-1,Inflamed IFN-λ−
TTGGGTAGTACGCTAT-1,Inflamed IFN-λ−
TTGTGGAGTCTGTTAG-1,Inflamed IFN-λ−
TTGTGGAGTGACGTCC-1,Immature
TTGTTCAGTTTACACG-1,Immature
TTTACCATCCAGTACA-1,Inflamed IFN-λ+
TTTCACAGTTGGAGGT-1,Immature
TTTCGATTCCTTCTAA-1,Inflamed IFN-λ+
TTTGACTAGCATAGGC-1,Steady state
AAAGGATGTTACCGTA-2,Steady state
AAAGGTAAGGGTACGT-2,Immature
AAAGGTACAGCGGTCT-2,Steady state
AAAGTCCAGCGTCGAA-2,Inflamed IFN-λ−
AAAGTGAGTGGCACTC-2,Steady state
AAAGTGATCACGATCA-2,Steady state
AACAAGATCAGTCCGG-2,Steady state
AACACACGTTAGGCCC-2,Steady state
AACAGGGAGAGAGCCT-2,Steady state
AACAGGGTCAGTGTGT-2,Inflamed IFN-λ+
AACCAACCAAATAGCA-2,Inflamed IFN-λ−
AACCACAGTTATCTTC-2,Inflamed IFN-λ+
AACGAAATCCCTTTGG-2,Steady state
AACGAAATCTAGTTCT-2,Immature
AACGTCATCGACGCTG-2,Steady state
AACTTCTCAATCAAGA-2,Steady state
AACTTCTTCTGCTGAA-2,Immature
AAGACAATCTCCATAT-2,Immature
AAGACTCAGGAAAGGT-2,Steady state
AAGATAGAGGTAAGGA-2,Immature
AAGATAGTCAACCCGG-2,Steady state
AAGCGTTAGGAATGTT-2,Inflamed IFN-λ−
AAGCGTTGTCATCGGC-2,Steady state
AAGGTAAAGCTCCGAC-2,Immature
AAGTACCCACGCACCA-2,Immature
AAGTGAATCATCGGGC-2,Immature
AAGTGAATCGGATACT-2,Steady state
AAGTTCGTCTGGGCAC-2,Immature
AATAGAGCATGCAGCC-2,Steady state
AATAGAGGTAAGTAGT-2,Steady state
AATCACGCAGATTCGT-2,Steady state
AATCGACGTCAACACT-2,Immature
AATCGACGTGCCGAAA-2,Steady state
AATGAAGGTTTGGGAG-2,Steady state
AATGGAAGTTCAACGT-2,Steady state
AATGGCTGTGCAACGA-2,Inflamed IFN-λ−
AATTTCCTCTGGTTGA-2,Steady state
ACACAGTTCATATGGC-2,Steady state
ACACCAAAGTGAGGTC-2,Steady state
ACACTGATCAGACCGC-2,Steady state
ACAGAAAAGCAACAAT-2,Steady state
ACAGGGACAGGCCCTA-2,Steady state
ACATCGACACTAACCA-2,Steady state
ACATCGACAGACAAGC-2,Immature
ACATCGATCCAAGAGG-2,Steady state
ACATGCACACGTATAC-2,Steady state
ACCAACAAGATGTTCC-2,Immature
ACCACAAAGCTCAGAG-2,Steady state
ACCATTTAGCTCTATG-2,Steady state
ACCGTTCTCGGCACTG-2,Inflamed IFN-λ−
ACCTACCCAAGAGGTC-2,Inflamed IFN-λ−
ACCTGTCAGCCTCTGG-2,Inflamed IFN-λ−
ACCTGTCCAGGCGATA-2,Steady state
ACGATGTCAACCTAAC-2,Steady state
ACGCACGGTTGCGGCT-2,Steady state
ACGGTCGCAGCCTACG-2,Steady state
ACGTAACCACAGAGCA-2,Steady state
ACGTAACGTCTAATCG-2,Steady state
ACGTACACACCGTCTT-2,Immature
ACGTTCCCAGTTGTTG-2,Steady state
ACGTTCCTCAACTTTC-2,Immature
ACTATCTTCCACTAGA-2,Steady state
ACTATGGGTAACCAGG-2,Inflamed IFN-λ−
ACTGCAAAGCCTGAGA-2,Inflamed IFN-λ−
ACTTCGCTCACCCATC-2,Steady state
ACTTTCACAGAACTCT-2,Immature
ACTTTGTTCGGCATCG-2,Steady state
AGAAATGCATCTTTCA-2,Steady state
AGAACCTAGCAGGCAT-2,Steady state
AGACACTAGCTACAAA-2,Inflamed IFN-λ−
AGACAGGCAGCAATTC-2,Immature
AGACCCGAGGAGAATG-2,Steady state
AGACTCACACGCTGCA-2,Inflamed IFN-λ+
AGAGAATAGCTAGCCC-2,Immature
AGAGAATCACAAGGTG-2,Steady state
AGAGAATCATACAGGG-2,Steady state
AGAGCAGCAAACCATC-2,Inflamed IFN-λ+
AGAGCAGCATAGGAGC-2,Inflamed IFN-λ−
AGATAGAGTACAGCGA-2,Steady state
AGATCGTAGAAACACT-2,Inflamed IFN-λ−
AGATGCTAGAGAATCT-2,Steady state
AGATGCTGTATTAAGG-2,Steady state
AGATGCTTCCCTCGAT-2,Steady state
AGCATCACAATAGTAG-2,Immature
AGCTACAGTAATGCGG-2,Steady state
AGCTCAATCGACCATA-2,Steady state
AGCTTCCCACATTCTT-2,Steady state
AGGAATAAGAAGGGAT-2,Steady state
AGGACGATCTACGGTA-2,Inflamed IFN-λ−
AGGACTTGTTAGAAGT-2,Inflamed IFN-λ−
AGGACTTTCCGAAATC-2,Steady state
AGGCATTAGTGGAAAG-2,Immature
AGGCATTGTTCCGCGA-2,Steady state
AGGCCACTCCTCGATC-2,Inflamed IFN-λ−
AGGGAGTAGTACTGTC-2,Steady state
AGGGAGTGTCTGCATA-2,Steady state
AGGGCTCCAGGTGGAT-2,Steady state
AGGGTGAAGCACGATG-2,Immature
AGGGTTTGTCTAACTG-2,Steady state
AGGTCATAGGCACAAC-2,Steady state
AGGTCTAAGATCCTAC-2,Steady state
AGGTCTATCACGGGCT-2,Steady state
AGGTTGTCACTACTTT-2,Steady state
AGTAGCTTCCGATCGG-2,Steady state
AGTAGTCAGCTTGTTG-2,Steady state
AGTCAACAGTTACGGG-2,Inflamed IFN-λ−
AGTCACAGTCCGACGT-2,Steady state
AGTCTCCAGCTTAAGA-2,Steady state
AGTGATCCAGCATGCC-2,Immature
AGTGATCGTTTACCTT-2,Steady state
ATACCTTAGAATTGTG-2,Steady state
ATACTTCAGCAACAGC-2,Steady state
ATACTTCAGGTAGCCA-2,Steady state
ATACTTCCACTGAGTT-2,Immature
ATATCCTTCATCCTAT-2,Steady state
ATCACGAGTTCCACGG-2,Steady state
ATCATTCTCAGCGGAA-2,Steady state
ATCCACCTCGGAGTGA-2,Steady state
ATCCATTCAATTGAAG-2,Steady state
ATCCCTGTCGATAACC-2,Steady state
ATCCGTCTCTTAGTTC-2,Immature
ATCCTATCATCGATGT-2,Steady state
ATCCTATTCTTGCAAG-2,Steady state
ATCGATGAGTGTTGAA-2,Steady state
ATCGCCTAGCTCCACG-2,Steady state
ATCGGATAGGATATAC-2,Steady state
ATCGGCGAGATGAATC-2,Steady state
ATCGTAGGTCCGCAGT-2,Steady state
ATCGTAGTCGCTACGG-2,Inflamed IFN-λ−
ATCGTAGTCTCGCTTG-2,Steady state
ATCGTCCCAGCAGACA-2,Steady state
ATCGTCCCATATAGCC-2,Steady state
ATCGTGATCCTACGAA-2,Steady state
ATGACCACATATACCG-2,Inflamed IFN-λ+
ATGATCGGTTCAATCG-2,Inflamed IFN-λ+
ATGGTTGTCGGAACTT-2,Steady state
ATGTCCCCAACTTGCA-2,Steady state
ATGTCTTGTACAAGCG-2,Steady state
ATTATCCAGAAGAGCA-2,Steady state
ATTCACTTCACGAGGA-2,Steady state
ATTCCCGGTTATGGTC-2,Steady state
ATTCCCGTCCTCTCGA-2,Immature
ATTCGTTAGGATTTCC-2,Steady state
ATTCTACCAACTTCTT-2,Immature
ATTCTACTCACACCGG-2,Steady state
ATTCTTGCAGGCTTGC-2,Steady state
ATTTACCCAAACGTGG-2,Steady state
ATTTACCTCTGAGAGG-2,Steady state
ATTTCACAGGCACTCC-2,Inflamed IFN-λ−
ATTTCACTCTCTAAGG-2,Immature
ATTTCTGAGATGGCGT-2,Steady state
CAACAACCATATGCGT-2,Inflamed IFN-λ+
CAACCTCCAATTGAAG-2,Steady state
CAACCTCGTCAGTCCG-2,Immature
CAACGATCATGACCCG-2,Inflamed IFN-λ−
CAACGGCAGTCTAACC-2,Steady state
CAAGACTAGTCATCCA-2,Steady state
CAAGCTAAGCAGCACA-2,Steady state
CAAGCTACAGACGATG-2,Steady state
CAAGGGATCCGTTTCG-2,Steady state
CAATACGCAACGATCT-2,Inflamed IFN-λ−
CAATGACCATCGCTCT-2,Immature
CAATTTCAGGCACAAC-2,Inflamed IFN-λ+
CACAACAAGTCAATCC-2,Steady state
CACACAAGTGGCCCAT-2,Steady state
CACAGATCACGTAACT-2,Steady state
CACAGGCCAAGAGGTC-2,Immature
CACGGGTAGCGATGCA-2,Inflamed IFN-λ+
CACGTTCGTAAGGAGA-2,Immature
CACTAAGAGGAAACGA-2,Steady state
CACTGTCGTTTGCAGT-2,Inflamed IFN-λ−
CACTTCGAGTCCCGGT-2,Immature
CACTTCGCAGACCAGA-2,Steady state
CAGATTGCATAATCGC-2,Steady state
CAGCCAGAGACTCTAC-2,Steady state
CAGCGTGCATAGGTTC-2,Steady state
CAGGGCTTCGTGCTCT-2,Steady state
CAGTTAGGTTTCGTAG-2,Steady state
CATACAGGTACGCGTC-2,Inflamed IFN-λ+
CATACTTAGACATAAC-2,Steady state
CATACTTCACAAGCAG-2,Steady state
CATACTTCACGCTGAC-2,Steady state
CATAGACGTTTACGAC-2,Steady state
CATCAAGAGATCCCAT-2,Steady state
CATCAAGAGTATCTGC-2,Steady state
CATCCACAGTGCACCC-2,Steady state
CATCCACTCCCAATAG-2,Steady state
CATCCGTGTGACCGAA-2,Steady state
CATCGGGTCACAGTGT-2,Steady state
CATCGTCAGCCTTCTC-2,Steady state
CATGCCTCATTGTGCA-2,Steady state
CATGCTCGTACGATTC-2,Immature
CATTCTAGTGTGGACA-2,Steady state
CATTCTAGTTAGAAGT-2,Steady state
CATTCTATCTCCGAGG-2,Steady state
CATTGAGTCACTGTCC-2,Inflamed IFN-λ+
CATTGAGTCCGTTGAA-2,Steady state
CATTGCCAGGCCCGTT-2,Inflamed IFN-λ+
CATTGTTCACATACGT-2,Steady state
CATTTCATCCAAATGC-2,Steady state
CATTTCATCCGAGCTG-2,Steady state
CCAATGAAGCTAATGA-2,Inflamed IFN-λ−
CCAATTTCATCATCTT-2,Steady state
CCACAAACATCAGTCA-2,Steady state
CCACGAGAGGCATCGA-2,Steady state
CCACGAGTCGCCAATA-2,Immature
CCACGTTCACCCGTAG-2,Steady state
CCATAAGAGCGCCTCA-2,Steady state
CCATAAGGTACGACTT-2,Inflamed IFN-λ−
CCATCACTCGAGAAGC-2,Immature
CCCAACTCAGAAGTGC-2,Steady state
CCCAACTGTATCTCGA-2,Inflamed IFN-λ−
CCCGAAGTCGCTTTAT-2,Immature
CCCGGAACATCCTTCG-2,Steady state
CCCTCTCAGAGCAGAA-2,Immature
CCCTCTCAGGCACAAC-2,Steady state
CCGAACGAGCTCATAC-2,Steady state
CCGATGGTCTTTCAGT-2,Immature
CCGTAGGTCCTCGCAT-2,Steady state
CCGTGAGAGAGGTCAC-2,Immature
CCTAACCTCATCTGTT-2,Steady state
CCTAAGAGTCATCAGT-2,Steady state
CCTCAACAGTTAGAAC-2,Steady state
CCTCAACGTTGACTAC-2,Steady state
CCTCAGTAGGACTGGT-2,Steady state
CCTCCTCCACGGAAGT-2,Steady state
CCTGCATGTACCTATG-2,Inflamed IFN-λ−
CCTGCATGTAGTATAG-2,Steady state
CCTGTTGAGCACGGAT-2,Steady state
CCTGTTGTCTTGGATG-2,Steady state
CCTTCAGAGCTCTTCC-2,Immature
CGAAGGAAGGCCACTC-2,Immature
CGAATTGAGATACCAA-2,Immature
CGAATTGTCAACACCA-2,Steady state
CGAGAAGAGGGCGAGA-2,Steady state
CGAGAAGGTGTGAGCA-2,Steady state
CGAGGAATCCTGCCAT-2,Inflamed IFN-λ+
CGAGTGCGTATACCTG-2,Inflamed IFN-λ−
CGAGTTAGTTCTCGCT-2,Steady state
CGATCGGTCCAGTGTA-2,Steady state
CGCATAAGTGTGTACT-2,Steady state
CGCCAGATCTAGGAAA-2,Immature
CGCCATTAGTTGGCTT-2,Steady state
CGCGTGAAGAGTATAC-2,Steady state
CGGAACCTCGGAACTT-2,Immature
CGGAATTCACGGTCTG-2,Steady state
CGGCAGTAGCCTGACC-2,Immature
CGGCAGTGTTTACTGG-2,Inflamed IFN-λ−
CGGCAGTTCCCTTGTG-2,Steady state
CGGCAGTTCTGCCTCA-2,Inflamed IFN-λ−
CGGGCATGTGTCCGGT-2,Steady state
CGTAGTAGTCACGTGC-2,Immature
CGTCAAAAGAGGTCGT-2,Steady state
CGTCAAATCCCATTCG-2,Inflamed IFN-λ−
CGTTCTGAGCGTTCAT-2,Steady state
CTAACTTGTCTTCATT-2,Steady state
CTACATTCAGTCTCTC-2,Steady state
CTACCCACAGAATTCC-2,Immature
CTACCTGTCGTTAGAC-2,Steady state
CTACTATAGAACTGAT-2,Steady state
CTACTATCACCGTACG-2,Steady state
CTACTATCATTCCTCG-2,Inflamed IFN-λ−
CTAGACAAGCTCGCAC-2,Inflamed IFN-λ−
CTCAACCTCATGGGAG-2,Steady state
CTCAATTAGAAGCGCT-2,Immature
CTCAATTCAGGACATG-2,Inflamed IFN-λ+
CTCACTGGTCGCCTAG-2,Steady state
CTCAGAACAAATCCCA-2,Steady state
CTCAGAACAATGCAGG-2,Steady state
CTCAGTCAGCAACCAG-2,Steady state
CTCAGTCGTATCACCA-2,Steady state
CTCATGCAGCATTGAA-2,Immature
CTCATGCCATTCGATG-2,Steady state
CTCATTAGTTAGCTAC-2,Steady state
CTCCGATCAATCGCAT-2,Immature
CTCCTCCGTCTCTCAC-2,Steady state
CTCCTTTCAAGTTCGT-2,Steady state
CTCCTTTCATCCTTGC-2,Inflamed IFN-λ−
CTCGAGGCATCCGAGC-2,Steady state
CTCTCAGAGGGACCAT-2,Steady state
CTCTGGTAGAGCCTGA-2,Immature
CTCTGGTAGGTGGGTT-2,Immature
CTGAATGGTCTAGGTT-2,Immature
CTGAGGCGTAAGATAC-2,Steady state
CTGATCCGTGCTAGCC-2,Steady state
CTGCAGGGTGGCCTCA-2,Steady state
CTGCCTAGTTGATGTC-2,Steady state
CTGCTCATCCTCGATC-2,Inflamed IFN-λ−
CTGGCAGAGTAGGGTC-2,Immature
CTGGTCTGTTCGTGCG-2,Steady state
CTGGTCTTCACCATAG-2,Steady state
CTGTGAACACCTGATA-2,Steady state
CTGTGAAGTACAGTTC-2,Steady state
CTGTGGGGTCAATGGG-2,Steady state
CTTACCGTCCATTGTT-2,Immature
CTTAGGAAGTGTTGTC-2,Steady state
CTTCAATCATCCCGTT-2,Inflamed IFN-λ−
CTTCCGAAGCTAGATA-2,Inflamed IFN-λ−
CTTCCTTTCATGAGGG-2,Steady state
CTTCTCTAGCGTATGG-2,Steady state
CTTCTCTAGTATGCAA-2,Steady state
CTTGATTCACCTAAAC-2,Immature
CTTGATTTCATAGAGA-2,Steady state
GAAACCTCAGTCCGTG-2,Steady state
GAAATGAAGCACTAAA-2,Inflamed IFN-λ−
GAAGAATTCGACCACG-2,Steady state
GAAGGACCAAGATTGA-2,Steady state
GAAGGGTTCCACGAAT-2,Steady state
GAATAGACAATCTAGC-2,Immature
GAATCACGTACGTACT-2,Immature
GACACGCAGTGGATAT-2,Inflamed IFN-λ−
GACACGCAGTGGATTA-2,Steady state
GACACGCGTGATCGTT-2,Steady state
GACACGCTCACACCCT-2,Immature
GACAGCCCACACAGCC-2,Steady state
GACAGCCTCCTATTGT-2,Immature
GACCGTGAGTCTCGTA-2,Steady state
GACGCTGAGGCAATGC-2,Steady state
GACTATGAGACCAGAC-2,Inflamed IFN-λ−
GACTATGAGTCATGAA-2,Steady state
GACTATGGTCCGAAAG-2,Immature
GACTCTCCATGGTGGA-2,Inflamed IFN-λ−
GACTTCCAGTAGGTTA-2,Steady state
GAGAAATGTCTCCTGT-2,Steady state
GAGACCCTCTTCTGTA-2,Steady state
GAGACTTTCCCGATCT-2,Steady state
GAGGCCTAGCACCGTC-2,Steady state
GAGGCCTAGGTTGCCC-2,Inflamed IFN-λ−
GAGGGTACACGGAAGT-2,Steady state
GAGTGTTCATGCGGTC-2,Immature
GAGTGTTGTTTACCTT-2,Steady state
GATAGCTAGTTAGTAG-2,Steady state
GATCACAAGAAACTGT-2,Steady state
GATCACACATTACTCT-2,Immature
GATCAGTAGAGAGGGC-2,Immature
GATCAGTCACGGCACT-2,Steady state
GATCATGTCAGACAAA-2,Steady state
GATCCCTCACTATGTG-2,Steady state
GATGCTACATGACACT-2,Steady state
GATGGAGAGCATGCGA-2,Immature
GATTCGATCATATGGC-2,Immature
GATTCTTAGTCTAACC-2,Steady state
GATTGGTAGAGTCAGC-2,Steady state
GATTGGTCAAGCTCTA-2,Steady state
GCAACATGTTTGTTGG-2,Immature
GCAACATTCCTTCGAC-2,Steady state
GCAGCTGCATCGAACT-2,Steady state
GCAGGCTTCCTCACTG-2,Inflamed IFN-λ−
GCATCGGTCACAGAGG-2,Immature
GCATGATCACTACACA-2,Steady state
GCCAGGTTCGTTGCCT-2,Immature
GCCAGTGCACTGCATA-2,Steady state
GCCAGTGCAGAAATCA-2,Immature
GCCATGGCAATTGTGC-2,Steady state
GCCATTCGTAACATCC-2,Steady state
GCGATCGTCTAGTACG-2,Steady state
GCTCAAAAGCAGCACA-2,Immature
GCTCAAATCTCATTTG-2,Steady state
GCTGCAGTCGGCTGAC-2,Immature
GCTTGGGAGATGAACT-2,Steady state
GGAACCCGTCTGTCAA-2,Inflamed IFN-λ−
GGAGAACCACCCAACG-2,Steady state
GGAGCAAAGACTAAGT-2,Inflamed IFN-λ−
GGAGCAAAGATGGCAC-2,Steady state
GGAGCAAGTAATCAGA-2,Steady state
GGAGCAATCGACGATT-2,Steady state
GGAGGATCATCGGAAG-2,Steady state
GGAGGATGTTCCCAAA-2,Steady state
GGATCTACAACTAGAA-2,Inflamed IFN-λ−
GGCACGTTCCCAAGCG-2,Steady state
GGCAGTCAGCTGACCC-2,Steady state
GGCAGTCCAGGAATAT-2,Steady state
GGCAGTCGTCACGTGC-2,Steady state
GGCTTTCGTTTACACG-2,Inflamed IFN-λ−
GGGACAAGTTTGCCGG-2,Steady state
GGGACAATCACGGAGA-2,Steady state
GGGACAATCCCAGGCA-2,Steady state
GGGACCTCAGACCCGT-2,Immature
GGGACCTGTGTGCCTG-2,Steady state
GGGACTCAGTAGCTCT-2,Steady state
GGGAGATAGGCATCTT-2,Inflamed IFN-λ−
GGGAGATAGGCATGGT-2,Steady state
GGGCGTTCATGAAGCG-2,Inflamed IFN-λ+
GGGCTACAGAGGTGCT-2,Steady state
GGGTCACCAGTTAGAA-2,Steady state
GGGTCACGTGATAGAT-2,Steady state
GGGTCACTCTGACAGT-2,Inflamed IFN-λ+
GGGTCTGAGGAAGAAC-2,Steady state
GGGTCTGAGGTTCATC-2,Steady state
GGGTGAACATCGTCCT-2,Steady state
GGGTGTCTCAGCGCAC-2,Steady state
GGGTTTAAGCGCTGCT-2,Immature
GGGTTTACACCAGTTA-2,Inflamed IFN-λ−
GGGTTTAGTATCACCA-2,Steady state
GGTAACTCAGAAATCA-2,Steady state
GGTCTGGGTTTGAAAG-2,Steady state
GGTGAAGAGTAGGTTA-2,Immature
GGTGAAGGTTCTCGCT-2,Immature
GGTGGCTAGGACTAAT-2,Steady state
GGTGGCTTCCTAACAG-2,Steady state
GGTTAACGTAAGTCAA-2,Steady state
GTAAGTCTCATCAGTG-2,Inflamed IFN-λ−
GTAATCGGTCGGCTAC-2,Steady state
GTACAACCACAGTCGC-2,Steady state
GTACAGTTCATCGCCT-2,Steady state
GTAGAAAGTAACTAAG-2,Steady state
GTAGAGGAGGATAATC-2,Steady state
GTATTTCCAACTCGAT-2,Steady state
GTCACGGCAAGCGGAT-2,Steady state
GTCAGCGAGTTTGGCT-2,Inflamed IFN-λ+
GTCATCCGTTCGGTTA-2,Steady state
GTCTAGAAGACCATGG-2,Inflamed IFN-λ−
GTCTAGACAACGATCT-2,Steady state
GTGAGGAGTCGGAACA-2,Steady state
GTGAGTTCAATTGGTC-2,Immature
GTGATGTGTCAATGGG-2,Steady state
GTGCAGCGTTCCGGTG-2,Steady state
GTGCTGGAGGTTGAGC-2,Steady state
GTGCTTCAGATACCAA-2,Steady state
GTGGAAGCAGTAGTGG-2,Steady state
GTGGTTACACATTCGA-2,Steady state
GTGTAACAGCGCCGTT-2,Steady state
GTGTAACAGGTGCATG-2,Steady state
GTGTAACTCTATCGTT-2,Immature
GTGTGATAGTGTTCAC-2,Steady state
GTGTGGCAGGTCACCC-2,Immature
GTGTGGCTCTCGGTAA-2,Steady state
GTGTTAGGTCACTTCC-2,Steady state
GTTACCCCATACAGAA-2,Steady state
GTTACCCTCCAATGCA-2,Steady state
GTTACGAAGGTCATCT-2,Steady state
GTTACGAGTTCTCTCG-2,Inflamed IFN-λ−
GTTAGTGAGCCGATAG-2,Steady state
GTTAGTGGTACCCGAC-2,Steady state
GTTATGGTCGTACACA-2,Steady state
GTTCATTTCCTGCCAT-2,Inflamed IFN-λ−
GTTGTCCCACTAGAGG-2,Steady state
GTTTACTAGACATCCT-2,Inflamed IFN-λ−
GTTTGGAGTCTCACAA-2,Steady state
TAACACGAGTAAGCAT-2,Steady state
TAACCAGGTTTGGGAG-2,Steady state
TAAGCACAGACCATGG-2,Steady state
TAAGTCGAGGGTGAGG-2,Steady state
TAATCTCGTGGTCCGT-2,Immature
TAATTCCGTACCAATC-2,Steady state
TACAACGCAGTCTGGC-2,Inflamed IFN-λ−
TACAACGTCGAAGCAG-2,Steady state
TACACCCAGGCACAAC-2,Steady state
TACAGGTCAGTTGAAA-2,Inflamed IFN-λ−
TACCCGTTCAGGGTAG-2,Steady state
TACCGGGAGAAGAACG-2,Steady state
TACCGGGAGGCAGTCA-2,Steady state
TACCGGGGTTCCACAA-2,Immature
TACCGGGTCAGAACCT-2,Inflamed IFN-λ−
TACCGGGTCGTGGTAT-2,Steady state
TACCTCGAGCTAATCC-2,Inflamed IFN-λ−
TACGCTCAGCATGTTC-2,Steady state
TACGGGCCAGTTCCAA-2,Inflamed IFN-λ−
TACGGGCGTTGGGTAG-2,Steady state
TACGTCCCAGGGATAC-2,Immature
TAGACCAGTTGGGATG-2,Steady state
TAGACCATCTAGATCG-2,Steady state
TAGACTGGTTGTGGAG-2,Immature
TAGAGTCCAACACACT-2,Steady state
TAGAGTCGTATAATGG-2,Immature
TAGAGTCTCGCGGTAC-2,Steady state
TAGGAGGAGGCTCTAT-2,Steady state
TAGGGTTCAAGCCATT-2,Steady state
TAGGGTTTCTGGGATT-2,Immature
TAGGTACAGATGTTGA-2,Steady state
TAGGTACGTAACATGA-2,Steady state
TATACCTAGGCAATGC-2,Steady state
TATACCTCACTGTCCT-2,Steady state
TATACCTGTGTATTGC-2,Steady state
TATATCCTCGCTATTT-2,Steady state
TATCCTACACCCTGTT-2,Inflamed IFN-λ−
TATCGCCAGTTGTAGA-2,Steady state
TATCGCCCAAATGAAC-2,Inflamed IFN-λ−
TATCGCCGTAAGGCTG-2,Steady state
TATCGCCGTCGAGATG-2,Steady state
TATCGCCTCAGTGTTG-2,Steady state
TCAAGCATCCTAGCCT-2,Inflamed IFN-λ−
TCAATTCCAGGCAATG-2,Inflamed IFN-λ−
TCACGGGTCCTACTGC-2,Immature
TCAGCCTAGGGTTAAT-2,Steady state
TCAGGTATCTACTATC-2,Steady state
TCAGTCCTCACCACAA-2,Steady state
TCAGTGATCAGCTTCC-2,Steady state
TCATACTGTAGGTAGC-2,Steady state
TCATATCAGTAGTCAA-2,Steady state
TCATATCCAACTCGTA-2,Inflamed IFN-λ−
TCATATCCACTGAATC-2,Steady state
TCATCCGAGGGAACAA-2,Inflamed IFN-λ+
TCATTACAGTGAGGTC-2,Steady state
TCATTGTAGGGCGAGA-2,Steady state
TCCACCATCTAAGCGT-2,Steady state
TCCACGTGTCAAAGAT-2,Steady state
TCCACGTTCTTGGCTC-2,Immature
TCCAGAAAGCATGGGT-2,Immature
TCCAGAACACACGCCA-2,Inflamed IFN-λ−
TCCAGAACAGAGGCTA-2,Steady state
TCCATCGAGGGACACT-2,Steady state
TCCATGCCAACAGAGC-2,Inflamed IFN-λ−
TCCCACAGTGCATGAG-2,Steady state
TCCTCCCAGTGCACAG-2,Steady state
TCCTCTTGTGTGCCTG-2,Steady state
TCCTTCTAGTAAGCAT-2,Inflamed IFN-λ−
TCCTTTCGTGTTGATC-2,Steady state
TCGAAGTGTGCAATGG-2,Immature
TCGATTTTCTAGATCG-2,Steady state
TCGCAGGCATTGGATC-2,Inflamed IFN-λ−
TCGGGTGCACCCTAGG-2,Steady state
TCTATCAAGCGATTCT-2,Immature
TCTATCACAACGGCCT-2,Steady state
TCTCCGAAGGTTGTTC-2,Steady state
TCTGCCAAGATGAATC-2,Inflamed IFN-λ−
TCTGGCTTCACTCGAA-2,Steady state
TCTTAGTAGATGGGCT-2,Steady state
TCTTCCTAGGCTTAAA-2,Steady state
TCTTCCTCAGGTCCCA-2,Steady state
TCTTGCGAGCTGGCTC-2,Immature
TCTTTGACAGCCGTCA-2,Steady state
TGAATCGAGGAACGTC-2,Steady state
TGAATGCCATGGCCCA-2,Inflamed IFN-λ−
TGACAGTCATACTGTG-2,Steady state
TGACGCGCACCGTGCA-2,Steady state
TGACTCCCATTGTGCA-2,Immature
TGAGCATCACTGGATT-2,Steady state
TGAGCGCAGTCACTCA-2,Steady state
TGAGGAGCAATGTTGC-2,Steady state
TGAGGGACAGGAGGAG-2,Steady state
TGATCAGCACTTGTCC-2,Steady state
TGATGCAAGGATCACG-2,Inflamed IFN-λ−
TGATGCAGTGAAGCGT-2,Inflamed IFN-λ−
TGATTTCAGAGTTGAT-2,Immature
TGCACGGGTTCTCAGA-2,Steady state
TGCAGATAGACCCGCT-2,Steady state
TGCATCCCAAAGCTAA-2,Immature
TGCGACGAGATGATTG-2,Immature
TGCGACGTCGGTCACG-2,Steady state
TGCGGCACATCCTTCG-2,Inflamed IFN-λ−
TGCGGGTCAGAATGTA-2,Inflamed IFN-λ−
TGCTCCACATCTGCGG-2,Steady state
TGGATCAGTGCAGTGA-2,Immature
TGGATCAGTTGTCAGT-2,Immature
TGGATGTGTGTCACAT-2,Steady state
TGGGAAGAGAACGTGC-2,Steady state
TGGGAGATCTTGGAAC-2,Inflamed IFN-λ−
TGGGATTGTTACCTGA-2,Steady state
TGGGCTGAGTGAACAT-2,Immature
TGGTACATCTTAGGAC-2,Immature
TGGTGATAGCGCCATC-2,Steady state
TGGTGATTCAAAGCCT-2,Steady state
TGGTTAGCAGGTGACA-2,Steady state
TGGTTAGGTCTTTCTA-2,Steady state
TGTAAGCGTTCCGTTC-2,Steady state
TGTCCCAGTACTCAAC-2,Steady state
TGTGATGAGACCAGCA-2,Steady state
TGTGATGCAGCTCATA-2,Immature
TGTGTGAAGAGAGTTT-2,Steady state
TGTGTGATCAAAGACA-2,Steady state
TGTGTGATCCACCTGT-2,Steady state
TGTTACTTCCGAAATC-2,Steady state
TGTTCCGCAGTCAGCC-2,Steady state
TGTTCCGTCCCGTTGT-2,Immature
TGTTCTACAGGTCCCA-2,Steady state
TGTTCTAGTGTGAGCA-2,Steady state
TTACGTTCAGGCTCTG-2,Immature
TTATTGCCAAGAAACT-2,Steady state
TTCATTGCATGTTTGG-2,Immature
TTCCAATGTACATTGC-2,Steady state
TTCCAATGTTGAGGAC-2,Steady state
TTCCACGAGGAAACGA-2,Immature
TTCCACGGTACCAGAG-2,Immature
TTCCGGTCAGCGCGTT-2,Steady state
TTCCTTCAGGATATGT-2,Steady state
TTCGGTCAGCATGCAG-2,Steady state
TTCGGTCCAACCGATT-2,Steady state
TTCGGTCCATAGTCAC-2,Inflamed IFN-λ−
TTCGGTCGTTGTGGAG-2,Steady state
TTCTCTCTCATCTATC-2,Steady state
TTCTGTAGTCAAGCGA-2,Steady state
TTCTGTATCATCTACT-2,Immature
TTGCATTGTGATACAA-2,Steady state
TTGCTGCAGGTGCTTT-2,Steady state
TTGCTGCTCACGGAGA-2,Inflamed IFN-λ−
TTGGGATCAACGGCTC-2,Immature
TTGTGGATCCGCAACG-2,Inflamed IFN-λ−
TTTATGCTCTCATTGT-2,Immature
TTTCACATCATACGGT-2,Inflamed IFN-λ−
TTTCAGTTCTACGGGC-2,Immature
TTTCCTCAGCACTTTG-2,Immature
TTTCCTCTCTCTCTAA-2,Steady state
TTTGATCCATGTCGTA-2,Steady state
TTTGATCGTACAAACA-2,Immature
TTTGGAGCACCGTGAC-2,Inflamed IFN-λ−
TTTGGTTAGTGCACTT-2,Steady state
TTTGGTTGTATCTTCT-2,Steady state
TTTGGTTTCTTGGGCG-2,Immature
TTTGTTGCAGCCTTCT-2,Steady state
AAACGCTGTGCAATGG-3,Immature
AAAGAACCACAGCCAC-3,Steady state
AAAGGATCAATACGCT-3,Inflamed IFN-λ−
AACAAAGTCCATATGG-3,Inflamed IFN-λ−
AACAACCCAGCTCGGT-3,Inflamed IFN-λ+
AACGAAACAACTGCCG-3,Immature
AACGAAAGTTCGGGTC-3,Inflamed IFN-λ−
AACGGGATCAGTGTGT-3,Steady state
AAGCCATGTTTACACG-3,Steady state
AAGCGTTTCTGGACTA-3,Immature
AAGGTAAAGACGCCCT-3,Immature
AAGTACCTCCGGCTTT-3,Immature
AATCACGGTCAGACGA-3,Immature
AATCGTGAGTAGAGTT-3,Immature
AATGACCGTATGGGAC-3,Immature
AATGGCTTCTCGCAGG-3,Steady state
AATTCCTAGGTATCTC-3,Inflamed IFN-λ−
ACAAAGAGTCGCATGC-3,Steady state
ACAACCAGTAGGCAAC-3,Immature
ACAAGCTAGAGCCATG-3,Immature
ACAAGCTCAACTTGCA-3,Steady state
ACACTGAAGGCTAACG-3,Immature
ACACTGAAGTCACTCA-3,Inflamed IFN-λ+
ACAGCCGCATGCCGAC-3,Inflamed IFN-λ−
ACAGGGAAGCTTTGTG-3,Inflamed IFN-λ+
ACATCCCGTACTTCCC-3,Steady state
ACATTTCTCCGTCCTA-3,Inflamed IFN-λ−
ACATTTCTCTCTGAGA-3,Inflamed IFN-λ+
ACCAAACAGCCAAGCA-3,Inflamed IFN-λ−
ACCAACACACGCAGTC-3,Steady state
ACCACAACACTACACA-3,Immature
ACCCTCAGTAAGGCTG-3,Inflamed IFN-λ−
ACGCACGGTATGACAA-3,Immature
ACGGTCGCACACCTGG-3,Immature
ACGTAACCAGACCAGA-3,Inflamed IFN-λ−
ACGTACAAGCACTTTG-3,Steady state
ACGTAGTAGCAGATAT-3,Immature
ACGTTCCAGGCCCACT-3,Steady state
ACTACGATCCGTTTCG-3,Steady state
ACTATTCAGTCTCTGA-3,Immature
ACTATTCCACAACATC-3,Steady state
ACTGTCCAGTTCGCAT-3,Steady state
ACTTATCGTACCTAGT-3,Steady state
ACTTCGCGTCCTCAGG-3,Immature
ACTTTGTCATGGAATA-3,Immature
AGAAATGGTCCTGTTC-3,Steady state
AGACAAAGTATGAGAT-3,Immature
AGAGAATCAGTTTCGA-3,Steady state
AGAGAGCTCGTTAGTG-3,Immature
AGATCGTAGGCTAACG-3,Immature
AGATGAACAATAACCC-3,Immature
AGATGAAGTCTTTCAT-3,Immature
AGATGAAGTGAGTTTC-3,Immature
AGATGCTTCGGCCAAC-3,Steady state
AGCCAATAGACGTCCC-3,Steady state
AGCCAATGTGCCTAAT-3,Immature
AGCCAGCAGAGAGCAA-3,Immature
AGCGATTAGCCACCGT-3,Steady state
AGCGCCAAGGCTCAAG-3,Inflamed IFN-λ−
AGCTACAGTTAAAGTG-3,Steady state
AGGAAATGTCAACGCC-3,Steady state
AGGAAATTCATGCAGT-3,Inflamed IFN-λ+
AGGACGACACTGTGTA-3,Immature
AGGAGGTAGCTCCACG-3,Immature
AGGCATTAGCAAGCCA-3,Immature
AGGGAGTCAGCTGTAT-3,Steady state
AGGGCCTCAAGGAGTC-3,Inflamed IFN-λ+
AGGGCTCTCCTTCTGG-3,Immature
AGTAACCAGACTCTTG-3,Steady state
AGTACCAAGTTACGGG-3,Steady state
AGTACTGGTACGAGTG-3,Immature
AGTCATGGTCTGCAAT-3,Immature
AGTGACTGTATACAGA-3,Steady state
AGTGACTGTTTGTGGT-3,Steady state
AGTGTTGGTCCACATA-3,Immature
AGTTCCCAGGCGAAGG-3,Immature
ATACCGATCCCAGCGA-3,Immature
ATACCTTCATCCGTGG-3,Inflamed IFN-λ+
ATACTTCTCCGCACGA-3,Immature
ATAGACCAGTCTTGGT-3,Steady state
ATAGACCTCCAAATGC-3,Immature
ATAGAGACACTGTCGG-3,Immature
ATCATTCCACTTTATC-3,Steady state
ATCCACCTCCGTACGG-3,Steady state
ATCCGTCTCTGCTAGA-3,Immature
ATCGGATTCTTACGTT-3,Immature
ATCGTCCCAGGAAGTC-3,Steady state
ATGAAAGTCATGCTAG-3,Immature
ATGAGTCGTTCATCGA-3,Immature
ATGCGATGTGCTCTCT-3,Steady state
ATGGGTTTCACGAACT-3,Inflamed IFN-λ−
ATTACCTTCGTTCTAT-3,Steady state
ATTCACTCAGCGTGAA-3,Immature
ATTCCATAGACCAACG-3,Steady state
ATTCCTATCTCCATAT-3,Inflamed IFN-λ−
ATTGGGTTCCAGTGCG-3,Inflamed IFN-λ+
ATTGTTCGTCGGTAAG-3,Inflamed IFN-λ−
ATTTACCGTTGGCCGT-3,Immature
ATTTCACCAAAGAACT-3,Steady state
ATTTCTGCACTACAGT-3,Steady state
ATTTCTGGTAAGCTCT-3,Inflamed IFN-λ+
CAACAGTAGGCCACTC-3,Immature
CAACAGTGTTAGAGAT-3,Steady state
CAACCTCCACATGAAA-3,Steady state
CAACCTCGTATAGCTC-3,Inflamed IFN-λ−
CAACCTCTCCAATCTT-3,Steady state
CAACGGCAGAGAGTTT-3,Steady state
CAAGAGGAGCGTCTCG-3,Steady state
CAAGGGACATTAAAGG-3,Steady state
CAATCGATCCTAGAGT-3,Immature
CACAACAAGCTACTAC-3,Immature
CACAGATAGTCATACC-3,Immature
CACAGGCCACCTGTCT-3,Steady state
CACCAAAAGAAGCGCT-3,Steady state
CACCGTTGTCCGTACG-3,Immature
CACTGAATCCGCCTAT-3,Steady state
CACTGAATCGCCAATA-3,Steady state
CAGATACGTGCGGATA-3,Immature
CAGATCAAGATCGCTT-3,Steady state
CAGATTGTCCACGGAC-3,Immature
CAGCAATAGATAACAC-3,Steady state
CAGCAATCACAAGTTC-3,Steady state
CATACAGTCACTGATG-3,Immature
CATCCACAGCTGTTCA-3,Steady state
CATCCCAAGAGTAACT-3,Immature
CATCGGGAGGTATCTC-3,Immature
CATGCCTGTCCAACGC-3,Inflamed IFN-λ−
CATGCTCGTACCGCGT-3,Steady state
CATGGTACAAGCCCAC-3,Inflamed IFN-λ−
CATTGCCCATTCCTCG-3,Immature
CATTTCACAAAGAACT-3,Inflamed IFN-λ−
CATTTCAGTAGACACG-3,Inflamed IFN-λ−
CCAATTTAGTAGTCTC-3,Immature
CCACAAAAGGGTATAT-3,Immature
CCACACTTCTCGACGG-3,Inflamed IFN-λ−
CCACGAGCAGTCAACT-3,Steady state
CCACGAGGTATACAGA-3,Immature
CCACGTTTCACCCTTG-3,Steady state
CCATCACAGGGTGAAA-3,Immature
CCCAACTCAATTGTGC-3,Inflamed IFN-λ−
CCCGGAAAGCCTCATA-3,Immature
CCCTCAACAATTGCCA-3,Inflamed IFN-λ−
CCCTTAGTCGGTTAGT-3,Immature
CCGAACGCACCTTCCA-3,Steady state
CCGGACAGTAACAGGC-3,Inflamed IFN-λ−
CCTCAACTCTCTCTAA-3,Immature
CCTCATGGTCAAGGCA-3,Immature
CCTCCAAAGTTAGAAC-3,Steady state
CCTCCTCTCCCGAACG-3,Steady state
CCTCTCCGTTCTAAGC-3,Immature
CGAAGGATCAAGATAG-3,Inflamed IFN-λ−
CGAGGCTGTACTCCCT-3,Inflamed IFN-λ+
CGATCGGAGAAGCTGC-3,Steady state
CGATGGCCACCGTGCA-3,Steady state
CGATGGCGTCGAAGCA-3,Immature
CGCGTGAAGAGTGTGC-3,Steady state
CGCGTGAGTCGCAACC-3,Immature
CGGAATTAGGTAATCA-3,Inflamed IFN-λ−
CGGACACAGCGAACTG-3,Steady state
CGGACACTCGCAATGT-3,Immature
CGGCAGTGTCGCCACA-3,Immature
CGGGACTCACACCTAA-3,Immature
CGGGCATTCTGCATGA-3,Steady state
CGTAATGCACGATTCA-3,Immature
CGTAGTAGTCGACTGC-3,Immature
CGTCAAATCTCTTAAC-3,Steady state
CGTCCATAGAGTGTTA-3,Immature
CGTGTCTCACCCTAAA-3,Steady state
CGTTCTGCATACAGAA-3,Immature
CTAACCCTCTGCAGCG-3,Inflamed IFN-λ−
CTAACTTTCCATAAGC-3,Steady state
CTAAGTGTCGGCATAT-3,Steady state
CTAGACACAACTGAAA-3,Immature
CTAGACACATAACTCG-3,Inflamed IFN-λ−
CTAGACATCTTAGTTC-3,Steady state
CTCAACCCAAATCAAG-3,Inflamed IFN-λ−
CTCAACCTCAAATGCC-3,Steady state
CTCATTATCAATGCAC-3,Immature
CTCCAACCAGCTACAT-3,Steady state
CTGAATGCAATCGCAT-3,Inflamed IFN-λ−
CTGAGGCAGGCACCAA-3,Steady state
CTGCATCCAACGGGTA-3,Immature
CTGCGAGCATAATGAG-3,Steady state
CTGTAGACAGGCTCTG-3,Steady state
CTGTATTGTGACTAAA-3,Steady state
CTGTGAATCGACCATA-3,Steady state
CTTCAATGTATCGATC-3,Inflamed IFN-λ−
CTTCCGAAGTACAGAT-3,Inflamed IFN-λ−
CTTCCGAAGTACTGTC-3,Steady state
CTTCCTTTCTTTCGAT-3,Inflamed IFN-λ+
CTTCTAAAGTATGAGT-3,Immature
CTTCTCTAGATGATTG-3,Immature
CTTCTCTAGTACCGGA-3,Steady state
CTTCTCTCAACTGCCG-3,Steady state
CTTGATTGTGACTAAA-3,Steady state
GAAACCTAGTATGTAG-3,Immature
GAAACCTCATACCAGT-3,Immature
GAAATGAGTATGTCAC-3,Immature
GAACACTTCGGAACTT-3,Inflamed IFN-λ−
GAACGTTTCGCTTACC-3,Immature
GAACTGTGTAGTTCCA-3,Immature
GAAGGGTGTGAGTAGC-3,Steady state
GAAGTAAGTTAGAGAT-3,Steady state
GAATAGACATGTTACG-3,Steady state
GAATAGATCAAGAAAC-3,Immature
GAATCACAGGATCACG-3,Immature
GACACGCCACGCCACA-3,Inflamed IFN-λ−
GACATCACATCCCACT-3,Inflamed IFN-λ−
GACTCTCGTGACTGAG-3,Inflamed IFN-λ−
GACTGATCATACAGAA-3,Immature
GACTTCCAGAAACCAT-3,Inflamed IFN-λ−
GAGACCCCACATACTG-3,Steady state
GAGACTTCATGACTTG-3,Steady state
GAGAGGTTCATTTGCT-3,Immature
GAGTCATTCAACTACG-3,Immature
GAGTCTATCAGCGGAA-3,Steady state
GAGTGTTAGACTTCGT-3,Immature
GAGTTTGGTCCCTAAA-3,Immature
GATCACAAGTCCCAGC-3,Steady state
GATCGTAAGTGCTAGG-3,Steady state
GATGGAGTCTGAGTCA-3,Immature
GATGTTGGTGGGACAT-3,Inflamed IFN-λ−
GATTCTTGTAGCGTCC-3,Immature
GATTGGTGTAGCGTCC-3,Inflamed IFN-λ−
GCAACCGAGTCCCAGC-3,Inflamed IFN-λ−
GCACTAACACCATTCC-3,Immature
GCAGCTGTCATCAGTG-3,Inflamed IFN-λ−
GCAGTTACATTGCTGA-3,Steady state
GCAGTTATCCGGTAAT-3,Steady state
GCCAGCACATGGAGAC-3,Immature
GCCAGCAGTTGAATCC-3,Inflamed IFN-λ−
GCCAGGTAGTGATGGC-3,Steady state
GCCAGGTTCATGAAAG-3,Immature
GCCATGGAGCCGCACT-3,Inflamed IFN-λ−
GCCATGGTCTTAGGAC-3,Steady state
GCCGTGACAAGAGAGA-3,Immature
GCCTGTTAGCTGACTT-3,Inflamed IFN-λ−
GCGATCGTCCATAAGC-3,Steady state
GCGGATCAGCGGACAT-3,Inflamed IFN-λ+
GCGTTTCAGTCAGCCC-3,Steady state
GCTGGGTGTACTTCCC-3,Steady state
GCTTGGGGTGGTCCGT-3,Steady state
GGAATCTAGCACAAAT-3,Inflamed IFN-λ+
GGAGAACAGGTTAAAC-3,Immature
GGAGATGGTTCCGCTT-3,Steady state
GGAGATGGTTGTTGAC-3,Steady state
GGAGATGTCGAAGGAC-3,Immature
GGCACGTCATGGACAG-3,Steady state
GGCAGTCCACTTCTCG-3,Immature
GGCAGTCCAGTCGCTG-3,Inflamed IFN-λ−
GGCTTGGCAACACAAA-3,Steady state
GGCTTGGGTGCTAGCC-3,Immature
GGGACTCGTCGTTGGC-3,Inflamed IFN-λ+
GGGAGTATCGCGGACT-3,Steady state
GGGATGAGTCACTCTC-3,Steady state
GGGCTACCATTACTCT-3,Steady state
GGTAATCAGGTGCTTT-3,Steady state
GGTAATCAGTGGAAAG-3,Steady state
GGTAGAGAGACCATGG-3,Steady state
GGTAGAGAGGAGCTGT-3,Steady state
GGTAGAGAGTAGAGTT-3,Immature
GGTCTGGGTCAACGCC-3,Immature
GGTGATTAGGTAAGAG-3,Immature
GGTTGTACACCCAACG-3,Inflamed IFN-λ−
GTAACCATCATCCCGT-3,Steady state
GTAATCGTCATCTATC-3,Immature
GTAATGCAGGACAAGA-3,Immature
GTACAACCAAATGGAT-3,Steady state
GTACAACTCGTGGAAG-3,Immature
GTAGAAATCGCTACGG-3,Steady state
GTAGAGGGTAGGTAGC-3,Immature
GTAGGAGGTCCATCTC-3,Immature
GTAGGTTCACCATATG-3,Inflamed IFN-λ+
GTAGGTTGTGTGATGG-3,Steady state
GTATTGGAGCACTCGC-3,Steady state
GTATTGGCAGCGTATT-3,Steady state
GTCACTCGTCTGTTAG-3,Immature
GTCACTCTCACTGAAC-3,Inflamed IFN-λ−
GTCACTCTCTGCTCTG-3,Steady state
GTCATGACACGACGTC-3,Steady state
GTCATTTTCACTGGGC-3,Immature
GTCCACTCAGCCATTA-3,Steady state
GTCCTCAAGTAGGTTA-3,Steady state
GTCGAATTCTCCAAGA-3,Steady state
GTCGTAATCCATGATG-3,Immature
GTCTACCAGATGGTCG-3,Steady state
GTCTAGAAGGGAGATA-3,Steady state
GTGACGCTCCCACAGG-3,Immature
GTGACGCTCGCTGATA-3,Immature
GTGAGCCCAACACAGG-3,Immature
GTGAGGACACCTATCC-3,Inflamed IFN-λ−
GTGAGGAGTATGTCTG-3,Steady state
GTGCAGCTCTCCCAAC-3,Immature
GTGGAGACATTGTGCA-3,Inflamed IFN-λ−
GTTACAGTCTCATGCC-3,Immature
GTTACCCAGTAAGAGG-3,Steady state
GTTAGACGTTGTTGTG-3,Inflamed IFN-λ−
GTTAGTGCACGAAAGC-3,Steady state
GTTATGGGTCTGATAC-3,Inflamed IFN-λ−
GTTCATTGTGAATGTA-3,Inflamed IFN-λ−
GTTCGCTGTCTTGTCC-3,Steady state
GTTCTATTCACGTCCT-3,Immature
GTTGTCCGTCGACTTA-3,Steady state
GTTGTGAAGCGCGTTC-3,Steady state
GTTGTGATCCATAGGT-3,Steady state
GTTTACTAGGAACGCT-3,Immature
GTTTACTGTGCTCTCT-3,Immature
TAACTTCGTTAGGGAC-3,Immature
TAACTTCTCTGAACGT-3,Inflamed IFN-λ−
TAAGCCAAGTTGGAGC-3,Steady state
TAAGCCACATAACGGG-3,Immature
TAAGCCAGTCCAACGC-3,Steady state
TAAGCCATCGATTGGT-3,Immature
TAAGCGTCATTCAGGT-3,Immature
TAAGTCGCAGTCGGTC-3,Immature
TACAACGAGGTCTTTG-3,Immature
TACAGGTTCTGTGCAA-3,Steady state
TACCGGGGTACCCGAC-3,Steady state
TACGGTAAGCGACTTT-3,Immature
TACGTCCCACTGATTG-3,Steady state
TACTTCAAGAGCATTA-3,Immature
TACTTCATCGGTAGAG-3,Steady state
TAGCACACAGCAGACA-3,Immature
TAGGTACTCTTAGTTC-3,Immature
TAGGTTGAGCACTAGG-3,Inflamed IFN-λ+
TAGTGCATCTGGGCCA-3,Immature
TATACCTAGCACCCAC-3,Steady state
TATATCCAGCACTTTG-3,Immature
TATCTGTCACAATTCG-3,Immature
TATCTGTTCAAGGAGC-3,Inflamed IFN-λ−
TATGTTCTCGTAGCTA-3,Inflamed IFN-λ−
TATTGCTTCAGCGCGT-3,Inflamed IFN-λ−
TCACGGGAGTAGATCA-3,Steady state
TCAGCCTAGCCATGCC-3,Inflamed IFN-λ−
TCAGGGCAGGATATAC-3,Steady state
TCAGGGCTCCACAGGC-3,Inflamed IFN-λ−
TCAGTCCAGCTGTCCG-3,Steady state
TCAGTGAGTTACACAC-3,Inflamed IFN-λ−
TCAGTTTAGCCTCTTC-3,Steady state
TCATACTCAACCGTGC-3,Inflamed IFN-λ−
TCATACTCACCTGCGA-3,Steady state
TCATGCCGTCACCACG-3,Immature
TCATGCCGTGTTTGCA-3,Steady state
TCATGTTTCTGCCTGT-3,Immature
TCATTACGTTGCTAGT-3,Steady state
TCATTGTAGTAATACG-3,Inflamed IFN-λ−
TCATTGTGTACGATTC-3,Immature
TCATTTGCATCTCGTC-3,Steady state
TCCACGTCAACAAGTA-3,Immature
TCCACGTGTGGGCTTC-3,Inflamed IFN-λ−
TCCAGAAGTCAAAGAT-3,Immature
TCCAGAAGTGTTGATC-3,Inflamed IFN-λ−
TCCAGAATCGATCCCT-3,Immature
TCCATCGGTGGCTAGA-3,Inflamed IFN-λ−
TCCATGCGTATGCAAA-3,Steady state
TCCATGCTCACGGGAA-3,Inflamed IFN-λ−
TCCATGCTCATAGCAC-3,Steady state
TCCCATGGTCTCAGAT-3,Steady state
TCCGATCTCTCCACTG-3,Inflamed IFN-λ−
TCCTAATCACCCTATC-3,Steady state
TCCTCGACACACGCCA-3,Immature
TCCTGCAAGGACAGTC-3,Steady state
TCCTTTCAGTTACGGG-3,Steady state
TCCTTTCTCACGGGCT-3,Immature
TCGAACAGTGCAATGG-3,Steady state
TCGAAGTGTCTCCTGT-3,Steady state
TCGAAGTTCAGACCCG-3,Steady state
TCGAAGTTCCAAATGC-3,Immature
TCGACCTCACATCATG-3,Steady state
TCGACCTTCAGGGTAG-3,Immature
TCGCACTTCGGTCTGG-3,Steady state
TCGCACTTCTATGCCC-3,Steady state
TCGCAGGGTCTCGGGT-3,Steady state
TCGGATATCCGTAATG-3,Steady state
TCGGGACGTGTGTGTT-3,Steady state
TCGGGTGAGTGACACG-3,Steady state
TCGTAGAAGAATCCCT-3,Steady state
TCTAACTTCGCTGCGA-3,Steady state
TCTACATGTATAGCTC-3,Steady state
TCTACATGTCTCCTGT-3,Steady state
TCTATACCACTGCTTC-3,Immature
TCTATCACAGTATTCG-3,Immature
TCTCCGACACTGAATC-3,Steady state
TCTCTGGCATGCAGCC-3,Immature
TCTGCCAGTTGGCTAT-3,Immature
TGAACGTAGATGGCAC-3,Steady state
TGACCCTTCCAACTGA-3,Steady state
TGACGCGTCAGCTGTA-3,Inflamed IFN-λ−
TGATCTTTCCTTATCA-3,Steady state
TGATGGTTCAGATTGC-3,Steady state
TGCGATATCTCGTGAA-3,Steady state
TGCGGCAAGCTCACTA-3,Steady state
TGCTCGTTCCCAATAG-3,Steady state
TGCTTCGTCGGCACTG-3,Inflamed IFN-λ−
TGGAGAGCATATCGGT-3,Inflamed IFN-λ−
TGGGAAGTCTGACCCT-3,Immature
TGGGCTGGTACAAGTA-3,Steady state
TGGTACAAGGCATCGA-3,Steady state
TGGTACACAACGAGGT-3,Immature
TGGTAGTCAAATGAGT-3,Steady state
TGGTAGTCACGCTGAC-3,Immature
TGTAACGGTTCCCACT-3,Steady state
TGTGAGTCACGTCTCT-3,Immature
TGTGAGTGTCCGGCAT-3,Immature
TGTGGCGAGTATAACG-3,Steady state
TGTGGCGTCCTATGGA-3,Steady state
TGTTCCGCATCGGATT-3,Immature
TGTTCCGGTAGAGATT-3,Steady state
TGTTCTAGTCTTCCGT-3,Steady state
TGTTGGACAAGAGTGC-3,Steady state
TTACAGGCAAATCAGA-3,Steady state
TTACCGCTCGTGGACC-3,Steady state
TTAGTCTCATCACCAA-3,Steady state
TTAGTCTTCATCGACA-3,Steady state
TTCACCGGTCAACGCC-3,Steady state
TTCCAATTCGCGCCAA-3,Immature
TTCCACGAGGCGTTAG-3,Steady state
TTCCGGTTCCCAAGTA-3,Immature
TTCCTAACACTACACA-3,Immature
TTCCTCTGTGAGATTA-3,Immature
TTCCTCTGTTTCGTGA-3,Steady state
TTCGATTCACCGGCTA-3,Steady state
TTCGGTCCACACAGAG-3,Steady state
TTCGGTCCAGCCCAGT-3,Steady state
TTCTAACGTACTCGCG-3,Immature
TTCTAGTCAACTGTGT-3,Inflamed IFN-λ−
TTCTTCCTCATAGGCT-3,Inflamed IFN-λ−
TTCTTGATCGATGGAG-3,Immature
TTGAACGTCTACGCAA-3,Steady state
TTGACCCAGAAGCCTG-3,Steady state
TTGACCCAGCCTCTTC-3,Inflamed IFN-λ−
TTGAGTGAGTGGACGT-3,Immature
TTGATGGTCGAACGCC-3,Immature
TTGATGGTCGGAGTGA-3,Immature
TTGCATTAGTTGTCAC-3,Steady state
TTGCCTGCAGCTGTGC-3,Steady state
TTGCGTCCAGATACCT-3,Steady state
TTGGTTTGTACGTGTT-3,Immature
TTGGTTTGTCCCGGTA-3,Immature
TTGTTGTGTTGCATCA-3,Steady state
TTGTTGTTCCCATTCG-3,Inflamed IFN-λ−
TTGTTGTTCCGTGTGG-3,Inflamed IFN-λ−
TTTACGTAGATCACTC-3,Steady state
TTTACTGTCCTAGCCT-3,Steady state
TTTATGCCACAGTCCG-3,Inflamed IFN-λ−
TTTCACAAGAAGTCTA-3,Immature
TTTCAGTGTGGCTTAT-3,Steady state
TTTCATGAGTACCCTA-3,Immature
AAACCCAAGCCTCATA-4,Steady state
AAACCCAGTACGGATG-4,Steady state
AAATGGAAGTCGGCAA-4,Inflamed IFN-λ−
AACAAGAGTTCAGCGC-4,Inflamed IFN-λ−
AACGAAATCCATAAGC-4,Steady state
AACTTCTCAAATGATG-4,Steady state
AAGACTCCAGAGATTA-4,Steady state
AAGATAGAGACCTTTG-4,Steady state
AAGCATCCATGGCCCA-4,Immature
AAGCATCGTTGACTGT-4,Immature
AAGTCGTAGTGGTTAA-4,Steady state
AAGTCGTTCTCTGCTG-4,Steady state
AATAGAGAGAGCGACT-4,Steady state
AATGGAACATGTCAGT-4,Steady state
AATGGAATCCCTCTCC-4,Steady state
ACAAAGACAGTGGTGA-4,Immature
ACAAAGAGTACGACAG-4,Steady state
ACAAGCTAGCCTTCTC-4,Steady state
ACAGAAAAGAGGTTTA-4,Immature
ACAGCCGCAACTGTGT-4,Steady state
ACATGCATCTTACTGT-4,Steady state
ACATTTCAGATTCGCT-4,Inflamed IFN-λ−
ACATTTCAGCCGTAAG-4,Steady state
ACCACAACACCAGTAT-4,Inflamed IFN-λ−
ACCGTTCTCCGTGCGA-4,Immature
ACCTGTCTCCGCTGTT-4,Immature
ACGATGTCAACGACTT-4,Steady state
ACGCACGCATACGCAT-4,Immature
ACGGAAGTCCAAACCA-4,Steady state
ACGGGTCGTGAACGGT-4,Steady state
ACGGGTCTCGAGCACC-4,Steady state
ACGGTCGCAACCCTAA-4,Steady state
ACGGTCGCAGAGTTCT-4,Immature
ACGTAACTCTCAACCC-4,Immature
ACGTACACACCGGTCA-4,Inflamed IFN-λ−
ACGTAGTAGACCAGAC-4,Immature
ACTATCTGTCAGCGTC-4,Steady state
ACTGATGTCGTGTGGC-4,Steady state
ACTGTGACATGACAGG-4,Immature
ACTTTCAAGGAATTAC-4,Immature
ACTTTCAGTAATGCTC-4,Steady state
AGAACAAGTGCCCGTA-4,Immature
AGACCATCATGCTGCG-4,Inflamed IFN-λ−
AGACTCACAATCCAGT-4,Steady state
AGAGAGCGTATAGCTC-4,Inflamed IFN-λ−
AGAGCCCCATCAGTGT-4,Steady state
AGATAGAGTCGTGCCA-4,Steady state
AGATCGTGTTAAGTCC-4,Inflamed IFN-λ−
AGATCGTTCCCAGCGA-4,Inflamed IFN-λ−
AGATGCTTCGTGGGAA-4,Steady state
AGATGCTTCTTCCGTG-4,Steady state
AGCATCATCCAACCAA-4,Steady state
AGCCAATAGCTCCCTT-4,Steady state
AGCCAATCAGGAACCA-4,Inflamed IFN-λ−
AGCTACAAGTCGAAAT-4,Steady state
AGGAAATCATACGCAT-4,Steady state
AGGATAAAGGCCTAGA-4,Steady state
AGGATCTGTTCCCACT-4,Immature
AGGCCACAGTTAGTAG-4,Steady state
AGGCCACTCCCACAGG-4,Steady state
AGGGAGTTCCACATAG-4,Steady state
AGGGCTCCACGGCACT-4,Steady state
AGGGCTCCACGTGAGA-4,Steady state
AGGGTCCGTGCATCTA-4,Steady state
AGGGTGAGTCTAATCG-4,Steady state
AGGTTACCAGGACTTT-4,Immature
AGGTTACGTAGCTTTG-4,Steady state
AGGTTACGTCCTGAAT-4,Immature
AGTCAACAGTAACGTA-4,Steady state
AGTCAACGTTTACTTC-4,Immature
AGTCTCCGTCCTACGG-4,Steady state
AGTTAGCCAAGAATAC-4,Immature
AGTTCGAAGTGACACG-4,Steady state
AGTTCGAGTGGCCTCA-4,Steady state
ATACTTCCAGAGGGTT-4,Immature
ATCACTTTCTCTGACC-4,Steady state
ATCATTCCATCACAGT-4,Steady state
ATCCACCTCACCGACG-4,Inflamed IFN-λ−
ATCCATTAGCAAGTCG-4,Immature
ATCCGTCAGGCTTCCG-4,Steady state
ATCGGATGTAACGGTG-4,Inflamed IFN-λ−
ATCGGCGCACTAACGT-4,Steady state
ATCGTCCCAACGGGTA-4,Steady state
ATGAGTCAGCCTCTCT-4,Inflamed IFN-λ−
ATGCCTCAGTGGATTA-4,Immature
ATGGAGGAGATGAAGG-4,Immature
ATGGATCTCTTCCCGA-4,Steady state
ATGGGAGGTAGGCTCC-4,Immature
ATGGGTTAGTATAACG-4,Inflamed IFN-λ−
ATGGGTTCAGTCGCTG-4,Steady state
ATGTCTTCACGCGCTA-4,Steady state
ATTACCTGTCTAGATC-4,Immature
ATTCAGGGTGAACGGT-4,Steady state
ATTCATCGTTCGATTG-4,Inflamed IFN-λ−
ATTCGTTCAGTGTGCC-4,Steady state
ATTGGGTCAGCAATTC-4,Immature
ATTTCACAGTTTCAGC-4,Immature
CAACAACAGTGCACTT-4,Inflamed IFN-λ−
CAACAGTGTAAGATCA-4,Steady state
CAACCTCTCATTCGGA-4,Inflamed IFN-λ−
CAAGACTCACACAGCC-4,Steady state
CAAGGGATCTACCACC-4,Immature
CAATACGCATACTGAC-4,Immature
CACACAAGTGGCTTGC-4,Immature
CACACAATCTTACCAT-4,Steady state
CACAGGCGTTCCGCTT-4,Immature
CACAGGCTCGCAATTG-4,Immature
CACCAAACATCGATAC-4,Steady state
CACGTGGGTGTCCGGT-4,Steady state
CACTGGGGTATGCTAC-4,Steady state
CAGATACAGAAGATCT-4,Steady state
CAGATCAAGCCTCCAG-4,Inflamed IFN-λ−
CAGATTGAGCCATATC-4,Immature
CAGCAATGTCGCCACA-4,Immature
CAGCACGGTGAGTTTC-4,Steady state
CAGCGTGAGATGAATC-4,Steady state
CAGGCCAAGATCGCCC-4,Inflamed IFN-λ−
CAGGGCTTCAAGATAG-4,Immature
CAGTGCGGTAGCTTAC-4,Steady state
CAGTTCCAGTTGCGCC-4,Steady state
CATAAGCAGCGTTCAT-4,Immature
CATACAGGTGTTATCG-4,Inflamed IFN-λ−
CATACTTAGTTGTCGT-4,Steady state
CATAGACAGAGCATTA-4,Immature
CATCCACGTTCTCCAC-4,Steady state
CATCCGTGTAATCAAG-4,Steady state
CATCGGGTCTACTCAT-4,Steady state
CATCGTCCAGATCCTA-4,Inflamed IFN-λ−
CATGAGTAGATTAGAC-4,Steady state
CATGAGTCAAACTGCT-4,Immature
CATGAGTTCTGGACCG-4,Steady state
CATGCAAGTCTGTGGC-4,Immature
CATGCGGAGTAGATCA-4,Immature
CATGCTCTCGGCTCTT-4,Steady state
CATGGTAAGGTCATAA-4,Inflamed IFN-λ−
CATGGTAGTAATACCC-4,Steady state
CATTCATTCTTTCTAG-4,Inflamed IFN-λ−
CATTCTAAGAGCCATG-4,Immature
CATTGCCCACAACGTT-4,Immature
CATTTCAGTTCTTAGG-4,Immature
CCAAGCGCATAACCCA-4,Steady state
CCAATTTCAACGTATC-4,Steady state
CCACAAACAGCGACAA-4,Inflamed IFN-λ−
CCACAAAGTAGGCTCC-4,Immature
CCACCATGTTCTCACC-4,Immature
CCACGAGCAACTTCTT-4,Steady state
CCCAACTAGTCAGGGT-4,Steady state
CCCGAAGGTCGGAACA-4,Inflamed IFN-λ−
CCCTCAACAGGTTCGC-4,Steady state
CCCTCTCCACGGGCTT-4,Steady state
CCCTCTCTCTCTGCCA-4,Steady state
CCGAACGAGTGGATTA-4,Steady state
CCGCAAGTCCAAAGGG-4,Inflamed IFN-λ−
CCGGACACAATCAGCT-4,Immature
CCTAACCAGGCTGTAG-4,Immature
CCTAAGACAATAACCC-4,Steady state
CCTACGTGTATACAGA-4,Immature
CCTATCGCAAGGCAAC-4,Inflamed IFN-λ−
CCTATCGCACTTCCTG-4,Steady state
CCTCAGTGTCAATGGG-4,Immature
CCTCCTCAGGAACATT-4,Immature
CCTCTCCTCGTACACA-4,Steady state
CCTTCAGAGTCTAGCT-4,Immature
CCTTGTGCATACCAGT-4,Steady state
CGAAGTTGTACACGCC-4,Immature
CGAATTGCACCCTGTT-4,Immature
CGAGAAGAGCGTGTTT-4,Immature
CGAGGAAAGGCGATAC-4,Immature
CGAGGAACAGTCAGTT-4,Immature
CGAGTGCCATGCGTGC-4,Immature
CGATCGGGTAGTAAGT-4,Immature
CGCAGGTCAGAGATGC-4,Immature
CGCATAATCATTCGTT-4,Inflamed IFN-λ−
CGCCAGAGTCTGTCCT-4,Immature
CGGAACCAGGTGGTTG-4,Steady state
CGGAACCCAAGTATAG-4,Steady state
CGGAATTGTACAAAGT-4,Steady state
CGGAGAACAGCGCTTG-4,Immature
CGGTCAGCACTTGTCC-4,Immature
CGTAATGCATGTTACG-4,Steady state
CGTAGTATCTCGGCTT-4,Steady state
CGTCAAACACAACCGC-4,Steady state
CGTCCATGTCACTCTC-4,Steady state
CGTGAATGTCCTCCTA-4,Steady state
CTACATTAGCGAGAAA-4,Immature
CTCAACCAGAGGGTCT-4,Steady state
CTCCAACGTAGAGACC-4,Immature
CTCCCAACACCCTTAC-4,Steady state
CTCCCAATCGACGACC-4,Immature
CTCCTTTGTGTGTCGC-4,Immature
CTCGAGGTCGCCAGAC-4,Steady state
CTCTCGATCTCATTTG-4,Immature
CTCTGGTCATCCGCGA-4,Steady state
CTGAGGCGTCACAGAG-4,Immature
CTGATCCGTACGGCAA-4,Immature
CTGCAGGCAAGAAACT-4,Immature
CTGCCATAGTGCGCTC-4,Immature
CTGCCTACAACTTGGT-4,Immature
CTGCCTACAAGTTCGT-4,Steady state
CTGTACCAGATACTGA-4,Steady state
CTGTAGAGTCCATCTC-4,Steady state
CTGTAGATCTGTCCCA-4,Steady state
CTGTGAACAGTGAGCA-4,Immature
CTTCCTTCACACACTA-4,Steady state
CTTCTAATCGTCTACC-4,Steady state
CTTCTCTCATCGTCCT-4,Steady state
CTTGATTTCGCTGACG-4,Immature
CTTTCAATCTGCCTGT-4,Immature
CTTTCGGAGTGGCCTC-4,Steady state
CTTTCGGGTGATGAAT-4,Steady state
GAAATGACATCCGAAT-4,Inflamed IFN-λ−
GAAATGAGTCTTCAAG-4,Steady state
GAAGAATAGGTAGCCA-4,Steady state
GAAGAATCAATTGAAG-4,Inflamed IFN-λ−
GAAGGACCAAGTCATC-4,Immature
GAAGTAAGTGTATCCA-4,Immature
GAAGTAATCTCTATAC-4,Steady state
GAATAGACATTGAGCT-4,Inflamed IFN-λ−
GAATAGAGTGAAGCGT-4,Inflamed IFN-λ−
GACACGCAGGCATGCA-4,Steady state
GACAGCCAGCCTGGAA-4,Immature
GACAGCCCAACGCATT-4,Inflamed IFN-λ−
GACAGCCTCAAGAGTA-4,Steady state
GACGCTGAGGCTGTAG-4,Immature
GACGCTGTCTCTATAC-4,Immature
GACGTTAAGAGAGCCT-4,Steady state
GACGTTAGTTCTTCAT-4,Immature
GAGAGGTCACGGTGAA-4,Steady state
GAGATGGGTTACCTGA-4,Steady state
GAGCTGCAGCCTCTGG-4,Immature
GAGCTGCCAAGTGCTT-4,Immature
GAGCTGCTCTCACTCG-4,Steady state
GAGTCTACAACCGACC-4,Steady state
GAGTCTAGTAAGATCA-4,Steady state
GAGTCTAGTGAGATAT-4,Immature
GAGTGTTAGTGCCGAA-4,Inflamed IFN-λ−
GAGTGTTCAGAATCGG-4,Steady state
GAGTGTTGTCAAGTTC-4,Immature
GAGTTGTTCGTGCAGC-4,Immature
GATAGAATCAAGTGTC-4,Steady state
GATCAGTTCGGCTGGT-4,Immature
GATGACTTCCGATAAC-4,Inflamed IFN-λ−
GATGGAGCAACGAGGT-4,Steady state
GATTCGAAGGTAAGAG-4,Steady state
GATTCGACACGGTGTC-4,Steady state
GATTGGTCAGCAGGAT-4,Immature
GATTTCTAGTTCAACC-4,Inflamed IFN-λ−
GATTTCTTCAACCCGG-4,Inflamed IFN-λ−
GATTTCTTCTGTCGTC-4,Immature
GCAACCGGTTCGAGCC-4,Steady state
GCAACCGTCTATACGG-4,Immature
GCACGGTGTTTCGATG-4,Inflamed IFN-λ−
GCACGTGCAGCAGTAG-4,Inflamed IFN-λ−
GCACGTGCATGAGGGT-4,Steady state
GCAGGCTGTGGACTAG-4,Immature
GCATCGGAGTCACACT-4,Steady state
GCATTAGGTGGCGCTT-4,Steady state
GCCAACGAGTAGACCG-4,Immature
GCCATGGAGGGTGAAA-4,Inflamed IFN-λ−
GCCCAGATCACTACGA-4,Immature
GCGATCGTCTCATTGT-4,Steady state
GCGTGCAAGTTGTCGT-4,Steady state
GCGTGCATCCCAGCGA-4,Steady state
GCGTTTCTCAAGAGGC-4,Steady state
GCGTTTCTCGGCGATC-4,Steady state
GCTACAACAAAGGCGT-4,Inflamed IFN-λ−
GCTGAATGTACCGCGT-4,Steady state
GCTGAATTCAGAATAG-4,Inflamed IFN-λ+
GCTGGGTCATCCTCAC-4,Steady state
GCTTCACGTCCTGGTG-4,Inflamed IFN-λ−
GGAACCCGTCACGCTG-4,Inflamed IFN-λ−
GGAAGTGCAAATGCTC-4,Steady state
GGAGATGAGTGCCGAA-4,Steady state
GGAGATGCATGGAGAC-4,Steady state
GGAGATGTCAAGGTGG-4,Immature
GGAGCAAAGGCCTGCT-4,Steady state
GGAGCAAGTCACCGCA-4,Steady state
GGCACGTGTATCGCGC-4,Immature
GGCGTCAAGGCACCAA-4,Inflamed IFN-λ−
GGCTTTCTCGCCAGAC-4,Immature
GGGAGATTCGCACGGT-4,Immature
GGGATGAAGCACTTTG-4,Immature
GGGCGTTGTGAATGTA-4,Steady state
GGGTATTAGGGTTTCT-4,Steady state
GGGTCACGTTCAATCG-4,Steady state
GGGTCTGCAGTTAAAG-4,Inflamed IFN-λ−
GGGTCTGGTATGGTTC-4,Steady state
GGGTTATCACCATAAC-4,Steady state
GGGTTATTCACCTACC-4,Steady state
GGGTTTAGTGTGTCCG-4,Steady state
GGTAACTTCAAAGCCT-4,Steady state
GTAACACTCAAAGGAT-4,Inflamed IFN-λ−
GTAAGTCTCTATCGCC-4,Steady state
GTAATCGAGCTACTGT-4,Steady state
GTACAACAGCGACATG-4,Steady state
GTACAACCATGCACTA-4,Inflamed IFN-λ−
GTACAGTAGTTCAACC-4,Immature
GTAGAGGGTTTCGACA-4,Steady state
GTAGTACCACAGTGAG-4,Steady state
GTCAAGTGTTGGCTAT-4,Steady state
GTCACTCGTACGACAG-4,Steady state
GTCACTCTCCGAGTGC-4,Steady state
GTCACTCTCTGCCCTA-4,Steady state
GTCGAATAGACTTCGT-4,Immature
GTCGCGACAGAAGCTG-4,Steady state
GTCGTTCAGAGGCCAT-4,Steady state
GTCTAGAAGCTCATAC-4,Steady state
GTCTAGAGTGACGCCT-4,Steady state
GTCTCACGTGTGGTCC-4,Steady state
GTCTCACTCTCATGGA-4,Steady state
GTCTGTCGTCAACATC-4,Steady state
GTCTTTATCTAACGCA-4,Immature
GTGACGCGTCACTACA-4,Steady state
GTGACGCGTGATTCAC-4,Steady state
GTGAGCCAGCTGAAGC-4,Immature
GTGATGTTCGCTGTCT-4,Steady state
GTGCACGCACAATGTC-4,Immature
GTGCACGGTGTACGCC-4,Steady state
GTGCAGCAGCGCCATC-4,Steady state
GTGCGTGGTTAACAGA-4,Immature
GTGGAGAGTGCTGCAC-4,Steady state
GTGGCGTCATGAGATA-4,Immature
GTGGGAAAGTAGAGTT-4,Steady state
GTGGTTACAGTCGCAC-4,Inflamed IFN-λ−
GTGTCCTCACCATTCC-4,Steady state
GTGTTAGAGTAGGCCA-4,Immature
GTGTTAGGTTAGAGTA-4,Steady state
GTTACAGTCAGTCTTT-4,Inflamed IFN-λ−
GTTACGACACCCTAGG-4,Immature
GTTAGACAGAGCTGAC-4,Steady state
GTTAGACCACGTACTA-4,Inflamed IFN-λ−
GTTCCGTGTTATAGAG-4,Steady state
GTTGCTCAGTAGAGTT-4,Steady state
GTTGTAGTCCATGAGT-4,Steady state
GTTGTCCGTAACACCT-4,Steady state
GTTGTGAAGGGCATGT-4,Steady state
GTTTGGAGTACCACGC-4,Immature
TAACTTCGTACGGGAT-4,Steady state
TACAACGAGGTTGCCC-4,Immature
TACCCGTGTCTACAGT-4,Immature
TACCCGTGTGATTCTG-4,Immature
TACCGGGGTGGAAGTC-4,Steady state
TACCTCGCAAGACGAC-4,Steady state
TACGCTCCAGAGCTAG-4,Steady state
TACGGGCGTCTAGTGT-4,Steady state
TACTGCCCAACCGACC-4,Immature
TACTGCCCAGTCAACT-4,Steady state
TACTTACTCGTTACCC-4,Steady state
TACTTCAGTATGTGTC-4,Immature
TAGACCACAATTGCTG-4,Immature
TAGCACAGTAACAGGC-4,Steady state
TAGGGTTGTGACTAAA-4,Immature
TATCCTAAGACAGTCG-4,Steady state
TATCGCCTCGAGGCAA-4,Steady state
TATGTTCAGAACTTCC-4,Steady state
TATTCCAGTGATTAGA-4,Immature
TATTGGGTCAACTTTC-4,Inflamed IFN-λ−
TATTTCGAGGGAGTTC-4,Inflamed IFN-λ−
TATTTCGGTGACACAG-4,Steady state
TATTTCGTCCTACTGC-4,Steady state
TCAAGTGAGGTAGCAC-4,Steady state
TCAAGTGGTAGCACGA-4,Immature
TCAATCTAGGTCCAGA-4,Steady state
TCAATCTCACGAGGAT-4,Inflamed IFN-λ−
TCACAAGTCCGGACGT-4,Immature
TCACGCTAGAATTGTG-4,Steady state
TCACTCGGTCCCTAAA-4,Steady state
TCAGCCTGTGCGCTCA-4,Steady state
TCAGCCTGTTCCGTTC-4,Immature
TCAGGGCAGGCCTAAG-4,Steady state
TCAGGTAAGTCAATCC-4,Immature
TCAGGTAGTTGCCGAC-4,Steady state
TCAGTTTTCTAGAGCT-4,Steady state
TCATCATAGTAAACTG-4,Inflamed IFN-λ−
TCATCCGAGAGAGGGC-4,Steady state
TCATCCGCACTGTCGG-4,Inflamed IFN-λ−
TCATCCGCATGGAACG-4,Immature
TCATCCGGTAGGCAGT-4,Steady state
TCATGAGAGGCCCACT-4,Immature
TCATGCCCAAGAGATT-4,Steady state
TCATGGAAGTGCGCTC-4,Immature
TCATGGAGTCGTCTCT-4,Inflamed IFN-λ−
TCATGTTGTATCGTGT-4,Immature
TCATTTGTCTGCATAG-4,Steady state
TCCATCGGTAGGGAGG-4,Steady state
TCCCAGTTCTGTCGCT-4,Immature
TCCGATCTCCTTCAGC-4,Immature
TCCGGGAAGACATATG-4,Steady state
TCCTAATAGGTTGCCC-4,Immature
TCCTCTTCACTGCACG-4,Steady state
TCCTGCAGTGACAGCA-4,Steady state
TCCTTTCAGCGTCAAG-4,Immature
TCCTTTCCACATAGCT-4,Steady state
TCGAACAGTAGCGAGT-4,Inflamed IFN-λ−
TCGACCTCAATCTAGC-4,Steady state
TCGCAGGCAAAGGATT-4,Steady state
TCGCTTGCAAATCAAG-4,Immature
TCGGATAGTACGACAG-4,Steady state
TCGGATATCATTACGG-4,Immature
TCGGGCAGTAACCAGG-4,Immature
TCGGTCTAGTGAGGTC-4,Immature
TCGTAGATCTGCGGGT-4,Steady state
TCGTCCACATGCCGAC-4,Steady state
TCGTCCAGTAACATAG-4,Steady state
TCTCACGAGCGTTGTT-4,Immature
TCTCACGGTAGCTGCC-4,Steady state
TCTCTGGTCAAGATAG-4,Steady state
TCTCTGGTCCAGTACA-4,Immature
TCTCTGGTCTTTGCAT-4,Steady state
TCTTGCGTCCACTTCG-4,Steady state
TGAACGTAGCTTAGTC-4,Steady state
TGAACGTCAGATAAAC-4,Steady state
TGACAGTCAAATACGA-4,Inflamed IFN-λ−
TGACCCTAGCATCCTA-4,Inflamed IFN-λ−
TGACGCGTCATCCTAT-4,Steady state
TGAGGAGAGTCTCGTA-4,Steady state
TGAGGAGTCTCAATCT-4,Steady state
TGAGGTTAGCCTGACC-4,Steady state
TGAGGTTGTGAACGGT-4,Steady state
TGATCTTAGCTGGCTC-4,Immature
TGCAGATCATGTCTAG-4,Steady state
TGCATCCGTAGCGCTC-4,Steady state
TGCGACGGTGCCTATA-4,Steady state
TGCGATACAACTGCTA-4,Steady state
TGCGGCACAAAGGATT-4,Steady state
TGCGGGTAGCCTAGGA-4,Steady state
TGCGGGTTCGTACCTC-4,Immature
TGCTCCAAGTCGCGAA-4,Immature
TGCTCGTCATCATCTT-4,Immature
TGCTTGCAGGCTATCT-4,Immature
TGCTTGCAGGTTACAA-4,Inflamed IFN-λ−
TGGAGGAAGGGCCCTT-4,Immature
TGGGAAGCAGCGACAA-4,Steady state
TGGGAGACAAGAGGCT-4,Immature
TGGGATTAGACCACGA-4,Steady state
TGGGCGTGTAACAAGT-4,Steady state
TGGTACACATTCAGCA-4,Steady state
TGGTACAGTACGGTTT-4,Immature
TGGTACATCTGGTCAA-4,Steady state
TGGTGATGTGACACAG-4,Steady state
TGGTGATTCATCGTAG-4,Inflamed IFN-λ−
TGGTTAGTCCTATTGT-4,Steady state
TGTAAGCCACATATCG-4,Steady state
TGTAGACCAATACCCA-4,Steady state
TGTCCACCACAGTACT-4,Immature
TGTCCACGTGAGCAGT-4,Steady state
TGTGAGTTCTCTAGGA-4,Steady state
TGTGCGGAGGTGCTGA-4,Steady state
TGTGCGGCATACAGAA-4,Steady state
TGTTGAGTCGAGAGAC-4,Steady state
TGTTTGTAGGGCTTCC-4,Immature
TTACTGTCAGACAATA-4,Steady state
TTACTGTTCAACGTGT-4,Immature
TTAGGCATCCCTTCCC-4,Steady state
TTAGGGTTCTGCACCT-4,Steady state
TTAGTCTCAACAGTGG-4,Immature
TTATTGCTCCTATGGA-4,Inflamed IFN-λ−
TTATTGCTCGAAATCC-4,Immature
TTCACCGGTCACAGTT-4,Inflamed IFN-λ−
TTCAGGATCACTTATC-4,Immature
TTCATGTAGGCTAACG-4,Immature
TTCCGGTTCGAAGGAC-4,Steady state
TTCGGTCAGAGGTCAC-4,Steady state
TTCGGTCGTACGTGTT-4,Immature
TTCTAACTCAGCGTCG-4,Inflamed IFN-λ−
TTCTAGTGTATCGAGG-4,Inflamed IFN-λ−
TTCTCTCCAGAAGCGT-4,Steady state
TTCTTCCGTGGCACTC-4,Steady state
TTCTTGAGTAGCGTAG-4,Steady state
TTGATGGAGACATACA-4,Steady state
TTGATGGCAGGCAATG-4,Steady state
TTGCATTCAGACTGCC-4,Steady state
TTGCGTCCAAGTTGGG-4,Steady state
TTGCTGCAGAACTCCT-4,Inflamed IFN-λ−
TTGCTGCAGATTCGAA-4,Steady state
TTGCTGCTCGATAACC-4,Steady state
TTGGATGAGTGAACAT-4,Immature
TTGGATGCATGACAAA-4,Immature
TTGGGCGTCCCATTTA-4,Immature
TTGTGGAGTCGAGATG-4,Immature
TTGTGTTTCAACCTCC-4,Steady state
TTGTTCAGTACGTGAG-4,Steady state
TTTCACAGTATGGGAC-4,Steady state
TTTCAGTAGGATTCCT-4,Steady state
TTTGGAGGTTAATGAG-4,Steady state
AAACGAAAGAGTCGAC-5,Steady state
AAAGGGCTCTACTTCA-5,Steady state
AAAGTGACAGTTGTCA-5,Steady state
AACAAGACAAAGACGC-5,Steady state
AACAGGGGTACCCGAC-5,Steady state
AACCCAATCTCATGGA-5,Steady state
AACCTTTTCACTGTCC-5,Immature
AAGAACATCACTTATC-5,Immature
AAGATAGAGTGTTCCA-5,Immature
AAGCCATGTGTCCATA-5,Steady state
AAGCGAGAGAGTTGTA-5,Immature
AAGGTAAGTCACTCGG-5,Immature
AAGTCGTTCTTCCCGA-5,Immature
AAGTGAAGTTTCGGCG-5,Steady state
AAGTTCGCAGTTGGTT-5,Immature
AATAGAGCATCTCATT-5,Steady state
AATAGAGTCATTTACC-5,Immature
AATCACGGTGTAAACA-5,Steady state
AATGAAGCAGTAGTGG-5,Steady state
ACAAGCTTCAGAATAG-5,Steady state
ACACAGTAGCTACTAC-5,Steady state
ACACGCGAGGCATTTC-5,Steady state
ACAGCCGAGTATGGCG-5,Immature
ACAGGGAAGGGTACAC-5,Immature
ACATGCATCCATCTCG-5,Steady state
ACCAACAAGGTCGTGA-5,Steady state
ACCCAAACACGCCAGT-5,Immature
ACCTGTCCATGGCGCT-5,Immature
ACGATGTCACAGTGAG-5,Steady state
ACGATGTGTAGTCCTA-5,Immature
ACGGTTACATCGAGCC-5,Immature
ACGTACAGTCTCAAGT-5,Steady state
ACGTCCTAGCTGACCC-5,Steady state
ACGTCCTGTATATGGA-5,Immature
ACGTCCTTCTTACGTT-5,Inflamed IFN-λ−
ACGTTCCCATAACCCA-5,Steady state
ACTACGATCTCAGTCC-5,Immature
ACTATCTTCGCAACAT-5,Steady state
ACTATGGTCTGATGGT-5,Steady state
ACTATTCTCTCGGTAA-5,Steady state
ACTGTCCGTACGGCAA-5,Steady state
ACTGTGACACCCTGAG-5,Immature
ACTTAGGAGGGAGATA-5,Steady state
ACTTAGGCAAGGCTTT-5,Steady state
ACTTTCATCTCCAAGA-5,Steady state
AGAAATGCAACGACAG-5,Immature
AGAAGTACAATCAAGA-5,Steady state
AGACCATTCCGCATAA-5,Immature
AGACCCGCACTACACA-5,Inflamed IFN-λ−
AGAGAATAGATCCCGC-5,Steady state
AGATCCACAAGCAGGT-5,Immature
AGATCGTTCAAATGAG-5,Steady state
AGCCACGAGACAAGCC-5,Steady state
AGCGCCAAGGTTACAA-5,Steady state
AGCTTCCCAAGTGTCT-5,Steady state
AGCTTCCGTAGCGAGT-5,Steady state
AGGATCTCAACTTGCA-5,Immature
AGGCATTTCGGTCACG-5,Steady state
AGGCCACAGCGATTCT-5,Immature
AGGGAGTGTACTCGAT-5,Steady state
AGGGCCTCACTCCGAG-5,Immature
AGGTAGGGTATGTGTC-5,Steady state
AGGTCATCAGCTGAGA-5,Immature
AGGTTGTAGTAAACAC-5,Steady state
AGTAGCTAGCCTTGAT-5,Steady state
AGTAGCTCAAGACGGT-5,Steady state
AGTCATGAGCGTCAAG-5,Steady state
AGTGACTAGTAGGCCA-5,Steady state
AGTGATCCAAATGGTA-5,Steady state
AGTGCCGCATCGAACT-5,Steady state
AGTGCCGGTGTTCGAT-5,Steady state
AGTTAGCGTGTGTTTG-5,Immature
AGTTCCCGTCGAACAG-5,Steady state
ATACCTTAGACTTGTC-5,Immature
ATAGACCAGCATGTTC-5,Immature
ATATCCTCAGTAGTGG-5,Immature
ATATCCTGTGTTAAAG-5,Steady state
ATCAGGTGTAGTGTGG-5,Steady state
ATCCACCAGGTATCTC-5,Steady state
ATCGATGCACAGAGAC-5,Immature
ATCGCCTGTGCCTGCA-5,Immature
ATCGCCTTCATGAGGG-5,Immature
ATCGTGATCTGGAGAG-5,Steady state
ATCTTCATCACTTGGA-5,Steady state
ATGAGTCCATCGCTGG-5,Steady state
ATGGATCAGCAGAAAG-5,Steady state
ATGTCTTTCCTCTCTT-5,Immature
ATTACTCCAATAGTAG-5,Immature
ATTATCCGTCTTACAG-5,Steady state
ATTCAGGCAGTGGTGA-5,Steady state
ATTCAGGTCTGGACCG-5,Immature
ATTCCCGCATAGAATG-5,Steady state
ATTCGTTGTCCCGCAA-5,Immature
ATTGTTCTCGCTCCTA-5,Steady state
ATTTCACAGTCTGCAT-5,Immature
CAAAGAAAGGTGCCAA-5,Immature
CAAAGAACACGGCACT-5,Immature
CAAAGAAGTGAACCGA-5,Steady state
CAACAGTCAGGTACGA-5,Immature
CAACAGTTCCATGCAA-5,Steady state
CAACAGTTCTCAACCC-5,Immature
CAACCAATCTCCTGCA-5,Steady state
CAACGGCGTTCGGCCA-5,Immature
CAATCGAAGTGACACG-5,Steady state
CAATGACAGAGTACCG-5,Inflamed IFN-λ−
CAATTTCGTCGTCAGC-5,Steady state
CACACAAGTCCTCCTA-5,Steady state
CACAGATCACGTAACT-5,Immature
CACAGGCAGGACACTG-5,Steady state
CACAGGCGTTCCAGGC-5,Steady state
CACCGTTGTGTTAACC-5,Steady state
CACGTTCAGCTGTGCC-5,Immature
CACTGAACAGTATTCG-5,Steady state
CAGATACCATCCTTCG-5,Immature
CAGATACGTCCTTGTC-5,Steady state
CAGATTGCAACAAGAT-5,Immature
CAGATTGGTACTTGTG-5,Steady state
CAGCAATTCAACTGAC-5,Steady state
CAGCACGAGCAAACAT-5,Immature
CAGCACGGTCGAGCAA-5,Immature
CAGCACGGTTCCTAAG-5,Immature
CAGCCAGCAACTAGAA-5,Immature
CAGCCAGTCGTAGCTA-5,Immature
CAGGGCTCAGTGTATC-5,Steady state
CAGGGCTGTGTTAACC-5,Steady state
CATAGACGTAAGCGGT-5,Immature
CATCCACAGTATCTGC-5,Immature
CATCGTCAGATGGTCG-5,Steady state
CATGCCTCAGCTCTGG-5,Immature
CATGCTCCATGTGTCA-5,Immature
CATGGATAGCATGCAG-5,Steady state
CATTCATCACATCATG-5,Immature
CATTCCGGTTATGGTC-5,Immature
CATTCCGTCTACCACC-5,Inflamed IFN-λ−
CATTCTATCCTGTAAG-5,Steady state
CATTGCCAGTTTCGAC-5,Steady state
CATTGCCCACTAGAGG-5,Immature
CATTTCATCCTACCAC-5,Immature
CCAATGAGTAATCAAG-5,Steady state
CCAATGAGTCAAATCC-5,Steady state
CCAATTTAGGGCGAGA-5,Steady state
CCACGTTTCCAATCTT-5,Steady state
CCACGTTTCCGGACTG-5,Inflamed IFN-λ−
CCACTTGCAAGTGCTT-5,Steady state
CCATCACGTAACATGA-5,Steady state
CCCAACTAGTCGCCCA-5,Steady state
CCCATTGAGCCATTGT-5,Steady state
CCCTGATGTTGTCATG-5,Steady state
CCGGTGAAGGCTGGAT-5,Immature
CCGTGAGCACCGCTGA-5,Steady state
CCTAACCGTATGGAGC-5,Immature
CCTACGTCATGAAGCG-5,Steady state
CCTCCAAGTAAGATTG-5,Immature
CCTTCAGTCCACGGAC-5,Steady state
CCTTTGGAGTTGAAGT-5,Steady state
CCTTTGGGTCACTGAT-5,Steady state
CGAAGTTAGCGGGTAT-5,Inflamed IFN-λ−
CGAAGTTAGGCTCCCA-5,Immature
CGAAGTTGTCCAAAGG-5,Steady state
CGAGGCTAGTAATCCC-5,Steady state
CGAGTGCGTCATCACA-5,Immature
CGATGCGTCTGCATGA-5,Steady state
CGCATGGCATGCAGGA-5,Steady state
CGCATGGTCCAGCACG-5,Steady state
CGCCAGATCACAACCA-5,Steady state
CGCCAGATCATGGGAG-5,Immature
CGGAATTTCACTGAAC-5,Steady state
CGGAGAATCGGCTCTT-5,Steady state
CGGGTCATCCGGGACT-5,Steady state
CGGTCAGGTGCACAAG-5,Steady state
CGTGTCTTCCCTTCCC-5,Immature
CGTTAGAAGTTGTCGT-5,Steady state
CGTTCTGAGTCGCCCA-5,Steady state
CGTTCTGCAGGCACTC-5,Steady state
CGTTGGGAGACGGATC-5,Immature
CGTTGGGGTAGACGGT-5,Steady state
CTACAGATCTGCGGGT-5,Steady state
CTACTATTCTACTGCC-5,Immature
CTCAACCTCCCAGCGA-5,Steady state
CTCAGAATCCTACTGC-5,Steady state
CTCAGAATCGGTATGT-5,Immature
CTCATCGCATGCCGGT-5,Immature
CTCATCGTCCGTGCGA-5,Immature
CTCCAACCAGCCTATA-5,Steady state
CTCCACATCGCTCCTA-5,Steady state
CTCCTCCCACACTTAG-5,Immature
CTCTCGATCCTTGACC-5,Steady state
CTGAATGCACGCAGTC-5,Steady state
CTGAGGCGTATAGGAT-5,Steady state
CTGATCCGTTAACCTG-5,Steady state
CTGGTCTCACAATGTC-5,Immature
CTGTCGTCAACCAACT-5,Steady state
CTGTCGTTCTCGCCTA-5,Immature
CTGTGAAGTATCGAAA-5,Steady state
CTGTGGGCATACTGTG-5,Steady state
CTTCTAAAGACAGCTG-5,Steady state
CTTGATTTCGCTAGCG-5,Steady state
CTTTCAAAGGCTCCCA-5,Immature
CTTTCAATCAAACCTG-5,Immature
CTTTCGGCACAAATCC-5,Steady state
CTTTCGGTCCGATCGG-5,Immature
GAACGTTCAACACGTT-5,Immature
GAAGCGATCTCATGGA-5,Immature
GAATCACGTACAGTAA-5,Immature
GAATCACGTATGTCCA-5,Immature
GACATCAGTTCGAGCC-5,Steady state
GACCAATGTCGGTACC-5,Immature
GACCTTCAGCTTTCCC-5,Immature
GACTATGTCAGACATC-5,Steady state
GACTCTCAGACCTTTG-5,Immature
GACTGATCAACCCTAA-5,Steady state
GACTGATCAGAGTTCT-5,Immature
GAGACTTAGCCGAACA-5,Immature
GAGAGGTCATGATGCT-5,Immature
GAGCTGCAGACCCGCT-5,Steady state
GAGCTGCAGGTGGGTT-5,Immature
GAGGCCTGTCCAAGAG-5,Steady state
GAGGGATAGCGTCTGC-5,Steady state
GAGTCTATCTAGCCAA-5,Immature
GAGTGAGGTAAGACCG-5,Steady state
GAGTTACCAAGTTGGG-5,Immature
GATCATGCAGTCTCTC-5,Steady state
GATGAGGAGACCTCAT-5,Immature
GATGAGGCATAGTCAC-5,Immature
GATGAGGTCCGTAGTA-5,Steady state
GATGTTGGTGGCGCTT-5,Steady state
GATTCGAGTCACCGCA-5,Steady state
GATTCTTCACCATTCC-5,Immature
GATTTCTCAACGATTC-5,Immature
GCAACATAGAGATCGC-5,Steady state
GCACGTGGTCACATTG-5,Steady state
GCAGCCAAGCAACCAG-5,Steady state
GCATCGGCATCTCCCA-5,Steady state
GCATCTCGTACTCCGG-5,Steady state
GCATCTCGTGGCTGAA-5,Steady state
GCATTAGGTCAACCTA-5,Steady state
GCCAGCAAGGCTGGAT-5,Inflamed IFN-λ−
GCCAGCATCTAAGCCA-5,Immature
GCCCGAAAGATAACAC-5,Immature
GCGGAAAAGCCATTCA-5,Immature
GCTTCACAGGCGTCCT-5,Immature
GCTTTCGCAACAACAA-5,Steady state
GGAAGTGCATTGAAGA-5,Steady state
GGAGCAATCCATTCAT-5,Steady state
GGAGGATCAGTATGAA-5,Steady state
GGCTTGGTCCCAATAG-5,Steady state
GGCTTGGTCTTCGCTG-5,Steady state
GGGATCCGTCCTGGTG-5,Steady state
GGGCTACGTTGACGGA-5,Steady state
GGGCTCAGTCATAGTC-5,Immature
GGGTGAATCACCATGA-5,Steady state
GGTCACGCAACGGGTA-5,Steady state
GGTGAAGCACTACCCT-5,Steady state
GGTTGTAAGCTCCACG-5,Immature
GGTTGTACACCATATG-5,Immature
GTAACACAGGCAGGTT-5,Immature
GTAACACCACGTTGGC-5,Steady state
GTAACACGTTGTAGCT-5,Immature
GTAATGCGTGTAAACA-5,Steady state
GTAGAAATCAACGTGT-5,Immature
GTAGAAATCTACCTTA-5,Steady state
GTAGGAGGTACCCAGC-5,Immature
GTAGTACAGAATACAC-5,Immature
GTATTGGCAGTAACCT-5,Immature
GTATTTCAGTTCATCG-5,Steady state
GTCATCCAGCCGTTAT-5,Steady state
GTCATCCAGGTGAGCT-5,Immature
GTCATGATCAGGTAAA-5,Immature
GTCCTCAAGTAGCAAT-5,Immature
GTCTGTCCACAACATC-5,Steady state
GTGACGCGTGGAGAAA-5,Steady state
GTGAGCCAGAACTCCT-5,Steady state
GTGATGTCAAGTGCTT-5,Immature
GTGCGTGGTATGAGCG-5,Immature
GTGCTGGCAAGACGAC-5,Immature
GTGCTTCTCACATCAG-5,Steady state
GTGTAACAGCTCCACG-5,Immature
GTGTAACAGTGCAGGT-5,Immature
GTGTCCTGTGGCCACT-5,Immature
GTGTGATCACTGCGTG-5,Steady state
GTGTTCCTCAGCACCG-5,Steady state
GTGTTCCTCGTAACAC-5,Steady state
GTTCGCTAGGACAACC-5,Steady state
GTTGAACGTGGTCAAG-5,Immature
GTTGTAGGTCTCGACG-5,Steady state
GTTGTAGTCGATACAC-5,Immature
GTTTGGACAGTTACCA-5,Steady state
TAACACGCAACGACAG-5,Steady state
TAAGTCGGTCACCTTC-5,Immature
TAATTCCAGCCATTTG-5,Immature
TACACCCCAAGATGTA-5,Steady state
TACCGAAAGGCGACAT-5,Immature
TACCTCGCATGGAACG-5,Steady state
TACGCTCTCGTCGGGT-5,Immature
TACTGCCGTCATACCA-5,Steady state
TACTTACCATGTGCTA-5,Steady state
TACTTACTCCGCGATG-5,Steady state
TAGACCAAGATCGGTG-5,Steady state
TAGACTGCAGATCACT-5,Steady state
TAGAGTCAGGAAGTGA-5,Steady state
TAGAGTCAGTGACACG-5,Steady state
TAGGAGGAGGATATGT-5,Immature
TAGGGTTCATCAGTGT-5,Immature
TAGTGCAAGTATCTGC-5,Steady state
TATCTTGAGTTGGAGC-5,Steady state
TATTCCAAGAGTAACT-5,Immature
TATTCCACACAATCTG-5,Steady state
TCAAGACTCAGCTGAT-5,Steady state
TCACATTCATATACCG-5,Steady state
TCAGGTACAGCCGGTT-5,Steady state
TCAGTCCGTCACGTGC-5,Immature
TCATCATGTATCACGT-5,Immature
TCATTACTCCACCTCA-5,Immature
TCATTCAAGTGGAAGA-5,Steady state
TCATTGTCAAAGACTA-5,Immature
TCATTGTTCCCGAGTG-5,Steady state
TCCACGTGTTTCGCTC-5,Steady state
TCCATCGGTTCCACAA-5,Steady state
TCCCATGAGAACAGGA-5,Steady state
TCCCATGGTATCACCA-5,Steady state
TCCTGCAAGGTCCAGA-5,Steady state
TCCTTCTCACTGCATA-5,Immature
TCGAAGTGTTAAAGTG-5,Immature
TCGGGTGCAAGTCCAT-5,Immature
TCTACCGTCGTTCATT-5,Immature
TCTGGCTTCGCATTAG-5,Steady state
TCTTGCGCAGGATTCT-5,Steady state
TCTTGCGTCGTTCTGC-5,Steady state
TCTTTGAAGCGCCTTG-5,Steady state
TGAATCGGTCTTACAG-5,Steady state
TGAATGCTCCTCTTTC-5,Immature
TGAGCATTCAAGAAAC-5,Immature
TGAGCGCAGGGCCAAT-5,Steady state
TGAGGTTTCTATCCAT-5,Immature
TGATCAGTCCGATTAG-5,Immature
TGATCTTCAGCACACC-5,Steady state
TGATCTTGTACCTATG-5,Immature
TGATTCTCATGGCACC-5,Immature
TGCAGGCTCCAACTGA-5,Steady state
TGCATCCCAGTATTCG-5,Steady state
TGCATCCGTGACACGA-5,Steady state
TGCCGAGGTGGCTACC-5,Steady state
TGCGACGAGCCTCCAG-5,Immature
TGCGACGCAGCCGTTG-5,Steady state
TGCGGCAAGTCTAACC-5,Steady state
TGCTGAATCTTGAACG-5,Immature
TGGCGTGTCGTGGCTG-5,Immature
TGGGCGTAGACAGCGT-5,Steady state
TGTGATGGTCGTGGAA-5,Immature
TGTGCGGTCGAGCTGC-5,Steady state
TGTTCCGTCATGTCTT-5,Steady state
TGTTCCGTCCTGATAG-5,Steady state
TGTTGAGAGTCAGGGT-5,Immature
TTAATCCAGTCATCGT-5,Immature
TTACAGGGTACTCCCT-5,Immature
TTACAGGTCAAGAAAC-5,Steady state
TTACCATCAGAGAGGG-5,Steady state
TTACGCCAGTCTAGCT-5,Immature
TTACGTTCACTTGAAC-5,Steady state
TTAGGCAAGTATTGCC-5,Steady state
TTATTGCTCCGAGTGC-5,Steady state
TTCACCGGTGTTGAGG-5,Steady state
TTCATTGTCTTGATTC-5,Steady state
TTCCACGGTGCTAGCC-5,Steady state
TTCCACGTCGGCTATA-5,Immature
TTCCGGTTCTGTCAGA-5,Immature
TTCCGTGCATACGCAT-5,Steady state
TTCCTAATCAAATGCC-5,Immature
TTCGCTGGTTTCGCTC-5,Steady state
TTCTAGTAGCATGAAT-5,Steady state
TTCTAGTCAACCTATG-5,Immature
TTGAACGGTCGACTGC-5,Steady state
TTGACCCGTCAGCTTA-5,Steady state
TTGAGTGTCTCACGAA-5,Immature
TTGCCTGAGCTGAAAT-5,Immature
TTGCCTGGTAGGTTTC-5,Steady state
TTGCCTGGTCGCATTA-5,Immature
TTGCTGCAGGAACGTC-5,Steady state
TTGGGATAGGAGGCAG-5,Immature
TTGGGCGCACGGTGAA-5,Inflamed IFN-λ−
TTTACCAAGATTAGAC-5,Immature
TTTACGTCAAGTATCC-5,Steady state
TTTCATGGTGGGCTTC-5,Steady state
TTTCCTCTCGGCTCTT-5,Steady state
TTTGGAGGTTATTCTC-5,Steady state
AAACGAATCAACTCTT-6,Steady state
AACAACCAGATGACAT-6,Immature
AACAAGATCGCTAATG-6,Inflamed IFN-λ−
AACCATGAGTTTCTTC-6,Steady state
AACCCAACAGCGACCT-6,Immature
AACCTGACAACGTAAA-6,Steady state
AACCTTTTCATCGACA-6,Steady state
AACGAAATCTTACCGC-6,Steady state
AACGGGAGTCACGTGC-6,Steady state
AACGTCAAGCTGTTAC-6,Immature
AACTTCTCATTGACCA-6,Steady state
AAGACAAGTTTCACTT-6,Steady state
AAGACAATCCTGTACC-6,Steady state
AAGACTCAGTCTACCA-6,Immature
AAGGAATTCCACAAGT-6,Steady state
AAGGTAAAGCAGATAT-6,Steady state
AAGGTAAAGGTAGTAT-6,Steady state
AATAGAGCAAACGTGG-6,Immature
AATGAAGAGTTGTCGT-6,Steady state
AATGACCTCGGCTTCT-6,Steady state
ACACAGTGTTGGCCTG-6,Immature
ACACCAAAGATACTGA-6,Steady state
ACACCAACATGGCCCA-6,Steady state
ACACCAAGTGAATATG-6,Immature
ACACGCGAGTTTAGGA-6,Immature
ACACGCGGTCCCGCAA-6,Immature
ACATGCAGTAACCCGC-6,Steady state
ACATGCAGTCCTCAGG-6,Steady state
ACCCAAAAGACTTCAC-6,Immature
ACCCTTGGTACTCGCG-6,Inflamed IFN-λ−
ACCCTTGGTGCAAGAC-6,Immature
ACCGTTCGTTGCCGAC-6,Steady state
ACCTGTCCAGAGTCTT-6,Steady state
ACGATGTGTAGTCTTG-6,Inflamed IFN-λ−
ACGGTTAAGGAACATT-6,Steady state
ACGTAGTCACCATTCC-6,Immature
ACTATCTAGCGAAACC-6,Inflamed IFN-λ−
ACTATGGAGGTGCAGT-6,Immature
ACTATGGCACGTCTCT-6,Steady state
ACTGATGTCGTTCATT-6,Steady state
AGAAGCGCAGTGGCTC-6,Immature
AGAAGCGTCCCGAAAT-6,Immature
AGACACTAGTGTTGTC-6,Steady state
AGACCATGTACAAGTA-6,Inflamed IFN-λ−
AGAGCAGGTACAATAG-6,Steady state
AGAGCCCGTGGCTACC-6,Steady state
AGAGCCCGTGTGATGG-6,Steady state
AGATCGTGTGGAGAAA-6,Steady state
AGCCAATAGACATAAC-6,Steady state
AGCCAATCAGCTTCCT-6,Steady state
AGCCAATTCACATACG-6,Steady state
AGCCAATTCTCATGGA-6,Steady state
AGCCACGCATCCGAGC-6,Steady state
AGCGATTAGCGGGTTA-6,Steady state
AGCGATTAGCTACGTT-6,Steady state
AGCTCAAGTCTTTCAT-6,Immature
AGGAATAGTACCCGCA-6,Immature
AGGACTTAGGTGCAGT-6,Steady state
AGGAGGTTCGATCCCT-6,Immature
AGGATCTGTGACTATC-6,Immature
AGGCATTTCTACCACC-6,Steady state
AGGCCACTCGCCTAGG-6,Immature
AGGGAGTAGCTGAAGC-6,Steady state
AGGGCCTAGATGGCAC-6,Immature
AGGGCCTGTAGCACAG-6,Immature
AGGGCCTTCGGCTTGG-6,Immature
AGGGTCCTCATGTCTT-6,Steady state
AGGGTCCTCGGTCGAC-6,Steady state
AGGTTGTGTATCGGTT-6,Immature
AGGTTGTTCTTAGTTC-6,Steady state
AGTACTGTCCGCAACG-6,Immature
AGTAGCTCATCCCGTT-6,Immature
AGTCTCCCAAGACCTT-6,Immature
AGTTCGAGTGATTCAC-6,Immature
ATACCGACAAATACGA-6,Steady state
ATACCGAGTGAGGAAA-6,Immature
ATAGGCTAGTCACTCA-6,Steady state
ATCACAGTCTAGTTCT-6,Steady state
ATCACGAAGACTCATC-6,Steady state
ATCAGGTTCGCCAGTG-6,Immature
ATCCATTTCTTTCCGG-6,Steady state
ATCCCTGAGGGTTAAT-6,Steady state
ATCCGTCAGATTGAGT-6,Immature
ATCGATGTCTTGGGCG-6,Steady state
ATCGTAGCACTGTCCT-6,Steady state
ATCGTAGTCATTACTC-6,Immature
ATCGTCCTCTGGAAGG-6,Immature
ATCGTGAAGTTAGAAC-6,Immature
ATCGTGATCATCACTT-6,Immature
ATCTTCATCGCCAACG-6,Immature
ATGAGTCTCGCCGTGA-6,Steady state
ATGATCGGTCACCCTT-6,Immature
ATGCATGCACTATCGA-6,Steady state
ATGCCTCTCGGTCATA-6,Steady state
ATGCCTCTCTCGTCAC-6,Steady state
ATGGAGGGTTTGCCGG-6,Steady state
ATGTCCCAGCTTGTTG-6,Immature
ATTACCTTCGCAACAT-6,Steady state
ATTATCCAGAGCATAT-6,Steady state
ATTCACTTCCACAGGC-6,Steady state
ATTCACTTCGTAGCCG-6,Steady state
ATTCAGGCAGTAACCT-6,Immature
ATTTCTGGTTAATGAG-6,Steady state
CAACAACCAAGTCATC-6,Steady state
CAACAACCATGAGAAT-6,Steady state
CAAGCTAGTAATTGGA-6,Immature
CAAGCTAGTGAGACGT-6,Steady state
CAATCGATCAGCATTG-6,Immature
CACAGATCATCCTGTC-6,Inflamed IFN-λ−
CACAGATGTGGCGTAA-6,Immature
CACATGAAGGATGAGA-6,Immature
CACATGACACGGTCTG-6,Steady state
CACATGACATATGAAG-6,Immature
CACATGAGTAGCGTCC-6,Steady state
CACCGTTCATCTTTCA-6,Steady state
CACGAATGTCGATGCC-6,Steady state
CACGGGTAGCTGACTT-6,Steady state
CACGTGGAGCTCTATG-6,Steady state
CACTTCGGTACGCTAT-6,Steady state
CAGATACAGCGCTGCT-6,Immature
CAGCAATCACAGTGTT-6,Inflamed IFN-λ+
CAGCAGCCAAAGAGTT-6,Immature
CAGGGCTGTATCTCTT-6,Inflamed IFN-λ−
CAGGGCTTCACAACCA-6,Immature
CAGTTCCCAAATTGCC-6,Steady state
CAGTTCCGTAGTCTTG-6,Steady state
CATCGGGCAAATTGGA-6,Steady state
CATGCAATCGCTAATG-6,Steady state
CATGCGGAGATAACAC-6,Steady state
CATGCGGGTGCAGATG-6,Steady state
CATGCGGGTGGTCTTA-6,Steady state
CATGCTCGTTGCTAGT-6,Steady state
CATTCATGTCGTCGGT-6,Inflamed IFN-λ−
CATTCTAAGTAAACTG-6,Steady state
CATTCTACAGGGACTA-6,Immature
CATTGCCTCTAGCATG-6,Inflamed IFN-λ−
CATTGTTAGTGTGTTC-6,Steady state
CCACACTAGCACTCGC-6,Steady state
CCACACTTCGAGTGGA-6,Immature
CCACGTTTCGCTCTAC-6,Immature
CCATAAGGTATTGGCT-6,Steady state
CCATCACGTGTGTGTT-6,Steady state
CCATCACTCAAAGAAC-6,Steady state
CCCATTGTCCCTGGTT-6,Immature
CCCGGAAAGAGAGTGA-6,Steady state
CCCTCAAGTCGCTGCA-6,Steady state
CCGATCTGTGCCCGTA-6,Steady state
CCGGTAGCAAGAGTTA-6,Immature
CCTAAGAAGTTGCCCG-6,Steady state
CCTCCTCTCCAGCTCT-6,Steady state
CCTCTCCAGATTAGTG-6,Immature
CCTGTTGAGATCACTC-6,Steady state
CCTGTTGCATCATGAC-6,Steady state
CCTTGTGAGCATGTTC-6,Inflamed IFN-λ−
CCTTTGGAGGCCCACT-6,Immature
CCTTTGGCAGACAATA-6,Immature
CGACAGCGTGAATATG-6,Steady state
CGATGCGGTGCTAGCC-6,Immature
CGCAGGTTCTACTTCA-6,Steady state
CGCATGGGTAGGTCAG-6,Steady state
CGGACACTCGTAACTG-6,Steady state
CGGCAGTCACAGCTTA-6,Steady state
CGGCAGTGTCAGATTC-6,Immature
CGGGTCAAGCATCAGG-6,Immature
CGGGTCACATGTGCTA-6,Immature
CGTAATGCAAAGCAAT-6,Steady state
CGTAGTAAGTCACGCC-6,Immature
CGTCAAAAGTGGAATT-6,Immature
CGTCCATTCCCACAGG-6,Steady state
CGTGTCTGTGGTCTTA-6,Steady state
CTAAGTGGTAGTTACC-6,Steady state
CTACAGAGTTCTGAGT-6,Steady state
CTACATTCAGACCCGT-6,Immature
CTAGACAAGTGTTGTC-6,Immature
CTAGACAGTCTTTCAT-6,Steady state
CTAGACATCGAGATGG-6,Steady state
CTAGACATCGGTTCAA-6,Immature
CTAGGTAGTTGATCGT-6,Immature
CTCACTGCAGGAACCA-6,Steady state
CTCAGGGGTATGGGAC-6,Immature
CTCAGTCCAGACCAAG-6,Immature
CTCATCGCAAACTCGT-6,Immature
CTCATGCTCGTCGCTT-6,Immature
CTCATGCTCTTGAACG-6,Inflamed IFN-λ−
CTCATTATCGGCTATA-6,Steady state
CTCATTATCTCCGTGT-6,Immature
CTCTCGAGTACACGTT-6,Immature
CTGAATGCAATCAAGA-6,Steady state
CTGCAGGAGTGGTCAG-6,Steady state
CTGCATCCACTCAAGT-6,Immature
CTGCATCGTGGCAACA-6,Immature
CTGGTCTTCCTCATAT-6,Steady state
CTGTAGACAGTAGATA-6,Inflamed IFN-λ−
CTGTCGTCAGTTCCAA-6,Steady state
CTGTGAAAGCAATAGT-6,Steady state
CTGTGGGCACAAATGA-6,Steady state
CTTAGGACAGCAGTGA-6,Inflamed IFN-λ−
CTTCCTTCAACTACGT-6,Immature
CTTCTCTGTATACCCA-6,Steady state
GAAATGAAGAGGCGTT-6,Steady state
GAACTGTTCCCATAGA-6,Immature
GAAGCGAAGCCATTGT-6,Immature
GACACGCGTCAGGTAG-6,Steady state
GACAGCCGTCAAACGG-6,Steady state
GACATCACAGAGTCTT-6,Inflamed IFN-λ−
GACCAATTCTTTCCGG-6,Steady state
GACCGTGCAATTGCAC-6,Immature
GACCGTGGTTCAACGT-6,Steady state
GACCTTCCATACGCAT-6,Immature
GACCTTCTCTCCTACG-6,Immature
GACGCTGGTGATACTC-6,Inflamed IFN-λ−
GACGCTGTCGCGATCG-6,Steady state
GACTCTCCATAGCACT-6,Immature
GACTCTCTCAAGTGGG-6,Steady state
GACTCTCTCCAACTGA-6,Steady state
GAGAAATAGGCTCTAT-6,Inflamed IFN-λ−
GAGGCAACATCACAGT-6,Immature
GAGGGATAGTATGGCG-6,Steady state
GAGGGATGTACGAGCA-6,Steady state
GAGGGTACAGCTGTTA-6,Steady state
GAGTGAGCAGGCTTGC-6,Steady state
GAGTTACGTCCACTCT-6,Immature
GATAGCTGTTAAGGGC-6,Steady state
GATCACACACCTCTAC-6,Immature
GATGCTACAGATCACT-6,Immature
GATGCTATCATTTACC-6,Immature
GATGTTGAGATACATG-6,Steady state
GATGTTGAGTCATGCT-6,Immature
GATTCGATCATGGGAG-6,Steady state
GCACGGTAGTAGTCAA-6,Inflamed IFN-λ−
GCACTAACATGTTCGA-6,Immature
GCAGGCTCACATGTTG-6,Immature
GCATCTCAGTGTAGAT-6,Steady state
GCATCTCCAAAGTATG-6,Steady state
GCATGATAGCTGAGCA-6,Steady state
GCATGATAGTCGCCAC-6,Steady state
GCCAACGCAGTTCTAG-6,Steady state
GCCCAGAAGCGTGCCT-6,Steady state
GCCCAGATCTGTAACG-6,Steady state
GCCGATGCACCGGAAA-6,Immature
GCCGATGGTGAGTCAG-6,Steady state
GCCGTGATCATGGTAC-6,Steady state
GCCTGTTCAAGCTGTT-6,Steady state
GCGAGAAAGTTGCCCG-6,Steady state
GCTACCTAGCCGTTGC-6,Immature
GCTGCAGAGCGGGTAT-6,Immature
GCTTCACCAAATGAAC-6,Immature
GCTTGGGAGACTTCGT-6,Inflamed IFN-λ−
GCTTGGGCACTCACTC-6,Immature
GCTTTCGCAACGAGGT-6,Steady state
GGAAGTGAGGTGCCTC-6,Immature
GGAATGGGTCCCTCAT-6,Immature
GGACGTCAGGATTACA-6,Immature
GGATCTAAGCTTAAGA-6,Steady state
GGCGTCAGTGCTCTCT-6,Steady state
GGCTGTGCAGAGACTG-6,Steady state
GGGACAAGTGGCATCC-6,Steady state
GGGACAAGTTCGGCTG-6,Steady state
GGGACAATCAATCAGC-6,Steady state
GGGACTCTCCAATCTT-6,Immature
GGGAGTAAGTTTCGAC-6,Steady state
GGGAGTAGTTTCACAG-6,Steady state
GGGATCCCAACCAATC-6,Steady state
GGGCTACTCAAATGAG-6,Steady state
GGGCTCAGTCGACTTA-6,Immature
GGGTATTCATCCTCAC-6,Steady state
GGGTCACAGCGCTGAA-6,Immature
GGGTCACGTAGATTAG-6,Steady state
GGGTCTGCAAAGCACG-6,Steady state
GGGTTATAGCATGATA-6,Steady state
GGTGAAGAGCGTGCCT-6,Steady state
GGTGAAGTCGCGTGCA-6,Steady state
GGTGTTAAGCACCGTC-6,Steady state
GGTGTTAGTAGCACAG-6,Immature
GGTGTTATCGAGTACT-6,Immature
GGTTGTACAATCGTCA-6,Immature
GTAAGTCCAATTAGGA-6,Steady state
GTAATCGTCCTTATAC-6,Immature
GTAATCGTCTTGGATG-6,Steady state
GTACAACCATACTTTC-6,Steady state
GTACAACTCGCCAATA-6,Steady state
GTAGGAGGTGGCTCTG-6,Immature
GTAGGTTAGGTGCTTT-6,Steady state
GTAGGTTAGTTGTAGA-6,Inflamed IFN-λ−
GTCAGCGGTTCGGGTC-6,Inflamed IFN-λ−
GTCAGCGGTTGGTAGG-6,Immature
GTCATTTGTCCGGACT-6,Immature
GTCCACTTCACACCGG-6,Immature
GTCCCATAGACAACTA-6,Steady state
GTCCCATAGGCTATCT-6,Steady state
GTCCCATCAGATACTC-6,Steady state
GTCGTAAGTTTCGTAG-6,Immature
GTCGTAATCGCTTACC-6,Steady state
GTCGTTCGTTAAGTCC-6,Steady state
GTCTAGAGTGGATCAG-6,Immature
GTGACGCAGTAACCTC-6,Steady state
GTGACGCCACGTAGTT-6,Immature
GTGAGCCCAGGTAGTG-6,Steady state
GTGAGCCGTATCGTTG-6,Steady state
GTGCAGCAGAGCCGAT-6,Steady state
GTGGTTAAGAGATCGC-6,Immature
GTGGTTAAGCAGAAAG-6,Immature
GTGTTAGAGCACTCGC-6,Steady state
GTTACCCTCGCTCTAC-6,Inflamed IFN-λ−
GTTACGAGTGAGTAGC-6,Steady state
GTTACGATCTACGCGG-6,Immature
GTTAGACCACATATGC-6,Immature
GTTATGGCACTACGGC-6,Steady state
GTTATGGTCTTAGTTC-6,Immature
GTTCGCTAGACATAGT-6,Steady state
GTTGCTCAGCGTTCAT-6,Immature
GTTGTAGCAGCATTGT-6,Immature
GTTGTGACAACAGTGG-6,Steady state
GTTTGGACAATACGCT-6,Steady state
TAACGACTCAATGTCG-6,Steady state
TAAGCACCAATGTCAC-6,Immature
TAAGCACTCTGCGAGC-6,Steady state
TAAGCGTCACCATATG-6,Immature
TAATTCCAGGCCCACT-6,Steady state
TACAACGGTCGGAAAC-6,Steady state
TACAACGTCCTTCTGG-6,Steady state
TACAGGTCACCAGTAT-6,Immature
TACCCACTCGCATAGT-6,Steady state
TACCCGTTCAATGCAC-6,Inflamed IFN-λ−
TACCGAATCCAACTGA-6,Steady state
TACGGTATCGTCCTTG-6,Inflamed IFN-λ−
TACTTACGTCCTTTGC-6,Steady state
TACTTACTCGAAGCAG-6,Immature
TACTTCAGTCACGTGC-6,Steady state
TAGAGTCCAGTTGAAA-6,Steady state
TAGATCGCAGCAGATG-6,Steady state
TAGATCGTCACCGCTT-6,Steady state
TATCAGGGTAGTGGCA-6,Steady state
TATCCTACACGACGTC-6,Immature
TATCCTACATATCTCT-6,Steady state
TCAAGACAGGAGACCT-6,Immature
TCAAGTGAGATGCCGA-6,Steady state
TCAATCTGTGCAAGAC-6,Immature
TCAATTCGTCGATGCC-6,Steady state
TCACGGGTCCGTTGAA-6,Immature
TCACGGGTCCTTCTTC-6,Inflamed IFN-λ−
TCACTATTCAAACGTC-6,Steady state
TCACTCGGTTTGCCGG-6,Immature
TCAGCAAAGACGGTTG-6,Immature
TCAGGGCGTGCCCAGT-6,Inflamed IFN-λ−
TCATATCCAAGACCTT-6,Immature
TCATCCGTCTGAACGT-6,Steady state
TCATGCCGTAACGTTC-6,Immature
TCATGTTTCACGATCA-6,Immature
TCATTCAAGTCGAATA-6,Steady state
TCATTGTCAACAGTGG-6,Steady state
TCCACCACAGTAGTTC-6,Steady state
TCCCACATCACTGGTA-6,Steady state
TCCGATCGTTGGCCTG-6,Inflamed IFN-λ−
TCCTAATCATGTCAGT-6,Steady state
TCCTCGAGTTAGAAGT-6,Steady state
TCCTCTTAGGACAACC-6,Inflamed IFN-λ−
TCCTCTTCACCAAATC-6,Steady state
TCCTTTCCAATCGCGC-6,Immature
TCGATTTAGCGCTTCG-6,Inflamed IFN-λ−
TCGATTTTCGACCACG-6,Steady state
TCGCTTGCACGCGCAT-6,Immature
TCGCTTGTCTGAGGTT-6,Immature
TCGGGCAGTCATATGC-6,Steady state
TCGGGCAGTTAATGAG-6,Steady state
TCGTAGAGTAACTGCT-6,Immature
TCTAACTCAGAGTCAG-6,Steady state
TCTCAGCAGGTGATAT-6,Immature
TCTCCGACAGTCTACA-6,Immature
TCTTGCGGTGATAGTA-6,Immature
TGAATGCCAGGGCTTC-6,Immature
TGACGCGTCCGCACGA-6,Immature
TGACTCCTCGTAGTCA-6,Steady state
TGAGACTTCCGTAGGC-6,Inflamed IFN-λ−
TGAGCGCAGCATCCTA-6,Immature
TGAGCGCAGGAAAGAC-6,Immature
TGAGCGCCACGAGAAC-6,Immature
TGAGCGCGTCAAGCGA-6,Steady state
TGAGGAGGTAGACGGT-6,Immature
TGAGTCAGTAGTCCTA-6,Immature
TGATCTTTCAACACCA-6,Steady state
TGATGCAAGTTCCATG-6,Steady state
TGCAGATGTTACCGTA-6,Immature
TGCAGGCCAACGGCTC-6,Steady state
TGCATCCTCTCTAGGA-6,Steady state
TGCTCCACACTTGGGC-6,Steady state
TGCTGAATCAATCAGC-6,Immature
TGCTTGCTCCGAGATT-6,Steady state
TGGAACTAGGTAGGCT-6,Immature
TGGAGGAAGGCTATCT-6,Steady state
TGGATGTAGTCAACAA-6,Steady state
TGGCGTGGTTTGGCTA-6,Steady state
TGGGATTGTACCGGAA-6,Steady state
TGGGATTTCTACTGAG-6,Steady state
TGGGCTGAGTCCGCCA-6,Immature
TGTTCATGTTCTCGCT-6,Immature
TGTTCATTCTTAGCAG-6,Inflamed IFN-λ−
TGTTGAGGTAGTACGG-6,Steady state
TGTTGGAGTATTTCGG-6,Steady state
TTCCACGTCGAGAGCA-6,Immature
TTCCTAACACAATCTG-6,Inflamed IFN-λ−
TTCCTTCCAAGTGCTT-6,Steady state
TTCGATTAGCATTGAA-6,Steady state
TTCGATTGTGGGTATG-6,Steady state
TTCGCTGTCGCTACAA-6,Steady state
TTCTAGTTCTGACCCT-6,Steady state
TTCTCTCGTGCAATGG-6,Immature
TTCTGTACAGTTAGAA-6,Inflamed IFN-λ−
TTCTTCCAGCACGGAT-6,Steady state
TTCTTCCTCAAAGCCT-6,Immature
TTCTTCCTCGACCACG-6,Steady state
TTCTTCCTCGGAGCAA-6,Immature
TTGACCCAGCTCGCAC-6,Inflamed IFN-λ−
TTGAGTGAGCCATCCG-6,Inflamed IFN-λ−
TTGATGGCAATCCAGT-6,Immature
TTGCCTGAGGACTATA-6,Steady state
TTGCCTGGTCAGTCTA-6,Steady state
TTGGGCGAGTCCTGCG-6,Steady state
TTGGTTTGTGCTCTCT-6,Immature
TTGTGGAAGTTGTAGA-6,Steady state
TTGTGGAGTAGAGTTA-6,Steady state
TTGTTGTCACGTCGTG-6,Immature
TTGTTTGCAAGCCCAC-6,Inflamed IFN-λ−
TTTACCACAGACAATA-6,Steady state
TTTACCAGTTCTGAGT-6,Steady state
TTTACTGGTCTGATAC-6,Steady state
TTTACTGGTGTGCCTG-6,Inflamed IFN-λ−
TTTAGTCCAGACTCTA-6,Immature
TTTCAGTGTCGCGTCA-6,Steady state
TTTCAGTGTCTGATAC-6,Steady state
TTTCGATGTATGGTTC-6,Steady state
