barcode,Secretory_subcluster
AAACCCACAACTGCTA-1,Inflamed
AAAGGGCTCCTCGATC-1,SERBINB3/PI3 high
AACAACCGTATGCGTT-1,Inflamed
AACCTTTCAGCGTATT-1,SERBINB3/PI3 high
AACCTTTTCCCATAGA-1,Inflamed
AAGCATCTCTCTGCCA-1,Inflamed
AAGCGTTAGAGTTGTA-1,Inflamed
AATGGAAAGACACACG-1,Inflamed
AATGGAAAGCACTAAA-1,Inflamed
AATTTCCCACGTCGGT-1,Inflamed
AATTTCCCATTCCTCG-1,Inflamed
ACAAAGACAAGCGATG-1,Inflamed
ACACGCGTCACCGGGT-1,Inflamed
ACCAAACCACGGTGTC-1,Inflamed
ACCCTTGAGACTACCT-1,Inflamed
ACCTACCCAATGTGGG-1,Inflamed
ACCTGAACAAATGATG-1,Inflamed
ACGCACGAGAGCCCAA-1,Inflamed
ACGGGTCTCCGTCAAA-1,Inflamed
ACGGTTAAGCCTAGGA-1,SERBINB3/PI3 high
ACTATTCGTCCATACA-1,SERBINB3/PI3 high
ACTGATGCAATCGCGC-1,Inflamed
ACTGCAATCGTAACTG-1,SERBINB3/PI3 high
ACTGTGATCGATGCTA-1,Inflamed
ACTTTCAAGGTAGTAT-1,SERBINB3/PI3 high
AGAAATGAGCGTTACT-1,SERBINB3/PI3 high
AGAACCTAGATTCGCT-1,Inflamed
AGAAGCGAGAGTCGAC-1,Inflamed
AGAAGTATCTCCTGTG-1,SERBINB3/PI3 high
AGACCCGGTATGTCCA-1,Inflamed
AGAGAATTCAAATGAG-1,SERBINB3/PI3 high
AGAGCCCTCTATGCCC-1,Inflamed
AGATAGAGTCCTCAGG-1,Inflamed
AGATCCACATCCTTGC-1,Inflamed
AGATCGTTCGATTGGT-1,Inflamed
AGCGCTGAGATTGCGG-1,SERBINB3/PI3 high
AGGCCACGTACAGCGA-1,Inflamed
AGGGTGACATCTCAAG-1,Steady state
AGGTTACGTTGAAGTA-1,Inflamed
AGGTTGTTCAAGGTGG-1,Steady state
AGTCACACACTGTTCC-1,Inflamed
AGTCTCCGTAGACAAT-1,SERBINB3/PI3 high
ATAGACCTCACGTAGT-1,Inflamed
ATAGGCTCAAGCAGGT-1,SERBINB3/PI3 high
ATCACAGGTTTCAGAC-1,SERBINB3/PI3 high
ATCACAGTCAGCCCAG-1,Inflamed
ATCACTTTCTCGAACA-1,Steady state
ATCATTCTCGCGTCGA-1,SERBINB3/PI3 high
ATCCCTGGTTGGTACT-1,Inflamed
ATCGCCTCAAAGAGTT-1,SERBINB3/PI3 high
ATGCCTCTCCATATGG-1,Inflamed
ATTCACTGTATCATGC-1,Inflamed
ATTCAGGCATCCGGTG-1,Steady state
ATTTACCTCAACTCTT-1,Inflamed
ATTTCTGCAGGTCCGT-1,Inflamed
CAACAGTCAGAATCGG-1,SERBINB3/PI3 high
CAACGATAGAAGAACG-1,SERBINB3/PI3 high
CAAGACTGTGATCATC-1,SERBINB3/PI3 high
CAAGACTGTGGAACCA-1,Inflamed
CAAGGGAAGCAAATCA-1,Inflamed
CAATACGTCGAGGCAA-1,Inflamed
CACAGGCCACGGCCAT-1,SERBINB3/PI3 high
CACAGGCTCAGGAAGC-1,Steady state
CACCAAATCTGGAAGG-1,Inflamed
CACGAATAGTACAGAT-1,SERBINB3/PI3 high
CACGAATGTACGGTTT-1,Inflamed
CACGAATTCATTGCTT-1,Inflamed
CACGGGTGTACTAAGA-1,SERBINB3/PI3 high
CAGATTGGTTAGCTAC-1,SERBINB3/PI3 high
CAGATTGTCAGTGTGT-1,SERBINB3/PI3 high
CAGCCAGAGGTTGCCC-1,SERBINB3/PI3 high
CAGCCAGCAGCTACTA-1,Inflamed
CAGCGTGAGGCTTAGG-1,Inflamed
CAGTGCGCACTCAGAT-1,Inflamed
CATACCCGTAACGGTG-1,SERBINB3/PI3 high
CATCGTCGTCATCCGG-1,SERBINB3/PI3 high
CATTCTATCGTTCTGC-1,Inflamed
CCAAGCGAGCTAATGA-1,Inflamed
CCAATGATCCCAACTC-1,Inflamed
CCACCATCAACTAGAA-1,Inflamed
CCACCATCACTGAGGA-1,Inflamed
CCACCATTCTCTTAAC-1,Inflamed
CCACTTGCAACTAGAA-1,Inflamed
CCCATTGAGGCAGCTA-1,SERBINB3/PI3 high
CCCGAAGCAACAAAGT-1,Steady state
CCGATCTAGTTGCTGT-1,Inflamed
CCGTAGGGTTCTGACA-1,Inflamed
CCTAACCAGAGGCGTT-1,SERBINB3/PI3 high
CCTCAGTGTGCCTACG-1,Inflamed
CCTCCAACAAACACCT-1,Inflamed
CCTTCAGTCTACTGCC-1,Inflamed
CGAAGGAGTAGGTTTC-1,Inflamed
CGAGGCTTCCGAGATT-1,Inflamed
CGAGTTACACACGGTC-1,Inflamed
CGATGCGGTATACGGG-1,SERBINB3/PI3 high
CGATGGCAGACTACCT-1,Inflamed
CGCATAACATGACTCA-1,Inflamed
CGCATGGGTGTGACCC-1,Inflamed
CGCGTGAGTACCTAAC-1,Inflamed
CGGCAGTAGACTGAGC-1,Inflamed
CGTAATGGTGAACGGT-1,Inflamed
CGTCAAACACGCTGAC-1,Inflamed
CGTCAAACATTCATCT-1,SERBINB3/PI3 high
CGTGAATCACTCAAGT-1,SERBINB3/PI3 high
CTACCCATCCCAATAG-1,Inflamed
CTAGGTACAGTTGCGC-1,SERBINB3/PI3 high
CTATCCGAGGGTCTTT-1,SERBINB3/PI3 high
CTCAAGAAGCACTCAT-1,Inflamed
CTCCACATCGGTTCAA-1,Inflamed
CTCGAGGAGGCATCGA-1,SERBINB3/PI3 high
CTCGAGGCACCGTGAC-1,Inflamed
CTCGAGGCAGTCTACA-1,Inflamed
CTCTGGTAGAATCGTA-1,SERBINB3/PI3 high
CTGATCCTCGCTCTAC-1,Inflamed
CTGCAGGCAGCGTGCT-1,SERBINB3/PI3 high
CTGCCTAAGGAAGAAC-1,Inflamed
CTGGCAGCACCCTTGT-1,SERBINB3/PI3 high
CTGTACCAGTGATAGT-1,SERBINB3/PI3 high
CTGTGAATCTGCCTGT-1,Inflamed
CTTCAATGTCCATAGT-1,SERBINB3/PI3 high
CTTCCGAAGTGCGACA-1,SERBINB3/PI3 high
CTTGAGACAAGACCGA-1,Inflamed
GAAATGAGTGGAACAC-1,SERBINB3/PI3 high
GAAGCCCCAACTCGTA-1,Inflamed
GACGCTGGTAGAATAC-1,Inflamed
GACTCTCGTTCGTGCG-1,Inflamed
GACTCTCTCTTGAGCA-1,Inflamed
GATAGAAAGTTGCGAG-1,Inflamed
GATCACAGTATACCCA-1,Inflamed
GATCACATCTCGCCTA-1,SERBINB3/PI3 high
GATCGTAAGTGATGGC-1,Inflamed
GATGCTAAGCCGTTAT-1,Inflamed
GATTCGAAGGCAGTCA-1,Inflamed
GATTCTTGTCAAACGG-1,Inflamed
GATTCTTTCTATTCGT-1,Inflamed
GCATGATAGACAACTA-1,Inflamed
GCCAGTGGTTCGGCGT-1,Inflamed
GCTACCTCATCCGAAT-1,Inflamed
GCTGCAGAGGTGGGTT-1,SERBINB3/PI3 high
GGAATCTCAAGCGCAA-1,SERBINB3/PI3 high
GGAATGGCATGGACAG-1,Inflamed
GGCAGTCTCCACGTCT-1,Inflamed
GGCGTCATCGTGTGAT-1,Inflamed
GGGAAGTTCATACAGC-1,Steady state
GGGACCTAGAGGTATT-1,Inflamed
GGTAACTTCACATCAG-1,Inflamed
GGTAACTTCCCATTCG-1,Inflamed
GGTCACGAGAAGTCCG-1,Inflamed
GGTTAACAGTTTGCTG-1,Inflamed
GGTTAACCACTTGAGT-1,Inflamed
GGTTCTCGTCAGTCTA-1,SERBINB3/PI3 high
GTAACCAAGCCTCAGC-1,Inflamed
GTACAACCAACCTAAC-1,SERBINB3/PI3 high
GTACAACTCTTCCACG-1,Inflamed
GTACAGTCACAAGTTC-1,Inflamed
GTAGAAAGTGGGACAT-1,Inflamed
GTAGTACGTGCGGTAA-1,Steady state
GTATTTCGTCAAACGG-1,Inflamed
GTCATGAGTATTTCCT-1,Inflamed
GTCCACTCAAGAAACT-1,Inflamed
GTCGTAATCTACCTTA-1,Inflamed
GTGAGGACATCCTATT-1,Inflamed
GTGCTTCAGCAATTAG-1,Inflamed
GTGTGGCAGTCTGCAT-1,Inflamed
GTGTTCCAGATCACTC-1,Inflamed
GTTACGATCCGTTTCG-1,Inflamed
GTTAGTGTCCATACTT-1,Inflamed
GTTATGGGTTGGGATG-1,Inflamed
GTTCATTGTAACTGCT-1,Inflamed
GTTCATTGTTGTCTAG-1,Inflamed
GTTCTATTCTTCTCAA-1,SERBINB3/PI3 high
TACATTCTCAAAGAAC-1,Inflamed
TACCCACAGCCTGTCG-1,Inflamed
TACCCGTGTACGATCT-1,Inflamed
TAGATCGTCTGTTCAT-1,SERBINB3/PI3 high
TATGTTCGTGAACGGT-1,Inflamed
TCAATTCTCCGTGTAA-1,Inflamed
TCACACCGTCAGGAGT-1,SERBINB3/PI3 high
TCATCCGCAAGACGGT-1,Inflamed
TCATTGTCATGGTGGA-1,SERBINB3/PI3 high
TCCAGAAGTTCTAAGC-1,Inflamed
TCCATCGCAAATGGAT-1,Inflamed
TCCTAATGTAACGATA-1,Inflamed
TCCTTCTCAGCTACTA-1,SERBINB3/PI3 high
TCCTTTCCAGACCGCT-1,Inflamed
TCGAAGTGTGCCCACA-1,Inflamed
TCGAAGTGTTGAGTCT-1,SERBINB3/PI3 high
TCGAAGTTCGAGTGAG-1,Inflamed
TCGACCTTCGATTGGT-1,Inflamed
TCGCACTTCATTACGG-1,SERBINB3/PI3 high
TCTAACTTCTACTTCA-1,Inflamed
TCTATACAGGCCTTCG-1,Inflamed
TCTATACTCTACGCAA-1,SERBINB3/PI3 high
TCTGGCTGTGCGTCGT-1,SERBINB3/PI3 high
TCTTAGTTCCCGTAAA-1,SERBINB3/PI3 high
TGAATCGGTGTTGAGG-1,SERBINB3/PI3 high
TGATCAGAGCATGATA-1,SERBINB3/PI3 high
TGATTCTTCGGTATGT-1,Inflamed
TGCATGAGTACAAAGT-1,SERBINB3/PI3 high
TGCGGCAGTATACCTG-1,SERBINB3/PI3 high
TGGAGAGAGCATGCAG-1,Inflamed
TGGAGAGCATGGTGGA-1,SERBINB3/PI3 high
TGGATGTCAGATACTC-1,Inflamed
TGGGAAGAGATGGTAT-1,Inflamed
TGGGCGTCATCGGATT-1,Inflamed
TGGGCTGAGAAGCGCT-1,Inflamed
TGGTGATGTGTGTCGC-1,SERBINB3/PI3 high
TGTGATGTCTCGCAGG-1,Inflamed
TTACTGTTCCCTCAAC-1,Steady state
TTAGGCAGTAGGAAAG-1,SERBINB3/PI3 high
TTAGGGTAGACATGCG-1,Inflamed
TTCACCGCACAGAAGC-1,SERBINB3/PI3 high
TTCACGCGTAATCAGA-1,Inflamed
TTCCGTGAGTAGCTCT-1,Inflamed
TTCTTCCCATGACGGA-1,Inflamed
TTGATGGGTCACGACC-1,SERBINB3/PI3 high
TTGCTGCAGAGCTTTC-1,Steady state
TTGCTGCGTTCTCACC-1,Inflamed
TTGGGCGAGCTACAAA-1,Steady state
TTGGGCGCACTGATTG-1,SERBINB3/PI3 high
TTGGGCGTCCCGATCT-1,SERBINB3/PI3 high
TTGGGTAAGCACACAG-1,Inflamed
TTGTTGTAGGTTACAA-1,Inflamed
TTTACCAAGACGCATG-1,SERBINB3/PI3 high
TTTCATGCAGAGAGGG-1,Inflamed
TTTGATCAGGCATGCA-1,Inflamed
AAACGAACACATACTG-2,Inflamed
AAACGAACAGCCTTCT-2,SERBINB3/PI3 high
AAACGAAGTACTCCCT-2,SERBINB3/PI3 high
AAACGAATCCATTCGC-2,SERBINB3/PI3 high
AAACGCTGTTACCCAA-2,Inflamed
AAAGGATGTGGATGAC-2,SERBINB3/PI3 high
AAAGGTATCTGGAGAG-2,SERBINB3/PI3 high
AAAGTGAAGGGAGGGT-2,SERBINB3/PI3 high
AACAACCAGAACCGCA-2,SERBINB3/PI3 high
AACACACCACAAACGG-2,SERBINB3/PI3 high
AACACACTCACTTATC-2,SERBINB3/PI3 high
AACCATGCAATAGGAT-2,SERBINB3/PI3 high
AACCCAAGTCCGAAGA-2,Steady state
AACCTTTGTCTCTCCA-2,SERBINB3/PI3 high
AACGAAACAAGTATAG-2,Inflamed
AACTTCTCAGACCATT-2,SERBINB3/PI3 high
AACTTCTCAGTATTCG-2,SERBINB3/PI3 high
AAGACAATCCGCGAGT-2,SERBINB3/PI3 high
AAGACTCGTACCGTGC-2,Steady state
AAGACTCTCGGTTGTA-2,SERBINB3/PI3 high
AAGCATCGTTGCTCGG-2,Inflamed
AAGGTAACAGCGTGAA-2,SERBINB3/PI3 high
AAGTACCTCCGAACGC-2,SERBINB3/PI3 high
AATAGAGCATCCTTCG-2,SERBINB3/PI3 high
AATCACGGTCTTGAGT-2,SERBINB3/PI3 high
AATCGACCACAAAGCG-2,Inflamed
AATCGTGAGCGAGAAA-2,SERBINB3/PI3 high
AATCGTGGTGACCGTC-2,SERBINB3/PI3 high
AATGACCAGGTATCTC-2,SERBINB3/PI3 high
AATGCCAGTAGAGCTG-2,SERBINB3/PI3 high
AATGCCAGTGGTTCTA-2,SERBINB3/PI3 high
AATGGAATCAGCTGTA-2,SERBINB3/PI3 high
AATGGCTAGCACACCC-2,Steady state
AATGGCTTCTGAGCAT-2,SERBINB3/PI3 high
AATTTCCCACCGTGAC-2,SERBINB3/PI3 high
ACAAAGACAGGTTCAT-2,SERBINB3/PI3 high
ACAAAGAGTACTCCGG-2,Inflamed
ACAACCATCCTCAGAA-2,SERBINB3/PI3 high
ACAAGCTTCTAGAGCT-2,Steady state
ACAGGGAAGTCTGCAT-2,SERBINB3/PI3 high
ACAGGGAGTTGCCATA-2,Inflamed
ACATCCCGTTGATCGT-2,SERBINB3/PI3 high
ACATTTCAGGGAGTGG-2,SERBINB3/PI3 high
ACCAAACTCCGTGACG-2,SERBINB3/PI3 high
ACCATTTGTCCCGTGA-2,SERBINB3/PI3 high
ACCATTTGTGTGACCC-2,SERBINB3/PI3 high
ACCATTTTCTGGTTGA-2,SERBINB3/PI3 high
ACCCAAAGTTGGGTTT-2,SERBINB3/PI3 high
ACCCTCAAGGTGCTTT-2,SERBINB3/PI3 high
ACCCTCATCGTTCTAT-2,SERBINB3/PI3 high
ACCGTTCAGCCGGAAT-2,SERBINB3/PI3 high
ACCGTTCCAGCTTTGA-2,SERBINB3/PI3 high
ACCGTTCGTCGGTGAA-2,SERBINB3/PI3 high
ACCTGAAGTCAGTCTA-2,SERBINB3/PI3 high
ACGATCAAGATAGTGT-2,SERBINB3/PI3 high
ACGATCAGTGCTCCGA-2,SERBINB3/PI3 high
ACGCACGAGAAACCAT-2,SERBINB3/PI3 high
ACGGAAGTCCCGAGGT-2,SERBINB3/PI3 high
ACGGGTCAGTCTAACC-2,SERBINB3/PI3 high
ACGGGTCCACTGGCGT-2,SERBINB3/PI3 high
ACGGTTATCGCGCTGA-2,SERBINB3/PI3 high
ACGGTTATCGTAGGGA-2,SERBINB3/PI3 high
ACGTCCTCAATCCTAG-2,Inflamed
ACGTTCCAGAATTGCA-2,SERBINB3/PI3 high
ACGTTCCAGCTGAGCA-2,SERBINB3/PI3 high
ACTACGAAGATGACCG-2,SERBINB3/PI3 high
ACTATCTTCTGGCTGG-2,SERBINB3/PI3 high
ACTATGGCACGTTCGG-2,Steady state
ACTATGGGTCAAGGCA-2,Inflamed
ACTATTCCACTGAATC-2,Inflamed
ACTATTCCAGACGATG-2,Inflamed
ACTCCCACAATTGCGT-2,SERBINB3/PI3 high
ACTGTCCCACCACTGG-2,SERBINB3/PI3 high
ACTGTGACACCATTCC-2,SERBINB3/PI3 high
ACTGTGAGTCCCACGA-2,SERBINB3/PI3 high
ACTTATCGTATGCTTG-2,SERBINB3/PI3 high
ACTTTCACAGATGCGA-2,SERBINB3/PI3 high
AGAACAACAATAGAGT-2,SERBINB3/PI3 high
AGAACAATCTCGGGAC-2,SERBINB3/PI3 high
AGAACCTCACAATGCT-2,SERBINB3/PI3 high
AGAAGCGAGCCTATCA-2,SERBINB3/PI3 high
AGACACTCATCTCGTC-2,Inflamed
AGACCATTCTCACGAA-2,SERBINB3/PI3 high
AGACTCAAGTATAACG-2,SERBINB3/PI3 high
AGAGAATCAGCACGAA-2,SERBINB3/PI3 high
AGATAGAGTACTCGTA-2,SERBINB3/PI3 high
AGATCCAAGTTGCCCG-2,SERBINB3/PI3 high
AGATCCACATTGTCGA-2,SERBINB3/PI3 high
AGATGCTTCAGGAAGC-2,Steady state
AGATGCTTCCTACCAC-2,SERBINB3/PI3 high
AGCCAATGTCACCGCA-2,SERBINB3/PI3 high
AGCCACGTCGGTCGGT-2,Steady state
AGCCACGTCTACACAG-2,SERBINB3/PI3 high
AGCCAGCGTTGCCAAT-2,SERBINB3/PI3 high
AGCGATTCAAATGATG-2,Inflamed
AGCGCTGAGAGTCTTC-2,SERBINB3/PI3 high
AGCGTATCAGGTCAGA-2,SERBINB3/PI3 high
AGCTCAACATGTTTGG-2,SERBINB3/PI3 high
AGCTTCCGTATCCCAA-2,SERBINB3/PI3 high
AGGACTTAGGAGGCAG-2,SERBINB3/PI3 high
AGGATAAAGCTAGAGC-2,Steady state
AGGATAATCTGTTCAT-2,SERBINB3/PI3 high
AGGATCTGTTTAAGGA-2,SERBINB3/PI3 high
AGGCATTTCACTGGGC-2,SERBINB3/PI3 high
AGGCTGCAGTGCTCGC-2,Steady state
AGGCTGCCATTCACAG-2,SERBINB3/PI3 high
AGGGAGTTCAGACCCG-2,SERBINB3/PI3 high
AGGGCTCTCCTGTTGC-2,Inflamed
AGGGTCCTCGGACTTA-2,SERBINB3/PI3 high
AGGGTTTAGGCATGGT-2,SERBINB3/PI3 high
AGGGTTTCAGCAGTTT-2,SERBINB3/PI3 high
AGGTCATCATTCTTCA-2,SERBINB3/PI3 high
AGGTGTTAGGAACGAA-2,SERBINB3/PI3 high
AGGTGTTCATGTCAGT-2,SERBINB3/PI3 high
AGGTTGTAGACATAAC-2,SERBINB3/PI3 high
AGGTTGTAGAGGATCC-2,Steady state
AGGTTGTCACTGTCCT-2,SERBINB3/PI3 high
AGGTTGTTCACGGAGA-2,SERBINB3/PI3 high
AGTAACCGTGCGTTTA-2,SERBINB3/PI3 high
AGTACTGCACCTGAAT-2,SERBINB3/PI3 high
AGTAGCTCAACTCGTA-2,SERBINB3/PI3 high
AGTCACACAGGCGAAT-2,Steady state
AGTCATGCATCTCGTC-2,Inflamed
AGTGACTGTCATTGCA-2,SERBINB3/PI3 high
AGTGATCCAAATGGAT-2,SERBINB3/PI3 high
AGTGCCGGTAAGTCAA-2,Inflamed
AGTGTTGGTCACTAGT-2,SERBINB3/PI3 high
AGTGTTGTCGTTCTCG-2,SERBINB3/PI3 high
AGTTAGCAGACATAAC-2,Inflamed
AGTTCCCCACCGAATT-2,SERBINB3/PI3 high
AGTTCGATCACGGAGA-2,SERBINB3/PI3 high
ATACCTTCACGACTAT-2,SERBINB3/PI3 high
ATACCTTTCGAACCTA-2,SERBINB3/PI3 high
ATAGACCAGCAAGTCG-2,Steady state
ATAGACCAGGTTCCAT-2,SERBINB3/PI3 high
ATAGACCGTGAGTTTC-2,SERBINB3/PI3 high
ATAGACCGTGCGGCTT-2,SERBINB3/PI3 high
ATAGAGAAGATTAGAC-2,Inflamed
ATATCCTCAAGTATCC-2,SERBINB3/PI3 high
ATCACGAAGATCACCT-2,SERBINB3/PI3 high
ATCACTTGTCACAGTT-2,Steady state
ATCAGGTAGCTGACTT-2,SERBINB3/PI3 high
ATCAGGTCAGGACATG-2,SERBINB3/PI3 high
ATCAGGTTCTAAGCGT-2,SERBINB3/PI3 high
ATCATTCAGTGTAGTA-2,SERBINB3/PI3 high
ATCCACCCAGCCGTCA-2,Steady state
ATCCCTGTCACGAGGA-2,SERBINB3/PI3 high
ATCCCTGTCCTCAGGG-2,Steady state
ATCCGTCGTAGTCACT-2,SERBINB3/PI3 high
ATCCGTCTCGGTCGAC-2,Steady state
ATCCTATCAGCACGAA-2,SERBINB3/PI3 high
ATCGATGTCACTGCTC-2,SERBINB3/PI3 high
ATCGTAGAGTAACAGT-2,SERBINB3/PI3 high
ATCGTAGGTCTGATCA-2,SERBINB3/PI3 high
ATGAGTCAGTAGGATT-2,SERBINB3/PI3 high
ATGATCGAGAGCCTGA-2,SERBINB3/PI3 high
ATGATCGTCATCGACA-2,Steady state
ATGCGATCACCCGTAG-2,Inflamed
ATGCGATTCTCGGGAC-2,SERBINB3/PI3 high
ATGGATCAGCCTCACG-2,SERBINB3/PI3 high
ATGTCCCCATAGACTC-2,SERBINB3/PI3 high
ATTATCCCAGAACATA-2,SERBINB3/PI3 high
ATTATCCTCGAGAATA-2,Steady state
ATTCACTAGAGGCCAT-2,SERBINB3/PI3 high
ATTCCATAGGAGGCAG-2,SERBINB3/PI3 high
ATTCCATGTCATAGTC-2,SERBINB3/PI3 high
ATTCCCGAGACCAGCA-2,SERBINB3/PI3 high
ATTCTACTCGCCTAGG-2,SERBINB3/PI3 high
ATTCTTGAGTTGTAGA-2,Inflamed
ATTCTTGGTTGTCAGT-2,Steady state
ATTGGGTCACCCAATA-2,SERBINB3/PI3 high
ATTGGGTTCATTCTTG-2,SERBINB3/PI3 high
ATTGTTCAGATGTTCC-2,SERBINB3/PI3 high
ATTGTTCGTCAAGCGA-2,Steady state
ATTGTTCGTTCGGCTG-2,SERBINB3/PI3 high
ATTTACCAGAATCGCG-2,SERBINB3/PI3 high
ATTTCACAGAGTCAAT-2,SERBINB3/PI3 high
ATTTCACAGCCTTTCC-2,SERBINB3/PI3 high
CAAAGAAGTCGGAACA-2,SERBINB3/PI3 high
CAACAGTAGAATCGCG-2,SERBINB3/PI3 high
CAACAGTCAAAGCACG-2,SERBINB3/PI3 high
CAACAGTTCAACACGT-2,SERBINB3/PI3 high
CAAGACTAGGAAGTGA-2,SERBINB3/PI3 high
CAAGAGGCACCTGCTT-2,Steady state
CAATACGTCGGAGTAG-2,SERBINB3/PI3 high
CAATCGATCCCTATTA-2,SERBINB3/PI3 high
CAATTTCCAGTCGAGA-2,SERBINB3/PI3 high
CACACAATCCTGGTCT-2,SERBINB3/PI3 high
CACATGAAGCTGTTCA-2,Steady state
CACGAATCAGAGAAAG-2,SERBINB3/PI3 high
CACGGGTTCCTTGGAA-2,SERBINB3/PI3 high
CACGGGTTCGAACGGA-2,SERBINB3/PI3 high
CACGGGTTCGTCCTCA-2,Steady state
CACGTGGCAGCGGATA-2,SERBINB3/PI3 high
CACGTTCAGAACCGCA-2,SERBINB3/PI3 high
CACTAAGTCTTACCGC-2,SERBINB3/PI3 high
CACTGAATCAAATGCC-2,SERBINB3/PI3 high
CACTGTCTCTACCTTA-2,SERBINB3/PI3 high
CACTGTCTCTTAGGAC-2,SERBINB3/PI3 high
CACTTCGCACATGACT-2,SERBINB3/PI3 high
CACTTCGCATTGCCTC-2,Inflamed
CACTTCGTCCAATCCC-2,SERBINB3/PI3 high
CAGAGCCAGGGCTGAT-2,SERBINB3/PI3 high
CAGATACCACGTATAC-2,SERBINB3/PI3 high
CAGATACGTAGCGTTT-2,SERBINB3/PI3 high
CAGATCACATAGAATG-2,Inflamed
CAGATCAGTTCCACGG-2,SERBINB3/PI3 high
CAGATTGCAGGGCTTC-2,SERBINB3/PI3 high
CAGCAATCATCGTCCT-2,Inflamed
CAGCACGCAGCAAGAC-2,SERBINB3/PI3 high
CAGCCAGGTACCTAGT-2,Inflamed
CAGCGTGAGCGTCTGC-2,SERBINB3/PI3 high
CAGGCCACACCTTCCA-2,SERBINB3/PI3 high
CAGGCCAGTGACTCGC-2,SERBINB3/PI3 high
CAGGGCTCAACTTGGT-2,SERBINB3/PI3 high
CAGTGCGAGCCAAGCA-2,Steady state
CAGTGCGGTCCGCAGT-2,SERBINB3/PI3 high
CAGTGCGGTTGGATCT-2,SERBINB3/PI3 high
CAGTTAGGTACAAACA-2,SERBINB3/PI3 high
CAGTTCCGTTTCGACA-2,Inflamed
CATACAGAGGGCAGTT-2,SERBINB3/PI3 high
CATACCCAGGCTGTAG-2,SERBINB3/PI3 high
CATACTTGTATCAAGA-2,SERBINB3/PI3 high
CATAGACAGTTGCGCC-2,SERBINB3/PI3 high
CATCAAGAGCTGACAG-2,SERBINB3/PI3 high
CATCAAGGTCAAAGTA-2,SERBINB3/PI3 high
CATCCACAGGCATCAG-2,SERBINB3/PI3 high
CATCCCACAGTGAGCA-2,SERBINB3/PI3 high
CATCCCACATGAGTAA-2,SERBINB3/PI3 high
CATCCGTGTCTCAAGT-2,SERBINB3/PI3 high
CATCGCTGTGAGGCAT-2,Inflamed
CATCGGGAGACCCTTA-2,SERBINB3/PI3 high
CATGCCTTCTTGGGCG-2,Steady state
CATGCTCTCTACCTTA-2,Inflamed
CATGGTAAGCTGTACT-2,SERBINB3/PI3 high
CATTCATCACTCCTGT-2,SERBINB3/PI3 high
CATTCATCATCGGATT-2,Inflamed
CATTCCGGTGGACCAA-2,SERBINB3/PI3 high
CATTGAGTCTACGCGG-2,Steady state
CATTGCCCAGTACTAC-2,Steady state
CATTGCCGTTCTTGTT-2,SERBINB3/PI3 high
CATTTCAGTCGTTTCC-2,SERBINB3/PI3 high
CCAAGCGTCGCAGTGC-2,SERBINB3/PI3 high
CCAATGATCGACCTAA-2,SERBINB3/PI3 high
CCAATTTCAACGCATT-2,Steady state
CCAATTTTCCACGGGT-2,Steady state
CCACAAATCAAACTGC-2,Steady state
CCACACTAGAAAGCGA-2,SERBINB3/PI3 high
CCACACTTCGCCCAGA-2,Steady state
CCACCATAGAATACAC-2,SERBINB3/PI3 high
CCACTTGCATGGGAAC-2,SERBINB3/PI3 high
CCACTTGTCTGCCCTA-2,SERBINB3/PI3 high
CCCAACTAGAGACAAG-2,SERBINB3/PI3 high
CCCAACTAGTGGCCTC-2,SERBINB3/PI3 high
CCCATTGGTCGTGCCA-2,SERBINB3/PI3 high
CCCATTGGTTGCTGAT-2,SERBINB3/PI3 high
CCCTCTCCAGGTAGTG-2,Steady state
CCGATCTTCTGCCTCA-2,SERBINB3/PI3 high
CCGATGGAGATGGTAT-2,SERBINB3/PI3 high
CCGATGGTCAGCTGTA-2,SERBINB3/PI3 high
CCGCAAGCAGGCTACC-2,Steady state
CCGCAAGTCTTCTGTA-2,SERBINB3/PI3 high
CCGGACAAGTGTCATC-2,SERBINB3/PI3 high
CCGGACACACGGATCC-2,SERBINB3/PI3 high
CCGGGTAAGAGCCGTA-2,SERBINB3/PI3 high
CCGGGTAAGCATGATA-2,SERBINB3/PI3 high
CCGGGTAGTATCTTCT-2,SERBINB3/PI3 high
CCGGTAGAGTGATTCC-2,SERBINB3/PI3 high
CCGTAGGAGCGATGGT-2,SERBINB3/PI3 high
CCTAACCGTTCTCCTG-2,SERBINB3/PI3 high
CCTAACCTCCAAACCA-2,SERBINB3/PI3 high
CCTCACACATGGAACG-2,SERBINB3/PI3 high
CCTCAGTCATGAGTAA-2,SERBINB3/PI3 high
CCTCAGTTCCGGCAGT-2,SERBINB3/PI3 high
CCTCATGAGAGCATTA-2,Steady state
CCTCCTCGTTAAGGAT-2,SERBINB3/PI3 high
CCTCTCCGTGTGAATA-2,SERBINB3/PI3 high
CCTGCATGTCCTTAAG-2,SERBINB3/PI3 high
CCTTCAGAGCGCTGCT-2,Inflamed
CCTTGTGCACACCGCA-2,Inflamed
CCTTGTGGTAACGCGA-2,SERBINB3/PI3 high
CCTTTGGTCATCCTGC-2,Steady state
CGAAGGACATCATCCC-2,SERBINB3/PI3 high
CGAAGGAGTTCTGAGT-2,SERBINB3/PI3 high
CGAAGGATCACGGGCT-2,SERBINB3/PI3 high
CGAAGTTAGTATTGCC-2,SERBINB3/PI3 high
CGAATTGCACCGGTCA-2,SERBINB3/PI3 high
CGACAGCCAATGTCAC-2,SERBINB3/PI3 high
CGAGAAGGTCACAGAG-2,SERBINB3/PI3 high
CGAGTGCAGCCTGACC-2,SERBINB3/PI3 high
CGAGTGCAGGTCATCT-2,SERBINB3/PI3 high
CGATGCGTCCACCTGT-2,Inflamed
CGATGGCAGATTAGTG-2,SERBINB3/PI3 high
CGCATGGAGATAGTGT-2,Inflamed
CGCATGGGTACCAATC-2,SERBINB3/PI3 high
CGCATGGTCGGACTTA-2,SERBINB3/PI3 high
CGCCAGACATTGAAGA-2,SERBINB3/PI3 high
CGCCATTCAGCGGTCT-2,SERBINB3/PI3 high
CGCCATTTCACCACAA-2,SERBINB3/PI3 high
CGCGTGACATCCAATG-2,SERBINB3/PI3 high
CGCGTGAGTCGACTGC-2,SERBINB3/PI3 high
CGGAATTCACACCTTC-2,SERBINB3/PI3 high
CGGAATTGTACCAATC-2,Inflamed
CGGAATTGTATACCTG-2,SERBINB3/PI3 high
CGGCAGTAGTCACACT-2,SERBINB3/PI3 high
CGGCAGTGTTTCACAG-2,SERBINB3/PI3 high
CGGGACTGTATTCCTT-2,SERBINB3/PI3 high
CGGGACTTCACCACAA-2,SERBINB3/PI3 high
CGGGCATGTGAAAGTT-2,SERBINB3/PI3 high
CGGGCATGTTGCTCCT-2,Steady state
CGGTCAGGTATGACAA-2,Inflamed
CGTAAGTCACTTGGGC-2,SERBINB3/PI3 high
CGTAAGTCATTCGGGC-2,SERBINB3/PI3 high
CGTAAGTTCCACGAAT-2,SERBINB3/PI3 high
CGTAAGTTCCTTGAAG-2,SERBINB3/PI3 high
CGTAGTAAGGCTGAAC-2,Steady state
CGTAGTACACGACTAT-2,Steady state
CGTCCATCATCACAGT-2,SERBINB3/PI3 high
CGTGCTTAGTTGTACC-2,SERBINB3/PI3 high
CGTTCTGCACACCTTC-2,SERBINB3/PI3 high
CTAAGTGAGCCACTCG-2,SERBINB3/PI3 high
CTACAGAAGGATACAT-2,SERBINB3/PI3 high
CTACATTAGGCGCTCT-2,Inflamed
CTACCCAAGATCCCAT-2,SERBINB3/PI3 high
CTACCCACAACCGGAA-2,SERBINB3/PI3 high
CTACCCAGTCCAGCCA-2,SERBINB3/PI3 high
CTACCCAGTTGGGCCT-2,SERBINB3/PI3 high
CTACCTGCAGTGTATC-2,SERBINB3/PI3 high
CTACCTGGTAACGTTC-2,Inflamed
CTACCTGGTCCGGTCA-2,SERBINB3/PI3 high
CTACCTGTCATCGCAA-2,Inflamed
CTACTATCACCCAAGC-2,Inflamed
CTCAAGATCGTGCAGC-2,SERBINB3/PI3 high
CTCACTGAGGACAACC-2,SERBINB3/PI3 high
CTCACTGCAACACTAC-2,SERBINB3/PI3 high
CTCAGAAAGGAGAGTA-2,Steady state
CTCAGTCAGTACCATC-2,SERBINB3/PI3 high
CTCAGTCCAAGGTCTT-2,Steady state
CTCAGTCCATGGCTAT-2,SERBINB3/PI3 high
CTCCAACGTTGGGATG-2,SERBINB3/PI3 high
CTCCAACTCTAATTCC-2,SERBINB3/PI3 high
CTCCACAAGGGAGATA-2,SERBINB3/PI3 high
CTCCATGCAATCTCTT-2,SERBINB3/PI3 high
CTCCCAACACCTCTAC-2,SERBINB3/PI3 high
CTCCGATTCCTAGCTC-2,SERBINB3/PI3 high
CTCCTCCCAGACAATA-2,SERBINB3/PI3 high
CTCCTTTAGCTGACCC-2,Inflamed
CTCGAGGAGCTAAACA-2,SERBINB3/PI3 high
CTCTCAGAGAGAACCC-2,SERBINB3/PI3 high
CTCTCAGCAGAATGTA-2,SERBINB3/PI3 high
CTCTCGACATCGATAC-2,Steady state
CTGAATGGTAATCAAG-2,SERBINB3/PI3 high
CTGATCCAGGTCATAA-2,SERBINB3/PI3 high
CTGCAGGGTTAGGGTG-2,SERBINB3/PI3 high
CTGCCATAGCAAGGAA-2,SERBINB3/PI3 high
CTGCGAGTCTTCCTAA-2,SERBINB3/PI3 high
CTGGTCTAGGTCCAGA-2,Inflamed
CTGTAGAAGATGGCGT-2,Steady state
CTGTCGTCACGGTCTG-2,SERBINB3/PI3 high
CTGTGGGTCATTGCCC-2,SERBINB3/PI3 high
CTTAGGAAGGGAACAA-2,SERBINB3/PI3 high
CTTCAATAGATCGGTG-2,SERBINB3/PI3 high
CTTCAATTCAGTGATC-2,SERBINB3/PI3 high
CTTCCGAAGAGTCCGA-2,SERBINB3/PI3 high
CTTCCGAAGTACTCGT-2,SERBINB3/PI3 high
CTTCGGTCAGCGTAGA-2,SERBINB3/PI3 high
CTTCGGTCATGAGATA-2,SERBINB3/PI3 high
CTTCGGTTCCATACTT-2,SERBINB3/PI3 high
CTTCTAAGTTATGACC-2,SERBINB3/PI3 high
CTTTCAAAGTTACGAA-2,SERBINB3/PI3 high
GAAACCTTCCCGAATA-2,SERBINB3/PI3 high
GAAATGAAGATTAGCA-2,SERBINB3/PI3 high
GAAATGACACTGTGAT-2,SERBINB3/PI3 high
GAAATGAGTCTCGGGT-2,SERBINB3/PI3 high
GAAATGATCGTAACAC-2,SERBINB3/PI3 high
GAACACTTCCTGCCAT-2,SERBINB3/PI3 high
GAACGTTTCGTCGCTT-2,SERBINB3/PI3 high
GAACTGTAGTATAGAC-2,SERBINB3/PI3 high
GAAGCCCAGTTTGAGA-2,SERBINB3/PI3 high
GAAGGGTAGCATTGAA-2,SERBINB3/PI3 high
GAATCACAGCAATAAC-2,SERBINB3/PI3 high
GAATCACAGCTTGTGT-2,SERBINB3/PI3 high
GAATCACTCAGCGGAA-2,SERBINB3/PI3 high
GAATCACTCTCGCAGG-2,SERBINB3/PI3 high
GAATCGTAGTACTCGT-2,SERBINB3/PI3 high
GAATCGTCATACCATG-2,Inflamed
GACAGCCCACCGGTCA-2,SERBINB3/PI3 high
GACAGCCGTCCTCCTA-2,Inflamed
GACAGCCGTGGTCTTA-2,SERBINB3/PI3 high
GACATCATCTCTTCAA-2,Inflamed
GACCAATCAGTAACAA-2,SERBINB3/PI3 high
GACCAATGTGGATACG-2,Steady state
GACCCAGCATATAGCC-2,SERBINB3/PI3 high
GACCCAGTCAGCCTTC-2,SERBINB3/PI3 high
GACCCTTGTTGGGATG-2,SERBINB3/PI3 high
GACCGTGAGGATATAC-2,SERBINB3/PI3 high
GACCGTGCATACTGAC-2,SERBINB3/PI3 high
GACCTTCCAGAGTCTT-2,SERBINB3/PI3 high
GACCTTCTCACTGTTT-2,SERBINB3/PI3 high
GACGTTAAGTGATAAC-2,Steady state
GACGTTATCAGCCCAG-2,SERBINB3/PI3 high
GACTATGCAGCCTACG-2,SERBINB3/PI3 high
GACTCTCAGGCTCAAG-2,SERBINB3/PI3 high
GAGAAATCACATTCTT-2,SERBINB3/PI3 high
GAGAAATGTGTCCACG-2,SERBINB3/PI3 high
GAGACCCAGCCTCAAT-2,SERBINB3/PI3 high
GAGACTTAGGCTGAAC-2,SERBINB3/PI3 high
GAGCCTGTCCAATGCA-2,SERBINB3/PI3 high
GAGGGTACAAAGACTA-2,SERBINB3/PI3 high
GAGTCATGTTATTCCT-2,SERBINB3/PI3 high
GAGTCTACAGGTTCAT-2,Inflamed
GAGTGAGGTAAGGTCG-2,SERBINB3/PI3 high
GAGTTGTGTAGGTACG-2,SERBINB3/PI3 high
GATAGAAGTACCGCGT-2,Inflamed
GATCACATCACGGTCG-2,Inflamed
GATCACATCGGCTTGG-2,SERBINB3/PI3 high
GATCAGTAGCCTGAGA-2,SERBINB3/PI3 high
GATCAGTGTGATAGAT-2,SERBINB3/PI3 high
GATCATGCAAGTCCCG-2,Inflamed
GATCATGCAGCATTGT-2,SERBINB3/PI3 high
GATCCCTAGTCCGTCG-2,SERBINB3/PI3 high
GATCCCTGTGCTGTCG-2,SERBINB3/PI3 high
GATGACTAGAGCTGAC-2,Inflamed
GATGACTGTGCAGATG-2,SERBINB3/PI3 high
GATGACTTCTGAGCAT-2,Inflamed
GATGAGGGTTGTGTTG-2,Inflamed
GATGATCAGGTTCTTG-2,Steady state
GATGCTACAGCGCGTT-2,SERBINB3/PI3 high
GATTCTTGTTACCCTC-2,Steady state
GATTGGTCACTGGATT-2,Steady state
GATTTCTAGTCCCAGC-2,SERBINB3/PI3 high
GCAACATAGTCCTGCG-2,SERBINB3/PI3 high
GCAACATTCGGAAGGT-2,SERBINB3/PI3 high
GCAACCGCACCGGTCA-2,SERBINB3/PI3 high
GCATCTCCACAGCGCT-2,SERBINB3/PI3 high
GCATGATCACCCTGAG-2,SERBINB3/PI3 high
GCCAACGAGCTCGGCT-2,SERBINB3/PI3 high
GCCAGTGCAAGATGGC-2,SERBINB3/PI3 high
GCCATGGCAGGAATCG-2,SERBINB3/PI3 high
GCCATTCGTTGCCGCA-2,SERBINB3/PI3 high
GCCTGTTCAGGACGAT-2,SERBINB3/PI3 high
GCTACCTTCCTACGGG-2,SERBINB3/PI3 high
GCTGAATCAACAAGTA-2,SERBINB3/PI3 high
GCTGAATGTCTGGTTA-2,SERBINB3/PI3 high
GCTGCAGTCGGTAAGG-2,SERBINB3/PI3 high
GCTGGGTCAAGGTCAG-2,SERBINB3/PI3 high
GCTGGGTTCGTGCATA-2,SERBINB3/PI3 high
GCTTCACCATGTAACC-2,SERBINB3/PI3 high
GGAACCCAGTAAGACT-2,SERBINB3/PI3 high
GGAAGTGGTGATTCTG-2,SERBINB3/PI3 high
GGAATGGGTTATCTTC-2,SERBINB3/PI3 high
GGAGAACCAGGCTTGC-2,SERBINB3/PI3 high
GGAGGATGTGCTTATG-2,SERBINB3/PI3 high
GGAGGATTCATCCTAT-2,SERBINB3/PI3 high
GGCAGTCAGAGGGTGG-2,Steady state
GGCAGTCCATGGCCCA-2,SERBINB3/PI3 high
GGCTTGGGTCGCACGT-2,SERBINB3/PI3 high
GGCTTTCGTCGGAAAC-2,SERBINB3/PI3 high
GGGACAAAGTCAGCGA-2,Steady state
GGGACAACATGTGCCG-2,SERBINB3/PI3 high
GGGACTCTCTCAGGCG-2,Inflamed
GGGAGTAGTCGGAAAC-2,Steady state
GGGATGAGTGCCTTCT-2,SERBINB3/PI3 high
GGGATGATCAGAGCAG-2,SERBINB3/PI3 high
GGGCCATAGACCATAA-2,Inflamed
GGGCCATGTCCACGCA-2,Steady state
GGGCCATTCCTTTGAT-2,SERBINB3/PI3 high
GGGCGTTGTAGTTACC-2,SERBINB3/PI3 high
GGGCGTTGTTCAGCTA-2,SERBINB3/PI3 high
GGGCTACCACGTCATA-2,SERBINB3/PI3 high
GGGCTACCAGAACTCT-2,SERBINB3/PI3 high
GGGCTCAGTGCGGATA-2,Steady state
GGGTAGAGTGAGTCAG-2,SERBINB3/PI3 high
GGGTCACGTCATGACT-2,SERBINB3/PI3 high
GGGTCTGCAGGACGAT-2,SERBINB3/PI3 high
GGGTCTGGTGACACGA-2,SERBINB3/PI3 high
GGTAATCAGCAGTACG-2,SERBINB3/PI3 high
GGTAGAGAGCTGACCC-2,SERBINB3/PI3 high
GGTAGAGAGGGCAATC-2,SERBINB3/PI3 high
GGTAGAGGTACAATAG-2,SERBINB3/PI3 high
GGTCACGCACGTTGGC-2,SERBINB3/PI3 high
GGTCTGGAGTTCTACG-2,Steady state
GGTCTGGGTGGATTTC-2,SERBINB3/PI3 high
GGTCTGGTCTCGGTCT-2,Inflamed
GGTGAAGTCGCTACAA-2,SERBINB3/PI3 high
GGTGATTTCGTGCTCT-2,Steady state
GGTGGCTCAAGGGCAT-2,Inflamed
GGTGGCTTCGGACGTC-2,SERBINB3/PI3 high
GGTGTCGAGACGGTCA-2,Inflamed
GGTGTTACACGTTGGC-2,SERBINB3/PI3 high
GGTTAACCAGAAATCA-2,SERBINB3/PI3 high
GGTTGTAAGTAACGAT-2,Steady state
GTAACCAGTGGCTCTG-2,SERBINB3/PI3 high
GTAATCGTCATTTCCA-2,SERBINB3/PI3 high
GTAATGCCAGAAGCTG-2,Inflamed
GTAATGCCATTGCCGG-2,Steady state
GTACAACAGCTGACTT-2,Inflamed
GTACAACGTGGTAATA-2,SERBINB3/PI3 high
GTAGAAAGTGCTCGTG-2,SERBINB3/PI3 high
GTAGAGGCAATGAAAC-2,SERBINB3/PI3 high
GTAGAGGTCATCGCTC-2,SERBINB3/PI3 high
GTAGATCGTATCACCA-2,SERBINB3/PI3 high
GTAGATCTCCACTGAA-2,SERBINB3/PI3 high
GTAGGTTTCTCGGGAC-2,SERBINB3/PI3 high
GTATTTCTCCGCAAAT-2,SERBINB3/PI3 high
GTCAAACCACGAGGAT-2,SERBINB3/PI3 high
GTCAAACTCATGACAC-2,SERBINB3/PI3 high
GTCACGGCACGAGGTA-2,SERBINB3/PI3 high
GTCATCCAGGTTCATC-2,SERBINB3/PI3 high
GTCATCCCACCTCGTT-2,SERBINB3/PI3 high
GTCATGATCTATTGTC-2,Inflamed
GTCCACTTCAACACGT-2,SERBINB3/PI3 high
GTCCACTTCGTGACTA-2,SERBINB3/PI3 high
GTCCCATTCCGATTAG-2,SERBINB3/PI3 high
GTCCTCATCACATACG-2,SERBINB3/PI3 high
GTCGAATCAACGATCT-2,SERBINB3/PI3 high
GTCGTAACATCGTGGC-2,SERBINB3/PI3 high
GTCGTTCAGCCTCTTC-2,SERBINB3/PI3 high
GTCGTTCGTTAGGACG-2,SERBINB3/PI3 high
GTCTAGAAGTGGTGGT-2,SERBINB3/PI3 high
GTCTAGAGTATTGACC-2,SERBINB3/PI3 high
GTGACGCTCAGTCATG-2,Inflamed
GTGAGCCAGCCAAGGT-2,SERBINB3/PI3 high
GTGAGCCCAGGTTCGC-2,SERBINB3/PI3 high
GTGAGCCGTACAGCGA-2,SERBINB3/PI3 high
GTGAGTTAGAATTGCA-2,SERBINB3/PI3 high
GTGATGTGTATCGTAC-2,SERBINB3/PI3 high
GTGATGTGTCTCGGGT-2,SERBINB3/PI3 high
GTGCGTGGTAGTCCTA-2,SERBINB3/PI3 high
GTGCTTCCAAAGGGTC-2,SERBINB3/PI3 high
GTGCTTCCACGGTGCT-2,SERBINB3/PI3 high
GTGCTTCCATACCACA-2,SERBINB3/PI3 high
GTGGGAAGTCATCACA-2,SERBINB3/PI3 high
GTGGGAATCAGTGTCA-2,SERBINB3/PI3 high
GTGTTAGAGAAGCGGG-2,SERBINB3/PI3 high
GTGTTAGAGTGTACCT-2,SERBINB3/PI3 high
GTTACAGGTAACACCT-2,SERBINB3/PI3 high
GTTACCCCACCGTCTT-2,SERBINB3/PI3 high
GTTAGACCACCTAAAC-2,SERBINB3/PI3 high
GTTAGTGGTTGTGGAG-2,SERBINB3/PI3 high
GTTATGGAGTCTGGTT-2,SERBINB3/PI3 high
GTTATGGGTAGTAAGT-2,SERBINB3/PI3 high
GTTCATTAGGAATGTT-2,Inflamed
GTTCATTAGTAACGAT-2,SERBINB3/PI3 high
GTTCCGTAGGACGCAT-2,SERBINB3/PI3 high
GTTCCGTTCCATTGTT-2,SERBINB3/PI3 high
GTTCGCTAGAGCACTG-2,Inflamed
GTTCGCTGTAGGTACG-2,SERBINB3/PI3 high
GTTCTATTCGGCGATC-2,SERBINB3/PI3 high
GTTCTATTCGGTTAGT-2,SERBINB3/PI3 high
GTTGCTCTCTCACCCA-2,SERBINB3/PI3 high
GTTTACTAGCGTCTCG-2,SERBINB3/PI3 high
GTTTACTGTAACATCC-2,Inflamed
TAACCAGGTGCGAGTA-2,SERBINB3/PI3 high
TAACTTCGTGCCTTCT-2,SERBINB3/PI3 high
TAACTTCTCCCAAGCG-2,Steady state
TAACTTCTCCTCTTTC-2,Steady state
TAAGCGTCACAGTGTT-2,SERBINB3/PI3 high
TAAGCGTTCCATTTCA-2,SERBINB3/PI3 high
TAAGTCGTCTACCTTA-2,SERBINB3/PI3 high
TACAGGTTCTGCGAGC-2,SERBINB3/PI3 high
TACCCACCAAGGCTTT-2,SERBINB3/PI3 high
TACCGGGGTCACAGTT-2,SERBINB3/PI3 high
TACCTCGGTCGGTGAA-2,Steady state
TACCTGCTCAGCGTCG-2,SERBINB3/PI3 high
TACGGTAGTATGCTTG-2,SERBINB3/PI3 high
TACTTACTCATCTATC-2,Steady state
TACTTCACAATAGGAT-2,SERBINB3/PI3 high
TACTTGTCAGAAACCG-2,Steady state
TAGACCAAGAAGTGTT-2,SERBINB3/PI3 high
TAGACCACAACCTATG-2,SERBINB3/PI3 high
TAGACTGAGGAGGGTG-2,SERBINB3/PI3 high
TAGACTGCACACCTTC-2,SERBINB3/PI3 high
TAGACTGGTCGCTCGA-2,SERBINB3/PI3 high
TAGACTGTCTCTATGT-2,SERBINB3/PI3 high
TAGAGTCAGCCTCTTC-2,Inflamed
TAGATCGGTTCACCGG-2,SERBINB3/PI3 high
TAGATCGTCCACTGGG-2,SERBINB3/PI3 high
TAGCACAAGCAGGCTA-2,SERBINB3/PI3 high
TAGCACAGTCAACATC-2,SERBINB3/PI3 high
TAGGGTTCAGCTGCCA-2,Inflamed
TAGGTACTCGTCTAAG-2,Inflamed
TAGTGCACAGAGTCAG-2,SERBINB3/PI3 high
TAGTGCATCATGCCAA-2,SERBINB3/PI3 high
TATACCTTCCGGTAGC-2,SERBINB3/PI3 high
TATATCCGTTGCTCAA-2,SERBINB3/PI3 high
TATCGCCCAGGGACTA-2,SERBINB3/PI3 high
TATCGCCCATGATGCT-2,SERBINB3/PI3 high
TATCGCCTCACCCTTG-2,SERBINB3/PI3 high
TATCTTGAGTATAGGT-2,Inflamed
TATGTTCAGCCATTTG-2,Inflamed
TATTGGGTCTTAGCCC-2,SERBINB3/PI3 high
TATTTCGAGACTCGAG-2,SERBINB3/PI3 high
TATTTCGCAAGTATAG-2,SERBINB3/PI3 high
TATTTCGCATCGGCCA-2,SERBINB3/PI3 high
TCAAGACCAAGCCCAC-2,SERBINB3/PI3 high
TCAATCTGTACCTAAC-2,SERBINB3/PI3 high
TCAATCTGTCCTCCAT-2,Inflamed
TCAATCTTCAAATGAG-2,Inflamed
TCAATCTTCCTGGCTT-2,SERBINB3/PI3 high
TCAATTCAGGCTTCCG-2,SERBINB3/PI3 high
TCACAAGAGTTACGTC-2,SERBINB3/PI3 high
TCACAAGGTTTCCATT-2,SERBINB3/PI3 high
TCACACCAGCAACCAG-2,SERBINB3/PI3 high
TCACACCAGGGAGGCA-2,SERBINB3/PI3 high
TCACGCTCATGGATCT-2,SERBINB3/PI3 high
TCACGCTTCATTGAGC-2,SERBINB3/PI3 high
TCACGGGCAGATCACT-2,SERBINB3/PI3 high
TCACTCGCATCGCCTT-2,SERBINB3/PI3 high
TCAGCCTGTCGATTTG-2,SERBINB3/PI3 high
TCAGGTAGTAGACACG-2,SERBINB3/PI3 high
TCAGTCCAGAATCCCT-2,SERBINB3/PI3 high
TCAGTGACACTATGTG-2,Inflamed
TCAGTTTTCATAGCAC-2,SERBINB3/PI3 high
TCATACTGTAGCGCTC-2,SERBINB3/PI3 high
TCATCATTCCAAACCA-2,SERBINB3/PI3 high
TCATGAGAGACTGAGC-2,SERBINB3/PI3 high
TCATGGAAGTCGCTAT-2,SERBINB3/PI3 high
TCATGGACAACACGTT-2,SERBINB3/PI3 high
TCATGGACAATTCACG-2,SERBINB3/PI3 high
TCATGTTTCGGCATCG-2,SERBINB3/PI3 high
TCATTACAGCAGCGAT-2,SERBINB3/PI3 high
TCATTCAAGTAATACG-2,SERBINB3/PI3 high
TCATTGTGTATGAGGC-2,SERBINB3/PI3 high
TCCACCACATCCGATA-2,SERBINB3/PI3 high
TCCAGAAAGGATATGT-2,SERBINB3/PI3 high
TCCAGAAGTTCTTCAT-2,Steady state
TCCATGCTCTGCCTGT-2,SERBINB3/PI3 high
TCCCATGAGGCCTAAG-2,Steady state
TCCGGGACAGGAATAT-2,SERBINB3/PI3 high
TCCGGGATCAGTCAGT-2,Inflamed
TCCGTGTTCCTTGAAG-2,Steady state
TCCTCCCCAGTTGTCA-2,SERBINB3/PI3 high
TCCTTCTTCAAGGAGC-2,Steady state
TCGACCTCATACGCAT-2,SERBINB3/PI3 high
TCGACCTTCCACTTCG-2,SERBINB3/PI3 high
TCGACCTTCTTCTCAA-2,SERBINB3/PI3 high
TCGATTTGTATGTCAC-2,SERBINB3/PI3 high
TCGCACTAGTTCCGTA-2,SERBINB3/PI3 high
TCGCACTGTCCACTTC-2,SERBINB3/PI3 high
TCGCAGGAGAGCAAGA-2,SERBINB3/PI3 high
TCGCAGGAGGTCATCT-2,Steady state
TCGCTCAAGCGCCATC-2,SERBINB3/PI3 high
TCGGATAAGGCCTGAA-2,SERBINB3/PI3 high
TCGGATAGTAACCCTA-2,SERBINB3/PI3 high
TCGGGTGGTTAGTCGT-2,SERBINB3/PI3 high
TCTAACTGTTTCCATT-2,SERBINB3/PI3 high
TCTATCACAACAGTGG-2,Inflamed
TCTCACGGTTTACGTG-2,SERBINB3/PI3 high
TCTCAGCAGTTGAAAC-2,SERBINB3/PI3 high
TCTCCGAGTCCAAAGG-2,Steady state
TCTCCGATCAGGCGAA-2,Inflamed
TCTGCCAAGTGGATAT-2,SERBINB3/PI3 high
TCTGCCACACTCACTC-2,SERBINB3/PI3 high
TCTGGCTTCTCGACCT-2,Steady state
TCTTTGAAGAGTATAC-2,SERBINB3/PI3 high
TCTTTGATCGTTTACT-2,Inflamed
TGAACGTTCTCGACGG-2,SERBINB3/PI3 high
TGAATGCGTGGCTAGA-2,SERBINB3/PI3 high
TGAATGCTCTATCGCC-2,Inflamed
TGACCCTGTCTGCATA-2,Inflamed
TGACCCTTCGTGCAGC-2,SERBINB3/PI3 high
TGACTCCGTGACTAAA-2,SERBINB3/PI3 high
TGAGACTAGTTGGAGC-2,SERBINB3/PI3 high
TGAGCATAGTAAACTG-2,SERBINB3/PI3 high
TGAGCATAGTAGAGTT-2,Inflamed
TGAGCATGTAATGATG-2,SERBINB3/PI3 high
TGAGCATGTCGACTTA-2,SERBINB3/PI3 high
TGAGCGCCATAGATGA-2,SERBINB3/PI3 high
TGAGGAGCAACTGAAA-2,Inflamed
TGAGGGAAGTGTTCCA-2,SERBINB3/PI3 high
TGAGGGAGTCCAATCA-2,SERBINB3/PI3 high
TGATGGTTCTCTTAAC-2,Steady state
TGATTTCGTAAGAACT-2,SERBINB3/PI3 high
TGCACGGCACTGGATT-2,SERBINB3/PI3 high
TGCAGATCAATACGCT-2,SERBINB3/PI3 high
TGCAGTACAACTTGGT-2,SERBINB3/PI3 high
TGCAGTACAATGAGCG-2,SERBINB3/PI3 high
TGCATCCAGCCATGCC-2,SERBINB3/PI3 high
TGCATCCGTTCCAGGC-2,SERBINB3/PI3 high
TGCATGACATGGAAGC-2,SERBINB3/PI3 high
TGCCGAGCACTGTCGG-2,SERBINB3/PI3 high
TGCGACGAGGGTCACA-2,Inflamed
TGCGATACATCGTCCT-2,Steady state
TGCGGGTCACCTGCAG-2,Inflamed
TGCTCGTGTGTCCATA-2,SERBINB3/PI3 high
TGCTGAACACGGCACT-2,SERBINB3/PI3 high
TGCTGAACAGGTATGG-2,SERBINB3/PI3 high
TGCTTCGAGGACGGAG-2,Inflamed
TGGCGTGCACCTAAAC-2,SERBINB3/PI3 high
TGGGAGACAGATACTC-2,Steady state
TGGGAGACAGGTTTAC-2,SERBINB3/PI3 high
TGGGATTCAGGTTCAT-2,Inflamed
TGGGATTGTCAAGTTC-2,SERBINB3/PI3 high
TGGGATTGTCACCGCA-2,SERBINB3/PI3 high
TGGGCGTCAGATCCTA-2,SERBINB3/PI3 high
TGGGTTAAGTGTTGTC-2,SERBINB3/PI3 high
TGGGTTACATCAGCGC-2,SERBINB3/PI3 high
TGGGTTAGTGAACCGA-2,SERBINB3/PI3 high
TGGGTTAGTGGATACG-2,SERBINB3/PI3 high
TGGTAGTGTCGATTAC-2,SERBINB3/PI3 high
TGGTAGTTCGCCAACG-2,SERBINB3/PI3 high
TGGTGATGTAGAATGT-2,SERBINB3/PI3 high
TGGTTAGGTACTGGGA-2,SERBINB3/PI3 high
TGTCCACGTGCTGCAC-2,Inflamed
TGTCCTGCACAGCATT-2,SERBINB3/PI3 high
TGTCCTGGTCAACCTA-2,Steady state
TGTGCGGAGAGTGGCT-2,SERBINB3/PI3 high
TGTGCGGAGGTTCCAT-2,Steady state
TGTGCGGGTACATTGC-2,SERBINB3/PI3 high
TGTGTGACATTATGCG-2,Inflamed
TGTGTGATCTGCCTCA-2,SERBINB3/PI3 high
TGTTCCGCATCTCGTC-2,SERBINB3/PI3 high
TGTTGAGGTTGTCATG-2,SERBINB3/PI3 high
TGTTTGTCACAACATC-2,SERBINB3/PI3 high
TGTTTGTCACCGCTGA-2,SERBINB3/PI3 high
TGTTTGTGTTGTCATG-2,Inflamed
TTAATCCCACACCAGC-2,SERBINB3/PI3 high
TTAATCCCACCCATAA-2,SERBINB3/PI3 high
TTACAGGGTCGCGGTT-2,SERBINB3/PI3 high
TTACAGGTCGACTCCT-2,SERBINB3/PI3 high
TTACCATCACGGTGAA-2,SERBINB3/PI3 high
TTACCATCATAGGAGC-2,SERBINB3/PI3 high
TTACTGTCAGTAGTTC-2,SERBINB3/PI3 high
TTAGGCAGTGTTTGCA-2,SERBINB3/PI3 high
TTAGGCAGTTAACCTG-2,SERBINB3/PI3 high
TTAGGCAGTTTGTGGT-2,SERBINB3/PI3 high
TTAGGGTAGTGGTTCT-2,SERBINB3/PI3 high
TTAGTCTTCCATAGGT-2,Steady state
TTATTGCAGGCCCAAA-2,SERBINB3/PI3 high
TTCACCGTCACCCATC-2,Steady state
TTCACGCCATGGCGCT-2,SERBINB3/PI3 high
TTCATGTTCCCTTGTG-2,SERBINB3/PI3 high
TTCCAATGTAGAGACC-2,SERBINB3/PI3 high
TTCCAATTCAAGCTTG-2,SERBINB3/PI3 high
TTCCACGCATCATTTC-2,SERBINB3/PI3 high
TTCCACGTCAGTCCGG-2,SERBINB3/PI3 high
TTCCTCTGTTGCTCGG-2,SERBINB3/PI3 high
TTCCTTCGTAACGTTC-2,SERBINB3/PI3 high
TTCGATTCACATGGTT-2,SERBINB3/PI3 high
TTCGGTCCAACTCGTA-2,SERBINB3/PI3 high
TTCTAACGTAGTCCTA-2,SERBINB3/PI3 high
TTCTAGTGTTACACAC-2,SERBINB3/PI3 high
TTCTGTAGTGATACCT-2,SERBINB3/PI3 high
TTCTTCCAGCAATTAG-2,SERBINB3/PI3 high
TTGAACGTCGATTGAC-2,SERBINB3/PI3 high
TTGAGTGAGCAGATAT-2,Inflamed
TTGAGTGGTTCTAAGC-2,SERBINB3/PI3 high
TTGATGGGTAGCGCTC-2,SERBINB3/PI3 high
TTGCATTCATCCTATT-2,Inflamed
TTGCCTGAGAGGCGGA-2,SERBINB3/PI3 high
TTGCCTGTCATCTCTA-2,SERBINB3/PI3 high
TTGTGGAAGACATATG-2,SERBINB3/PI3 high
TTGTGTTGTAGCTAAA-2,SERBINB3/PI3 high
TTTACTGAGGTGATCG-2,Inflamed
TTTACTGGTAACCAGG-2,Steady state
TTTAGTCCATGTAACC-2,Inflamed
TTTAGTCCATTGCCTC-2,SERBINB3/PI3 high
TTTATGCTCATCAGTG-2,SERBINB3/PI3 high
TTTCACAGTCCCGGTA-2,SERBINB3/PI3 high
TTTCAGTAGGAAGTAG-2,SERBINB3/PI3 high
TTTCAGTCACTGGAAG-2,SERBINB3/PI3 high
TTTCAGTCATACTTTC-2,SERBINB3/PI3 high
TTTCCTCGTGGCTTGC-2,Inflamed
TTTGACTTCCCTGTTG-2,SERBINB3/PI3 high
TTTGATCTCTAGTGAC-2,SERBINB3/PI3 high
AAACGAAAGAATTCAG-3,SERBINB3/PI3 high
AAACGCTTCGATGCAT-3,SERBINB3/PI3 high
AAAGGATCAATCCTTT-3,Steady state
AAAGTCCCATCTCAAG-3,Inflamed
AAATGGAGTACGACAG-3,SERBINB3/PI3 high
AACAAAGCAGGTTCAT-3,Inflamed
AACACACTCATGGAGG-3,SERBINB3/PI3 high
AACAGGGAGGTAAGGA-3,SERBINB3/PI3 high
AACCACACATCCGCGA-3,Inflamed
AACCCAAAGCCAGAGT-3,SERBINB3/PI3 high
AACCTGAGTCTTCATT-3,Inflamed
AACCTTTAGATGAACT-3,SERBINB3/PI3 high
AAGCCATGTACCCGAC-3,Inflamed
AAGCGAGTCTCCCAAC-3,Inflamed
AAGGTAATCAGGACAG-3,SERBINB3/PI3 high
AATCGACAGTCGGGAT-3,Steady state
AATCGACCAAAGTATG-3,Steady state
AATCGTGGTGTAGGAC-3,Inflamed
AATGGAATCTTGGATG-3,Inflamed
AATGGCTTCAACCTCC-3,Inflamed
AATTCCTAGTCACAGG-3,SERBINB3/PI3 high
ACAAAGAAGTTCCGTA-3,SERBINB3/PI3 high
ACAAAGACAGGAGGAG-3,SERBINB3/PI3 high
ACAAGCTAGGTTCTTG-3,SERBINB3/PI3 high
ACAAGCTGTAGACAGC-3,SERBINB3/PI3 high
ACAAGCTTCTAGCCTC-3,SERBINB3/PI3 high
ACACGCGCAGCGTGCT-3,Inflamed
ACACTGACATCACAGT-3,Steady state
ACATGCAAGACTCAAA-3,SERBINB3/PI3 high
ACCAAACAGGTAATCA-3,Steady state
ACCACAACAGTATACC-3,SERBINB3/PI3 high
ACCATTTGTGACGTCC-3,SERBINB3/PI3 high
ACCCTCAGTGGCTGCT-3,Steady state
ACCGTTCCAACAGCTT-3,Inflamed
ACCTACCAGGCATGCA-3,SERBINB3/PI3 high
ACCTGTCCAGAAACCG-3,Inflamed
ACCTGTCTCCATAAGC-3,SERBINB3/PI3 high
ACGATGTCAATCCTTT-3,Inflamed
ACGCACGAGTCTTCGA-3,SERBINB3/PI3 high
ACGCACGTCCTGTTGC-3,SERBINB3/PI3 high
ACGGAAGAGGTTCAGG-3,Steady state
ACGGGTCAGAAACCCG-3,SERBINB3/PI3 high
ACGGTTAAGGGTCTTT-3,Steady state
ACTGATGGTGGTTCTA-3,SERBINB3/PI3 high
ACTGCAATCCCGAGGT-3,Steady state
AGAAGTAAGGGACACT-3,SERBINB3/PI3 high
AGACAAAGTGCAATAA-3,Steady state
AGACAGGAGATTGAGT-3,SERBINB3/PI3 high
AGACCCGAGCAGGCTA-3,SERBINB3/PI3 high
AGACCCGGTCGCGTTG-3,SERBINB3/PI3 high
AGACCCGTCTCGACCT-3,Inflamed
AGAGCCCAGCTTCGTA-3,SERBINB3/PI3 high
AGAGCCCGTTTCTATC-3,Inflamed
AGATCCACACTTCCTG-3,Inflamed
AGATGCTCAGAACGCA-3,Inflamed
AGATGCTTCTAGCATG-3,SERBINB3/PI3 high
AGCCACGGTGTATTCG-3,SERBINB3/PI3 high
AGCCAGCAGGTGAGCT-3,Steady state
AGCCAGCGTGCTCGTG-3,Steady state
AGCGCCACACAATCTG-3,SERBINB3/PI3 high
AGCGTCGCAGTCAGAG-3,SERBINB3/PI3 high
AGCTCAAGTGGTCAAG-3,Inflamed
AGCTTCCCATCTGTTT-3,SERBINB3/PI3 high
AGGAAATTCCATTCGC-3,SERBINB3/PI3 high
AGGACGATCGTCACCT-3,SERBINB3/PI3 high
AGGACTTAGGCTGTAG-3,SERBINB3/PI3 high
AGGACTTCACACGGTC-3,Steady state
AGGAGGTCATGATGCT-3,SERBINB3/PI3 high
AGGAGGTGTGAGGCAT-3,Inflamed
AGGCATTCAGACGATG-3,SERBINB3/PI3 high
AGGCCACCATTGCCGG-3,Steady state
AGGGAGTTCGTAACAC-3,SERBINB3/PI3 high
AGGGCCTAGGTGCATG-3,Steady state
AGGGCCTTCGTAACCA-3,Steady state
AGGGTGAGTCCCACGA-3,Inflamed
AGGGTTTAGAACAGGA-3,Steady state
AGGTCATCATGTAACC-3,Inflamed
AGGTCTAGTGAATTGA-3,SERBINB3/PI3 high
AGGTCTATCTTCTAAC-3,Inflamed
AGTACTGGTCAAAGAT-3,SERBINB3/PI3 high
AGTAGCTAGCAGCACA-3,Steady state
AGTAGTCTCCTCTCTT-3,SERBINB3/PI3 high
AGTCATGTCTCGCAGG-3,Inflamed
AGTGACTGTGAAAGTT-3,Steady state
ATACCGATCATAGCAC-3,SERBINB3/PI3 high
ATACCTTAGGATCACG-3,SERBINB3/PI3 high
ATACCTTCATCATTTC-3,Inflamed
ATACCTTCATGGAACG-3,Inflamed
ATACCTTGTGTTCAGT-3,SERBINB3/PI3 high
ATAGGCTTCAAGATAG-3,Steady state
ATCACGAAGCTTTCCC-3,Inflamed
ATCACGACAAGTCATC-3,Inflamed
ATCACTTCATCATTTC-3,SERBINB3/PI3 high
ATCACTTGTCTGATCA-3,SERBINB3/PI3 high
ATCCACCTCGATAACC-3,SERBINB3/PI3 high
ATCCATTCAGAGCCCT-3,SERBINB3/PI3 high
ATCGCCTAGATTGTGA-3,Inflamed
ATCGTGAGTGTTGACT-3,SERBINB3/PI3 high
ATCTCTACAGTCGGAA-3,Inflamed
ATGCATGAGCTTAGTC-3,Steady state
ATGGAGGGTAACGCGA-3,SERBINB3/PI3 high
ATGGGTTCACCTTCGT-3,Steady state
ATGGGTTGTCGATTAC-3,SERBINB3/PI3 high
ATGTCTTCAAAGGGTC-3,Steady state
ATTACTCCAGCTGAGA-3,SERBINB3/PI3 high
ATTCAGGTCACGACTA-3,Steady state
ATTCCCGCATAGGCGA-3,Inflamed
ATTCCCGTCATGCGGC-3,SERBINB3/PI3 high
ATTCCTAAGTATGACA-3,SERBINB3/PI3 high
ATTCGTTGTAGTCGGA-3,SERBINB3/PI3 high
ATTGGGTGTCGAGCAA-3,Inflamed
ATTGTTCAGCACTCAT-3,Inflamed
ATTTCACAGAAACTAC-3,SERBINB3/PI3 high
CAACAGTTCAAGGCTT-3,SERBINB3/PI3 high
CAACCAAAGGTCCAGA-3,Inflamed
CAACCAACAGAATCGG-3,Steady state
CAACCTCAGTGATAAC-3,Inflamed
CAACCTCCATTGTCGA-3,SERBINB3/PI3 high
CAAGACTGTCTAACGT-3,Inflamed
CAAGAGGAGCCTTCTC-3,SERBINB3/PI3 high
CAAGGGAAGCCGATTT-3,Steady state
CAATCGATCCCGAGAC-3,SERBINB3/PI3 high
CAATTTCCATTCTGTT-3,SERBINB3/PI3 high
CACACAACATTGTACG-3,SERBINB3/PI3 high
CACGGGTGTAACGGTG-3,SERBINB3/PI3 high
CAGATACAGTAAGGGA-3,SERBINB3/PI3 high
CAGATACAGTGATAGT-3,SERBINB3/PI3 high
CAGCACGTCATGGTAC-3,SERBINB3/PI3 high
CAGCAGCAGGACCCAA-3,Steady state
CAGCAGCGTAACAGTA-3,SERBINB3/PI3 high
CAGCCAGGTGTGTTTG-3,SERBINB3/PI3 high
CAGCGTGAGCTCTATG-3,SERBINB3/PI3 high
CAGTGCGTCGATACTG-3,Inflamed
CAGTTAGGTCAAGTTC-3,Inflamed
CAGTTCCAGTCCTGCG-3,Steady state
CATACAGGTGTGACCC-3,SERBINB3/PI3 high
CATAGACCACGACGCT-3,SERBINB3/PI3 high
CATCAAGGTGCGGATA-3,SERBINB3/PI3 high
CATCCACTCCTGCCAT-3,Steady state
CATCCCACAGTTGGTT-3,Steady state
CATCCGTCATGAAGCG-3,Inflamed
CATCGCTTCGCTGACG-3,Steady state
CATGCCTAGCACCGTC-3,Steady state
CATGCCTGTTCATCGA-3,Steady state
CATGCGGCAGCAGTTT-3,SERBINB3/PI3 high
CATGCGGTCAATCGGT-3,Steady state
CATGGTACACATAACC-3,Steady state
CATTCATGTCCTATAG-3,Inflamed
CATTCTAGTTGGGTTT-3,SERBINB3/PI3 high
CATTCTATCTCCGAAA-3,Steady state
CATTGAGCAATAGGGC-3,Steady state
CATTGAGGTTCCACGG-3,Inflamed
CATTGCCCACGTTGGC-3,SERBINB3/PI3 high
CATTTCATCTGAGCAT-3,Steady state
CCACAAATCGACACTA-3,Inflamed
CCACGAGTCGACGCTG-3,SERBINB3/PI3 high
CCATAAGGTGTCGCTG-3,SERBINB3/PI3 high
CCATAAGTCTCCAATT-3,Inflamed
CCATCACCATTGCAAC-3,SERBINB3/PI3 high
CCCGGAACATCATTTC-3,SERBINB3/PI3 high
CCCGGAACATCCGTGG-3,Steady state
CCCTAACTCATCAGTG-3,SERBINB3/PI3 high
CCCTCTCCAACTTCTT-3,SERBINB3/PI3 high
CCCTTAGCATAACTCG-3,Inflamed
CCCTTAGGTAAGGAGA-3,SERBINB3/PI3 high
CCGATGGCAGAGATTA-3,SERBINB3/PI3 high
CCGCAAGAGACGCTCC-3,Inflamed
CCGGTAGGTAGTCCTA-3,SERBINB3/PI3 high
CCGTAGGCAAGTCATC-3,Inflamed
CCTAACCAGTTGAAGT-3,SERBINB3/PI3 high
CCTAAGAAGGCGACAT-3,Steady state
CCTACGTAGACATCCT-3,Inflamed
CCTACGTGTGTTTGCA-3,SERBINB3/PI3 high
CCTCACACAGCAGTAG-3,SERBINB3/PI3 high
CCTGCATAGGACAACC-3,Inflamed
CCTGTTGGTGGATTTC-3,Inflamed
CCTTCAGAGAAGCGCT-3,Inflamed
CCTTCAGCAGTATTCG-3,SERBINB3/PI3 high
CCTTTGGCAATTTCTC-3,SERBINB3/PI3 high
CGCCATTCAGACGATG-3,SERBINB3/PI3 high
CGCCATTTCGCATAGT-3,Inflamed
CGCGTGATCGTACACA-3,SERBINB3/PI3 high
CGGACACCAGATCACT-3,SERBINB3/PI3 high
CGGCAGTTCTTGGAAC-3,Inflamed
CGGGACTAGGCTCCCA-3,Inflamed
CGGGACTGTGTAAACA-3,Steady state
CGGGACTTCGTAACAC-3,Inflamed
CGGGCATGTCTGTTAG-3,SERBINB3/PI3 high
CGGTCAGCACAACATC-3,SERBINB3/PI3 high
CGTCAAAGTGCCTATA-3,SERBINB3/PI3 high
CGTGAATCACTAGGTT-3,Steady state
CGTGAATGTTGGGTTT-3,Inflamed
CGTGTCTGTCTTGGTA-3,SERBINB3/PI3 high
CTACATTAGTTGTACC-3,SERBINB3/PI3 high
CTATAGGTCGATTTCT-3,SERBINB3/PI3 high
CTATCCGAGACGCAGT-3,Inflamed
CTATCTAAGGGCCTCT-3,Inflamed
CTATCTACAAAGGATT-3,Inflamed
CTATCTAGTTCGTAAC-3,SERBINB3/PI3 high
CTCAATTTCGAGATGG-3,SERBINB3/PI3 high
CTCACTGGTAGACACG-3,Steady state
CTCACTGTCTGCACCT-3,SERBINB3/PI3 high
CTCAGGGAGTCCCTAA-3,Inflamed
CTCAGTCAGGGTCTTT-3,SERBINB3/PI3 high
CTCATCGTCCGCTAGG-3,Inflamed
CTCATTAAGGGAGGTG-3,Inflamed
CTCCAACAGAGGTGCT-3,SERBINB3/PI3 high
CTCCAACAGGGAGGCA-3,Inflamed
CTCCAACAGGTAATCA-3,SERBINB3/PI3 high
CTCCAACGTACCTAGT-3,Steady state
CTCCAACTCAAAGGTA-3,Steady state
CTCCAACTCTGGGATT-3,SERBINB3/PI3 high
CTCCACAAGCTGGCCT-3,Inflamed
CTCCCAAAGTCATCGT-3,Inflamed
CTCTCGAGTGGCCTCA-3,Inflamed
CTCTGGTGTTAGCGGA-3,SERBINB3/PI3 high
CTGCAGGTCCCTCTTT-3,SERBINB3/PI3 high
CTGCCATAGTACAGCG-3,Inflamed
CTGCCATTCGCACGGT-3,Steady state
CTGTGAAGTTTGCAGT-3,Inflamed
CTTACCGTCTCACGAA-3,Inflamed
CTTAGGAGTACACGCC-3,Steady state
CTTCCGAAGACGACGT-3,SERBINB3/PI3 high
CTTCTAAGTAGCACGA-3,Inflamed
CTTGATTAGCGAGTCA-3,Inflamed
GAAACCTGTGGCATCC-3,Steady state
GAAACCTTCTCCTGCA-3,SERBINB3/PI3 high
GAACGTTAGTCTGCAT-3,Inflamed
GAATCACAGGTCGTAG-3,SERBINB3/PI3 high
GAATCGTAGTATGACA-3,Inflamed
GAATCGTTCTTTCTAG-3,SERBINB3/PI3 high
GACAGCCGTACAACGG-3,Inflamed
GACATCAAGGGTCACA-3,Inflamed
GACCCAGGTGTTCGTA-3,Steady state
GACCCAGTCGCTAGCG-3,SERBINB3/PI3 high
GACCTTCAGCTGGCCT-3,Steady state
GACGCTGAGCTAATCC-3,SERBINB3/PI3 high
GACGCTGTCGTGCTCT-3,Inflamed
GACGTTACATACATCG-3,SERBINB3/PI3 high
GACTATGCAGAGACTG-3,SERBINB3/PI3 high
GACTGATAGGAGTCTG-3,SERBINB3/PI3 high
GAGACCCAGTGCACCC-3,SERBINB3/PI3 high
GAGACTTGTCTTTATC-3,Inflamed
GAGAGGTAGAGATCGC-3,Inflamed
GAGAGGTAGTTACGAA-3,SERBINB3/PI3 high
GAGCCTGAGCCAGTAG-3,Inflamed
GAGGCCTCATGTGGCC-3,SERBINB3/PI3 high
GAGGGATTCCAAACCA-3,SERBINB3/PI3 high
GAGGGTAAGGACACTG-3,SERBINB3/PI3 high
GAGTTTGGTCGGTACC-3,Inflamed
GATGAGGGTAGGACCA-3,Steady state
GATGAGGTCGACGCTG-3,Inflamed
GATGGAGTCTGGACTA-3,Inflamed
GATTTCTGTCTAGATC-3,SERBINB3/PI3 high
GCAACATAGCTACTGT-3,Inflamed
GCACTAAGTTGGCCGT-3,SERBINB3/PI3 high
GCAGGCTCATGGAAGC-3,SERBINB3/PI3 high
GCATCGGAGGTGATCG-3,SERBINB3/PI3 high
GCATCGGCACCAAATC-3,Inflamed
GCATTAGTCCTGGTCT-3,Inflamed
GCCCAGAAGGCCCAAA-3,SERBINB3/PI3 high
GCCGTGACAATAACGA-3,SERBINB3/PI3 high
GCCGTGAGTCCACTTC-3,Steady state
GCCTGTTGTATCCTCC-3,SERBINB3/PI3 high
GCCTGTTTCCGAGGCT-3,SERBINB3/PI3 high
GCGATCGGTCTCTCAC-3,SERBINB3/PI3 high
GCGTGCATCCAGCTCT-3,Steady state
GCTACAACAATGGCCC-3,SERBINB3/PI3 high
GCTCAAATCCCTCTAG-3,Inflamed
GCTGCAGAGGCAGTCA-3,Inflamed
GGAAGTGAGCATGCAG-3,Inflamed
GGAATCTAGGGACCAT-3,Inflamed
GGAATCTTCTGGCCTT-3,Steady state
GGAGAACTCTGTCTCG-3,Inflamed
GGAGCAAAGCGTTCAT-3,SERBINB3/PI3 high
GGAGCAATCTGGGCAC-3,SERBINB3/PI3 high
GGAGGATCAACGCATT-3,Steady state
GGAGGTATCTGCACCT-3,Inflamed
GGCACGTGTTCGAACT-3,SERBINB3/PI3 high
GGCGTCAGTCGATTAC-3,Steady state
GGCTGTGGTATCCTCC-3,Inflamed
GGCTTGGAGCCTCAGC-3,Inflamed
GGCTTTCCAGAACTCT-3,Inflamed
GGGAAGTTCAGCTTCC-3,Steady state
GGGACCTCATGACCCG-3,Steady state
GGGACTCTCTACCACC-3,SERBINB3/PI3 high
GGGAGATTCCGTGGCA-3,Steady state
GGGAGTACAGCAGACA-3,SERBINB3/PI3 high
GGGATGAGTTCGAAGG-3,Steady state
GGGTGTCTCTCTCGCA-3,SERBINB3/PI3 high
GGGTTATGTATGACAA-3,Steady state
GGGTTTACAAAGCTAA-3,Inflamed
GGTAGAGAGTTCGCAT-3,Inflamed
GGTAGAGTCAAACCCA-3,SERBINB3/PI3 high
GGTCACGCACACCTTC-3,SERBINB3/PI3 high
GGTGATTAGTCCCTAA-3,SERBINB3/PI3 high
GGTGATTCAGCGCGTT-3,Steady state
GGTGGCTTCAAACCTG-3,SERBINB3/PI3 high
GGTGTTATCTCAAAGC-3,Steady state
GGTTGTAGTGTCTAAC-3,SERBINB3/PI3 high
GGTTGTATCCAATGCA-3,SERBINB3/PI3 high
GTACAACGTACGAGTG-3,SERBINB3/PI3 high
GTACAACTCCGAGGCT-3,Inflamed
GTACAGTTCGGTCGGT-3,SERBINB3/PI3 high
GTAGATCCAAACACGG-3,Inflamed
GTAGGTTTCACCATAG-3,Inflamed
GTAGGTTTCACCTCGT-3,Inflamed
GTAGTACCACTGTGAT-3,Inflamed
GTATTGGGTTCCACAA-3,Steady state
GTATTGGTCTTTCAGT-3,Steady state
GTCACGGCAGTTTGGT-3,Steady state
GTCACGGGTCCACATA-3,SERBINB3/PI3 high
GTCACTCGTCACTGAT-3,SERBINB3/PI3 high
GTCAGCGAGGATATGT-3,SERBINB3/PI3 high
GTCATCCTCTCATTAC-3,SERBINB3/PI3 high
GTCATCCTCTGTCTCG-3,SERBINB3/PI3 high
GTCATTTAGTTTCGGT-3,SERBINB3/PI3 high
GTCATTTGTGGCAGAT-3,Inflamed
GTCCCATCAGGTCAGA-3,SERBINB3/PI3 high
GTCCCATGTGAGCAGT-3,Inflamed
GTCCCATTCTCTATGT-3,Inflamed
GTCCTCAAGTCGGCAA-3,Inflamed
GTCCTCATCCAGTGCG-3,Inflamed
GTGAGCCTCAGAGCAG-3,SERBINB3/PI3 high
GTGAGGACATCCCGTT-3,SERBINB3/PI3 high
GTGCACGGTTCTCTAT-3,Steady state
GTGCAGCGTCTCAGGC-3,Steady state
GTGCTGGTCCCAGTGG-3,Inflamed
GTGCTTCAGGCATGCA-3,SERBINB3/PI3 high
GTGGGAAAGAATAACC-3,Inflamed
GTGTTAGCATGTGCCG-3,SERBINB3/PI3 high
GTTGCGGGTTGAGGAC-3,SERBINB3/PI3 high
GTTGTGATCTAAGGAA-3,Inflamed
TAAGTCGTCTTAGCAG-3,SERBINB3/PI3 high
TACAACGAGGCCTTGC-3,Inflamed
TACAACGCACAAAGCG-3,Inflamed
TACACCCCACATACTG-3,SERBINB3/PI3 high
TACAGGTCAAACACGG-3,Inflamed
TACAGGTCAAGGTCAG-3,Steady state
TACAGGTGTTTGTTCT-3,SERBINB3/PI3 high
TACATTCCAGTAGAAT-3,Inflamed
TACCCACCACAGAGCA-3,Steady state
TACCTGCTCTTTCTAG-3,Inflamed
TACGCTCTCCCAGGAC-3,SERBINB3/PI3 high
TACGTCCTCAGGACAG-3,Inflamed
TAGACCACAAGTTCGT-3,Inflamed
TAGACTGTCCAAGGGA-3,SERBINB3/PI3 high
TAGCACATCACGGAGA-3,Inflamed
TAGCACATCGGACGTC-3,SERBINB3/PI3 high
TAGGGTTGTACCGTGC-3,SERBINB3/PI3 high
TAGGTACTCTAAGAAG-3,Inflamed
TAGGTTGCAGCAGTTT-3,Steady state
TATACCTAGGACTGGT-3,Inflamed
TATATCCGTGATGTAA-3,SERBINB3/PI3 high
TATGTTCAGAGGTTTA-3,Steady state
TATGTTCAGCTATCTG-3,Inflamed
TCAATTCCAGACTGCC-3,Inflamed
TCAATTCGTCCATCTC-3,Steady state
TCAATTCTCTGTACAG-3,Inflamed
TCACAAGCACGTCTCT-3,Steady state
TCACACCAGTAGGCCA-3,SERBINB3/PI3 high
TCACACCCACAAACGG-3,Inflamed
TCACACCCAGTCTCTC-3,Inflamed
TCACACCGTCAGGCAA-3,Inflamed
TCACATTTCAACCCGG-3,Inflamed
TCACGCTAGGATTACA-3,Inflamed
TCACTATCAGGGTTGA-3,Steady state
TCAGCAATCTTCCGTG-3,SERBINB3/PI3 high
TCAGCCTGTCATCGGC-3,Inflamed
TCAGGGCCAAAGGAGA-3,Inflamed
TCAGTCCTCCGAAGGA-3,Inflamed
TCATCCGCAGAACTAA-3,Steady state
TCATTGTCAGGTTTAC-3,SERBINB3/PI3 high
TCATTTGAGCTGCCTG-3,Inflamed
TCCAGAAAGTCGAATA-3,Steady state
TCCATCGTCACGATAC-3,SERBINB3/PI3 high
TCCCACAAGCACTCCG-3,SERBINB3/PI3 high
TCCGAAAAGTATTGCC-3,Inflamed
TCCGGGAAGGTCCCTG-3,SERBINB3/PI3 high
TCCTCGACAGCCATTA-3,Steady state
TCCTCGATCTTTGCTA-3,SERBINB3/PI3 high
TCCTTTCAGCGACTAG-3,SERBINB3/PI3 high
TCGACCTTCGGTGCAC-3,Inflamed
TCGATTTGTTTCACAG-3,SERBINB3/PI3 high
TCGCAGGCAGTCTTCC-3,Inflamed
TCGTAGAAGTCAGCCC-3,SERBINB3/PI3 high
TCGTCCAAGTCTGCAT-3,SERBINB3/PI3 high
TCTATACCAACACACT-3,Inflamed
TCTATACGTCCCTGAG-3,SERBINB3/PI3 high
TCTCACGAGCGTTCAT-3,Inflamed
TCTCAGCTCAAGGAGC-3,SERBINB3/PI3 high
TCTCTGGGTGCTGCAC-3,SERBINB3/PI3 high
TCTTGCGCACACTTAG-3,SERBINB3/PI3 high
TGAACGTGTGCGGCTT-3,Inflamed
TGAATCGGTGCAGTGA-3,Inflamed
TGAGGAGTCTAGACAC-3,SERBINB3/PI3 high
TGAGTCATCGACCACG-3,SERBINB3/PI3 high
TGATCTTTCTATGTGG-3,SERBINB3/PI3 high
TGATTTCAGCAATAGT-3,SERBINB3/PI3 high
TGATTTCTCATAGGCT-3,Inflamed
TGCACGGTCATACAGC-3,Inflamed
TGCGACGCACTTGAAC-3,SERBINB3/PI3 high
TGCGATAAGACTCGAG-3,SERBINB3/PI3 high
TGCTCCAGTTGGCCGT-3,Steady state
TGCTCGTTCCGAACGC-3,Steady state
TGCTGAAGTTATTCTC-3,Steady state
TGCTTCGAGAAGTCCG-3,SERBINB3/PI3 high
TGCTTGCGTAAGCGGT-3,Steady state
TGGAGAGTCCATTCGC-3,SERBINB3/PI3 high
TGGAGGAGTGACTAAA-3,Inflamed
TGGTTAGAGGTGAGAA-3,SERBINB3/PI3 high
TGTAACGTCGTCGGGT-3,Steady state
TGTACAGGTGTCTCCT-3,Inflamed
TGTGCGGCACCCTAGG-3,SERBINB3/PI3 high
TGTGCGGCAGATCCTA-3,Steady state
TGTGGCGCAAAGGAGA-3,SERBINB3/PI3 high
TGTGGCGCAATTGCGT-3,Inflamed
TGTGGCGGTAGATTAG-3,SERBINB3/PI3 high
TGTTACTGTACCCGAC-3,SERBINB3/PI3 high
TTACAGGTCACCTCGT-3,SERBINB3/PI3 high
TTACCGCCACACCTTC-3,Inflamed
TTACTGTAGGTTGGAC-3,SERBINB3/PI3 high
TTAGGCAGTCGAGTGA-3,Inflamed
TTAGGGTTCAGAGTGG-3,Inflamed
TTAGTCTGTTGTGTAC-3,SERBINB3/PI3 high
TTCACCGTCTCCGCAT-3,Inflamed
TTCACGCAGAATCGTA-3,SERBINB3/PI3 high
TTCACGCAGCCTCAAT-3,Inflamed
TTCACGCGTTGGGATG-3,Inflamed
TTCATTGCATGTAACC-3,SERBINB3/PI3 high
TTCCGGTGTTAGGGAC-3,SERBINB3/PI3 high
TTCGCTGGTATGTCCA-3,SERBINB3/PI3 high
TTCTAACGTTAACCTG-3,Inflamed
TTCTCTCGTGTGTCGC-3,Inflamed
TTCTGTACATTCACCC-3,Inflamed
TTCTTCCAGCGACTGA-3,SERBINB3/PI3 high
TTCTTGAAGTCAACAA-3,Inflamed
TTCTTGACAGCGCTTG-3,Steady state
TTGACCCGTGTCATCA-3,Inflamed
TTGTGGAGTTCCTACC-3,SERBINB3/PI3 high
TTGTGTTAGGCGTCCT-3,SERBINB3/PI3 high
TTTACCAAGCCTCAAT-3,Steady state
TTTACGTAGATCGACG-3,SERBINB3/PI3 high
TTTAGTCGTTCTCTCG-3,SERBINB3/PI3 high
TTTCACATCTCACTCG-3,SERBINB3/PI3 high
TTTGTTGTCAGACCGC-3,SERBINB3/PI3 high
AAACGAATCCTAAGTG-4,SERBINB3/PI3 high
AAACGCTTCATGGTAC-4,SERBINB3/PI3 high
AAAGAACAGATACGAT-4,Inflamed
AAAGAACTCGTTACCC-4,SERBINB3/PI3 high
AAAGTGACAACGTTAC-4,SERBINB3/PI3 high
AAATGGACACGCCAGT-4,SERBINB3/PI3 high
AAATGGATCTGTTGGA-4,SERBINB3/PI3 high
AACTTCTTCCATACAG-4,Steady state
AAGACTCTCAAACCTG-4,SERBINB3/PI3 high
AAGCATCCAGAACATA-4,SERBINB3/PI3 high
AAGGAATAGGTGCTGA-4,Steady state
AAGGAATGTGTTAACC-4,SERBINB3/PI3 high
AATGAAGGTGAGAGGG-4,Steady state
AATGACCTCTGTAAGC-4,SERBINB3/PI3 high
AATGGAAGTCGCTTGG-4,SERBINB3/PI3 high
AATGGCTAGACGTCCC-4,Steady state
ACACAGTTCACGGGAA-4,SERBINB3/PI3 high
ACAGAAACATCGGAGA-4,Steady state
ACATCGATCAAATGCC-4,Inflamed
ACCAACAAGGTGATAT-4,Steady state
ACCAACACAACAGCTT-4,SERBINB3/PI3 high
ACCACAAAGCCGATTT-4,SERBINB3/PI3 high
ACCCTTGCAGGTTCGC-4,SERBINB3/PI3 high
ACCCTTGTCTTCTTCC-4,SERBINB3/PI3 high
ACCTGTCGTGACTAAA-4,SERBINB3/PI3 high
ACGATCACAAGCCTGC-4,SERBINB3/PI3 high
ACGCACGAGTACAACA-4,SERBINB3/PI3 high
ACGGGTCAGCAATTCC-4,SERBINB3/PI3 high
ACGGTCGTCGAGTCTA-4,SERBINB3/PI3 high
ACGTAGTCAGCGTTGC-4,SERBINB3/PI3 high
ACGTTCCTCTCACCCA-4,SERBINB3/PI3 high
ACTATCTTCTAGTTCT-4,Steady state
ACTCTCGCATGGGATG-4,SERBINB3/PI3 high
ACTGCAATCTAGAACC-4,SERBINB3/PI3 high
ACTGTCCTCTTACCAT-4,SERBINB3/PI3 high
ACTTAGGTCGCAGTCG-4,SERBINB3/PI3 high
ACTTATCCACGACGTC-4,Inflamed
ACTTATCTCTACCTTA-4,Steady state
ACTTCCGCACTCCCTA-4,SERBINB3/PI3 high
ACTTTCACAGCTGTCG-4,Inflamed
ACTTTGTTCCGGCTTT-4,SERBINB3/PI3 high
AGAACAACACGCGCAT-4,SERBINB3/PI3 high
AGAAGTAGTTGCAAGG-4,Steady state
AGAGCCCTCTTGGCTC-4,SERBINB3/PI3 high
AGATCCACACGGGCTT-4,SERBINB3/PI3 high
AGATCCAGTCCTGGGT-4,SERBINB3/PI3 high
AGCCAATCAAGGTACG-4,Steady state
AGCCACGAGATTGACA-4,SERBINB3/PI3 high
AGCCAGCAGGTTATAG-4,Steady state
AGCGATTCACACGGAA-4,SERBINB3/PI3 high
AGCGCCAGTGTTACTG-4,Steady state
AGCTACACATGTTCGA-4,Inflamed
AGGAAATGTTCGGCCA-4,Steady state
AGGACGAGTCTAGTGT-4,SERBINB3/PI3 high
AGGACGATCGGAGCAA-4,SERBINB3/PI3 high
AGGAGGTCAGTCCGTG-4,SERBINB3/PI3 high
AGGATAACACTCCTGT-4,SERBINB3/PI3 high
AGGATAATCGTACACA-4,SERBINB3/PI3 high
AGGCATTAGTGCAGGT-4,Inflamed
AGGCCACAGTTTGGCT-4,Inflamed
AGGGTCCCAGGCTTGC-4,Steady state
AGGGTGAAGGCTGAAC-4,SERBINB3/PI3 high
AGGTTGTTCTCATAGG-4,Inflamed
AGTAACCCAGCAATTC-4,Steady state
AGTAGTCAGAGCAGTC-4,Steady state
AGTGACTAGCTGCCTG-4,Steady state
AGTGATCGTTACAGCT-4,SERBINB3/PI3 high
AGTTAGCTCTGCCTGT-4,SERBINB3/PI3 high
AGTTCCCAGACCGCCT-4,Steady state
AGTTCGAAGGTATCTC-4,SERBINB3/PI3 high
AGTTCGACAGCATACT-4,SERBINB3/PI3 high
ATACTTCGTGTCACAT-4,Inflamed
ATAGAGAAGTGGAAGA-4,Inflamed
ATAGAGACAAATCAAG-4,SERBINB3/PI3 high
ATAGAGAGTGTTGATC-4,Steady state
ATAGAGATCGTAACAC-4,Steady state
ATCACAGAGTCGTCTA-4,SERBINB3/PI3 high
ATCACAGTCCGAGCTG-4,SERBINB3/PI3 high
ATCACGATCATTCCTA-4,Inflamed
ATCACTTCAACGAGGT-4,SERBINB3/PI3 high
ATCACTTTCGTCAACA-4,SERBINB3/PI3 high
ATCATTCCATCCGTGG-4,SERBINB3/PI3 high
ATCCACCGTAGTGCGA-4,SERBINB3/PI3 high
ATCCATTTCCCGAGGT-4,SERBINB3/PI3 high
ATCCCTGCAAGACAAT-4,SERBINB3/PI3 high
ATCGGCGAGATCGGTG-4,Inflamed
ATCGGCGCATGTGTCA-4,Steady state
ATCGGCGGTAGCGCTC-4,Steady state
ATCTCTATCTCTCGAC-4,Steady state
ATGAGTCCAAGTATCC-4,SERBINB3/PI3 high
ATGGATCAGAAACTCA-4,SERBINB3/PI3 high
ATGGATCTCATTTCGT-4,Steady state
ATGTCCCTCATTACTC-4,Inflamed
ATGTCTTAGGACTAAT-4,Steady state
ATTCACTTCAGACTGT-4,Inflamed
ATTCAGGAGGGATCTG-4,Inflamed
ATTCAGGCACCACATA-4,SERBINB3/PI3 high
ATTCAGGGTCACCTTC-4,SERBINB3/PI3 high
ATTCCATTCGCCTTTG-4,SERBINB3/PI3 high
ATTCCCGGTCAACCAT-4,SERBINB3/PI3 high
ATTCCTATCTTCCACG-4,SERBINB3/PI3 high
ATTCTACCAACACGAG-4,Steady state
ATTCTTGTCCTGGTCT-4,SERBINB3/PI3 high
ATTGTTCGTACCTAAC-4,SERBINB3/PI3 high
ATTTCACAGTATCCTG-4,Steady state
ATTTCACTCTCTGGTC-4,SERBINB3/PI3 high
ATTTCTGTCTTTCAGT-4,Steady state
CAAAGAAGTCCGCAGT-4,SERBINB3/PI3 high
CAACAGTAGCAGCCCT-4,SERBINB3/PI3 high
CAACAGTAGTTTGCTG-4,Steady state
CAACGATAGCCGTTAT-4,SERBINB3/PI3 high
CAACGGCCACCAGTTA-4,SERBINB3/PI3 high
CAACGGCTCCGTAATG-4,SERBINB3/PI3 high
CACAGGCGTCATCCCT-4,SERBINB3/PI3 high
CACATGAGTGGTCCCA-4,SERBINB3/PI3 high
CACGAATAGTTTAGGA-4,SERBINB3/PI3 high
CACTGTCCACCTCTAC-4,Inflamed
CAGCAATAGCATCCTA-4,SERBINB3/PI3 high
CAGCACGCATCGATCA-4,SERBINB3/PI3 high
CAGTTCCTCGCTACGG-4,Inflamed
CATCCCAAGACCATTC-4,SERBINB3/PI3 high
CATCCGTTCGGTCTAA-4,SERBINB3/PI3 high
CATCGCTGTGGCTGAA-4,SERBINB3/PI3 high
CATGGATCAGCACCCA-4,SERBINB3/PI3 high
CATGGTAGTGAGTAGC-4,Steady state
CATTCCGTCTATTTCG-4,Inflamed
CATTCTACACAACATC-4,SERBINB3/PI3 high
CCAAGCGGTTGGGTAG-4,SERBINB3/PI3 high
CCAATGAAGGCGCTCT-4,SERBINB3/PI3 high
CCAATTTGTAGACAAT-4,SERBINB3/PI3 high
CCACAAATCCAACTGA-4,SERBINB3/PI3 high
CCACCATGTGTTGACT-4,SERBINB3/PI3 high
CCATAAGCATTCGATG-4,SERBINB3/PI3 high
CCATAAGTCGATACGT-4,Steady state
CCATCACCATAGGAGC-4,SERBINB3/PI3 high
CCCGAAGGTTAGGAGC-4,SERBINB3/PI3 high
CCCTAACGTAGCTTGT-4,Inflamed
CCCTCAAAGAATTCAG-4,SERBINB3/PI3 high
CCCTCTCGTACGACTT-4,SERBINB3/PI3 high
CCCTTAGCATAGTCAC-4,SERBINB3/PI3 high
CCCTTAGGTCCACTTC-4,Steady state
CCGAACGCATTGCAAC-4,Inflamed
CCGAACGTCTACTTCA-4,Inflamed
CCGATCTGTAACATAG-4,SERBINB3/PI3 high
CCGGACAAGTCATCCA-4,SERBINB3/PI3 high
CCTAACCCAATCGCGC-4,SERBINB3/PI3 high
CCTAAGACAGTTAGGG-4,Inflamed
CCTCAGTAGATTGAGT-4,Inflamed
CCTCATGAGCTAATGA-4,Inflamed
CCTTGTGGTGGTCTCG-4,SERBINB3/PI3 high
CGAAGTTGTGCGACAA-4,Inflamed
CGAATTGCACATACTG-4,SERBINB3/PI3 high
CGAGGAATCGGACAAG-4,SERBINB3/PI3 high
CGAGTGCGTAGTACGG-4,SERBINB3/PI3 high
CGAGTGCGTGGCGCTT-4,SERBINB3/PI3 high
CGAGTTACACACACTA-4,SERBINB3/PI3 high
CGATGCGCAAGTCGTT-4,SERBINB3/PI3 high
CGCAGGTAGAAACTAC-4,SERBINB3/PI3 high
CGCATAAGTTACCGTA-4,Inflamed
CGCATAATCTGCACCT-4,SERBINB3/PI3 high
CGCCATTGTCGTTATG-4,Inflamed
CGGAACCGTAAGTAGT-4,SERBINB3/PI3 high
CGGAGAACAAATCAGA-4,SERBINB3/PI3 high
CGGGTCAGTCATACCA-4,SERBINB3/PI3 high
CGTAGTACAGCTGTTA-4,Inflamed
CGTTCTGGTAGAAACT-4,SERBINB3/PI3 high
CTAACCCCACTAGAGG-4,SERBINB3/PI3 high
CTACAGATCTGGCCTT-4,Inflamed
CTACATTCAGTAGAAT-4,Inflamed
CTACATTGTAGACTGG-4,Steady state
CTACGGGTCCCGTGTT-4,Steady state
CTACTATGTACTGTTG-4,SERBINB3/PI3 high
CTATCCGAGCGGTAGT-4,SERBINB3/PI3 high
CTATCCGAGCGTGTCC-4,SERBINB3/PI3 high
CTCAACCCAATTCTTC-4,Steady state
CTCACTGGTTAAACCC-4,Steady state
CTCAGTCCAGAACATA-4,Inflamed
CTCATTAGTACGTGTT-4,SERBINB3/PI3 high
CTCATTAGTCACCGAC-4,SERBINB3/PI3 high
CTCCATGTCGGCTTCT-4,SERBINB3/PI3 high
CTGAGCGTCTATTGTC-4,Steady state
CTGATCCCACCTAAAC-4,SERBINB3/PI3 high
CTGCATCTCCCGAGTG-4,SERBINB3/PI3 high
CTGCCATGTTGGATCT-4,SERBINB3/PI3 high
CTGCCATTCAACACGT-4,Inflamed
CTGCCATTCGTAGGAG-4,SERBINB3/PI3 high
CTGCGAGTCTATCACT-4,Inflamed
CTGTAGATCGATTCCC-4,SERBINB3/PI3 high
CTGTCGTCATCACAGT-4,Steady state
CTGTGAAGTGTATTGC-4,SERBINB3/PI3 high
CTGTGGGGTGGCCACT-4,SERBINB3/PI3 high
CTTACCGTCTGAATGC-4,SERBINB3/PI3 high
CTTAGGATCGTCACCT-4,SERBINB3/PI3 high
CTTCCTTAGTGGTCAG-4,Steady state
CTTCGGTCATCCGGCA-4,SERBINB3/PI3 high
CTTTCAAAGGACGGAG-4,Steady state
CTTTCGGTCAGGAACG-4,Steady state
GAAACCTTCTCTTGCG-4,Inflamed
GAAGAATTCACCATGA-4,SERBINB3/PI3 high
GAATCACAGCATTTCG-4,SERBINB3/PI3 high
GACAGCCCAAGACGAC-4,SERBINB3/PI3 high
GACCCAGTCCGTCACT-4,SERBINB3/PI3 high
GACCCTTTCCATCTGC-4,Steady state
GACCGTGAGTCACACT-4,Steady state
GACTATGAGTGCCGAA-4,SERBINB3/PI3 high
GAGACTTTCTAGATCG-4,SERBINB3/PI3 high
GAGCTGCAGAGCAAGA-4,SERBINB3/PI3 high
GAGCTGCCACTGCGTG-4,SERBINB3/PI3 high
GAGGGATTCACGACTA-4,Steady state
GAGGGTAAGAGGCGGA-4,Inflamed
GAGGGTAGTACCGGCT-4,SERBINB3/PI3 high
GAGTCATAGTCCTGTA-4,SERBINB3/PI3 high
GAGTGAGCATCGGCCA-4,SERBINB3/PI3 high
GAGTTTGAGTCTGCGC-4,SERBINB3/PI3 high
GATCAGTCAGCCATTA-4,SERBINB3/PI3 high
GATCATGAGGGTATAT-4,Steady state
GATCCCTTCGGCTTCT-4,SERBINB3/PI3 high
GATGTTGAGTCATCGT-4,SERBINB3/PI3 high
GATTCTTTCAGTGATC-4,SERBINB3/PI3 high
GCATCGGCAATGGCCC-4,SERBINB3/PI3 high
GCATCGGTCTTTGCTA-4,SERBINB3/PI3 high
GCATCTCTCAGATTGC-4,Inflamed
GCATGATGTTCTTGTT-4,Inflamed
GCATTAGCACAAAGCG-4,Steady state
GCCAACGAGTGGTGGT-4,SERBINB3/PI3 high
GCCAACGGTCAGGAGT-4,SERBINB3/PI3 high
GCCTGTTCAACGATTC-4,Steady state
GCGTTTCGTGGAAGTC-4,Steady state
GCTACCTTCCGTGTAA-4,Inflamed
GCTGCAGGTTTCGCTC-4,SERBINB3/PI3 high
GCTTCACCAGTTTGGT-4,SERBINB3/PI3 high
GGAACCCAGTCCCAAT-4,SERBINB3/PI3 high
GGAATCTCATGTGCTA-4,Steady state
GGAATGGGTTGACTAC-4,SERBINB3/PI3 high
GGACGTCGTAGAATGT-4,Steady state
GGAGAACAGACTCTAC-4,SERBINB3/PI3 high
GGAGAACTCTCATTGT-4,Steady state
GGAGATGTCTTTCCGG-4,SERBINB3/PI3 high
GGAGGTAGTGCACATT-4,SERBINB3/PI3 high
GGCTTTCTCACGATCA-4,Steady state
GGGAAGTCAGACCATT-4,SERBINB3/PI3 high
GGGACTCGTCTTAGTG-4,SERBINB3/PI3 high
GGGAGATCAGTCCGTG-4,Steady state
GGGCTACTCGGTCACG-4,Steady state
GGGTCACCACAAGTGG-4,SERBINB3/PI3 high
GGGTCTGGTATTCTCT-4,SERBINB3/PI3 high
GGGTCTGGTCGAATGG-4,Steady state
GGGTTTACAAGGCCTC-4,Steady state
GGGTTTATCCACATAG-4,Steady state
GGTAATCCATTGCTTT-4,SERBINB3/PI3 high
GGTCTGGTCAAGGCTT-4,Steady state
GGTGAAGAGATCCAAA-4,SERBINB3/PI3 high
GGTGAAGGTATCGGTT-4,Inflamed
GGTGGCTTCCTCAGAA-4,SERBINB3/PI3 high
GTAACACCATTCAGCA-4,Steady state
GTAACACGTCAGTCCG-4,SERBINB3/PI3 high
GTAACACGTGCAAGAC-4,SERBINB3/PI3 high
GTACAACGTCATGCAT-4,SERBINB3/PI3 high
GTACAACGTCTGTAGT-4,SERBINB3/PI3 high
GTAGAGGAGCACGATG-4,Inflamed
GTAGAGGGTGCATCTA-4,SERBINB3/PI3 high
GTAGCTAGTACGGCAA-4,SERBINB3/PI3 high
GTAGGTTTCCTTCTTC-4,SERBINB3/PI3 high
GTAGGTTTCTAAGCGT-4,Steady state
GTATTTCCATAAGCAA-4,SERBINB3/PI3 high
GTCACTCTCCACCTGT-4,Steady state
GTCATGAAGCAACAAT-4,SERBINB3/PI3 high
GTCCTCATCAGAGCGA-4,Inflamed
GTCTACCCAAGCTCTA-4,Steady state
GTGCAGCTCGTTAGTG-4,Steady state
GTGCTGGTCCGTGCGA-4,SERBINB3/PI3 high
GTGGGAACATCATCCC-4,SERBINB3/PI3 high
GTTACGACAAGACAAT-4,SERBINB3/PI3 high
GTTACGAGTTCGGCGT-4,SERBINB3/PI3 high
GTTCTATCAAGTTGGG-4,Inflamed
GTTGAACGTATGCGGA-4,Steady state
GTTGAACTCAATCTCT-4,Steady state
GTTTACTCACTAAACC-4,SERBINB3/PI3 high
TAACCAGAGGAAAGGT-4,Steady state
TAACGACTCAATGCAC-4,SERBINB3/PI3 high
TAAGCACAGGCTCACC-4,Steady state
TAAGCGTGTAAGCTCT-4,Steady state
TACACCCTCGTCCTTG-4,SERBINB3/PI3 high
TACATTCCAGCACAAG-4,SERBINB3/PI3 high
TACCCACCAACGTATC-4,SERBINB3/PI3 high
TACCCGTAGCGCTTCG-4,SERBINB3/PI3 high
TACCTCGAGCCTTGAT-4,SERBINB3/PI3 high
TACCTCGAGGGACTGT-4,SERBINB3/PI3 high
TACCTCGTCGGTTGTA-4,Inflamed
TACCTGCGTGGCACTC-4,Inflamed
TACGGTACATCGAACT-4,SERBINB3/PI3 high
TACGGTAGTAATGATG-4,SERBINB3/PI3 high
TACTGCCAGCGACTGA-4,Steady state
TACTTCATCCTAACAG-4,Inflamed
TAGGAGGAGCGTGTCC-4,SERBINB3/PI3 high
TAGGAGGGTTATGTCG-4,SERBINB3/PI3 high
TAGGAGGTCGCTGCGA-4,SERBINB3/PI3 high
TAGGTTGCATCAACCA-4,Inflamed
TAGGTTGTCGTCGGGT-4,Steady state
TATACCTGTAAGTAGT-4,SERBINB3/PI3 high
TATCAGGAGAAGTGTT-4,Inflamed
TATCGCCTCTCATGGA-4,SERBINB3/PI3 high
TCAAGACAGCCTCATA-4,SERBINB3/PI3 high
TCACAAGAGCCGTTGC-4,SERBINB3/PI3 high
TCACATTTCAAATGAG-4,SERBINB3/PI3 high
TCAGCAACAATTCGTG-4,SERBINB3/PI3 high
TCAGTCCAGTGCACCC-4,Steady state
TCAGTCCCACTTGGGC-4,Steady state
TCAGTCCTCTTCTGTA-4,Steady state
TCATACTCATAGAATG-4,Inflamed
TCATCATTCTATGCCC-4,SERBINB3/PI3 high
TCATCCGGTGCGGCTT-4,SERBINB3/PI3 high
TCATCCGGTTGTCTAG-4,Steady state
TCATGAGCACTGTGTA-4,Inflamed
TCATGGAAGCAGCCTC-4,SERBINB3/PI3 high
TCATGTTCAAAGGGTC-4,Steady state
TCATTACCAGATTAAG-4,SERBINB3/PI3 high
TCATTACCATTGACTG-4,SERBINB3/PI3 high
TCATTCAAGCACCAGA-4,Inflamed
TCATTCAAGGTAGGCT-4,SERBINB3/PI3 high
TCATTTGCAAAGCTAA-4,SERBINB3/PI3 high
TCCACGTAGATGCTAA-4,Steady state
TCCATGCCAGAGTTCT-4,Inflamed
TCCCACACAATGCTCA-4,Inflamed
TCCCAGTAGTCGGCCT-4,SERBINB3/PI3 high
TCCGAAAGTTGTCTAG-4,SERBINB3/PI3 high
TCCTAATAGTAGTCCT-4,Inflamed
TCCTAATTCTCGAACA-4,Inflamed
TCCTCGACATCCGGCA-4,SERBINB3/PI3 high
TCCTCTTCAGAGATTA-4,SERBINB3/PI3 high
TCCTGCATCTTTGCGC-4,Steady state
TCCTTCTTCATAAGGA-4,SERBINB3/PI3 high
TCGACGGGTCGAACGA-4,SERBINB3/PI3 high
TCGATTTAGAAAGCGA-4,Steady state
TCGATTTTCAAATGCC-4,Steady state
TCGTAGACAGCGCTTG-4,SERBINB3/PI3 high
TCGTCCAGTGACTCGC-4,SERBINB3/PI3 high
TCGTGGGAGTAAGAGG-4,Inflamed
TCTACCGGTGCAATGG-4,Inflamed
TCTACCGGTTAGAAAC-4,SERBINB3/PI3 high
TCTACCGGTTCAGTAC-4,SERBINB3/PI3 high
TCTATACGTCTGTGTA-4,Steady state
TCTCACGCATCGAGCC-4,SERBINB3/PI3 high
TCTCACGTCGATTGAC-4,SERBINB3/PI3 high
TCTGTCGTCCTGGGTG-4,Steady state
TCTTGCGAGCTGACTT-4,Inflamed
TGAATGCCAGAGAGGG-4,Inflamed
TGACAGTGTACTCGCG-4,SERBINB3/PI3 high
TGAGCATTCAGACCTA-4,Inflamed
TGAGTCATCATGCTAG-4,SERBINB3/PI3 high
TGATCTTCAATACCCA-4,Inflamed
TGATGGTTCAGCCTCT-4,SERBINB3/PI3 high
TGCACGGGTCCCTGAG-4,SERBINB3/PI3 high
TGCATCCGTTTCTATC-4,SERBINB3/PI3 high
TGCATGAGTAAGTAGT-4,SERBINB3/PI3 high
TGCATGATCGAGAATA-4,SERBINB3/PI3 high
TGCCGAGGTAACATAG-4,Inflamed
TGCGGCAGTAAGACCG-4,SERBINB3/PI3 high
TGGAACTTCAGTCCGG-4,Steady state
TGGAGAGGTACCCGCA-4,SERBINB3/PI3 high
TGGAGAGGTCCCACGA-4,SERBINB3/PI3 high
TGGAGGAGTCGCCACA-4,Inflamed
TGGCGTGGTGAACCGA-4,Steady state
TGGTGATGTGTCACAT-4,Steady state
TGTAAGCGTTATAGCC-4,Inflamed
TGTAGACTCCATCTCG-4,SERBINB3/PI3 high
TGTCAGACATCAGCAT-4,SERBINB3/PI3 high
TGTCCCAGTCTCCTGT-4,Steady state
TGTGAGTAGTCTGGAG-4,Steady state
TGTGATGCAAGCTGCC-4,Inflamed
TGTGATGTCTCGTGAA-4,Inflamed
TGTTCCGGTCGCCACA-4,Inflamed
TGTTCTACAACACAGG-4,SERBINB3/PI3 high
TTACTGTCATGTGGCC-4,SERBINB3/PI3 high
TTACTGTGTTTGGGTT-4,SERBINB3/PI3 high
TTAGGCATCTTCGTAT-4,SERBINB3/PI3 high
TTAGTCTCAGAGAATT-4,SERBINB3/PI3 high
TTCAATCTCCCATGGG-4,SERBINB3/PI3 high
TTCATTGCAGATCACT-4,Inflamed
TTCTCTCGTCTCACAA-4,SERBINB3/PI3 high
TTCTTGAAGTTAACAG-4,SERBINB3/PI3 high
TTGAACGGTGAGTCAG-4,Steady state
TTGAACGGTGGCTGAA-4,Steady state
TTGCATTGTTGCAACT-4,Steady state
TTGCCTGCACGGCGTT-4,Steady state
TTGCCTGTCCAGCAAT-4,Steady state
TTGGTTTGTTGTGTTG-4,SERBINB3/PI3 high
TTGTGTTGTGGATCGA-4,SERBINB3/PI3 high
TTGTTCACAGTGAGCA-4,SERBINB3/PI3 high
TTTACCAGTATGAAAC-4,SERBINB3/PI3 high
TTTACTGGTGCTAGCC-4,SERBINB3/PI3 high
TTTAGTCCATGATCTG-4,Steady state
TTTAGTCGTATGAGGC-4,SERBINB3/PI3 high
TTTATGCGTATGTGTC-4,Steady state
TTTGTTGGTGTAGGAC-4,SERBINB3/PI3 high
AAACGCTCAGCTGTCG-5,SERBINB3/PI3 high
AAAGTGATCGGAGATG-5,Inflamed
AACACACTCACAATGC-5,SERBINB3/PI3 high
AACCACAAGCGCTGAA-5,SERBINB3/PI3 high
AACCCAAGTCCGGCAT-5,SERBINB3/PI3 high
AACGGGATCCGATCTC-5,SERBINB3/PI3 high
AACTTCTTCCATTTCA-5,SERBINB3/PI3 high
AAGCGAGTCGTTCCTG-5,SERBINB3/PI3 high
AAGTGAATCCATTGCC-5,SERBINB3/PI3 high
AATGCCAAGCGCTGAA-5,Steady state
AATGGCTCAACTTGGT-5,SERBINB3/PI3 high
AATTCCTTCCACGTAA-5,SERBINB3/PI3 high
AATTTCCAGCCGATTT-5,SERBINB3/PI3 high
AATTTCCAGGGACTGT-5,SERBINB3/PI3 high
ACAAAGACAGGCATTT-5,Inflamed
ACACAGTAGCCTCTCT-5,Inflamed
ACACAGTAGTGAGGTC-5,SERBINB3/PI3 high
ACACCAAAGGTTGCCC-5,SERBINB3/PI3 high
ACACGCGTCAAGGTGG-5,Steady state
ACAGAAAGTGCATCTA-5,SERBINB3/PI3 high
ACAGCCGAGGTTACCT-5,SERBINB3/PI3 high
ACAGGGATCCTGTACC-5,SERBINB3/PI3 high
ACATCCCAGAATTGCA-5,SERBINB3/PI3 high
ACATTTCTCTTCTCAA-5,Inflamed
ACCAAACTCGGAGTGA-5,SERBINB3/PI3 high
ACCAACACACAAAGTA-5,SERBINB3/PI3 high
ACCACAAGTAGTGTGG-5,SERBINB3/PI3 high
ACCATTTGTCGTACAT-5,SERBINB3/PI3 high
ACCCTTGGTGAATGAT-5,SERBINB3/PI3 high
ACCTGAATCATGCGGC-5,SERBINB3/PI3 high
ACGGGTCGTACCTAGT-5,SERBINB3/PI3 high
ACGGTTACAACCTAAC-5,SERBINB3/PI3 high
ACGGTTACACGACTAT-5,SERBINB3/PI3 high
ACTACGACAAGCTGCC-5,SERBINB3/PI3 high
ACTATCTTCCGACATA-5,SERBINB3/PI3 high
ACTCTCGTCTATTGTC-5,Inflamed
ACTTATCAGGCACTCC-5,SERBINB3/PI3 high
ACTTATCCAAAGGAGA-5,Inflamed
ACTTCCGCAACAGAGC-5,SERBINB3/PI3 high
ACTTTCATCAAGAATG-5,SERBINB3/PI3 high
ACTTTGTGTATTAAGG-5,SERBINB3/PI3 high
AGAAGTAGTCACATTG-5,SERBINB3/PI3 high
AGACAGGGTTCAGCGC-5,Steady state
AGACCATGTAATACCC-5,SERBINB3/PI3 high
AGAGAGCCACTGAGTT-5,SERBINB3/PI3 high
AGATCCAAGCTACTGT-5,Steady state
AGATGAAAGAGCAAGA-5,SERBINB3/PI3 high
AGATGCTTCGTCAACA-5,SERBINB3/PI3 high
AGCATCATCTAGTCAG-5,Steady state
AGCCAGCAGGACGCTA-5,Steady state
AGCTACAGTTCAAGTC-5,SERBINB3/PI3 high
AGCTCAATCAGAGCGA-5,SERBINB3/PI3 high
AGCTTCCGTGGCTGCT-5,SERBINB3/PI3 high
AGGAATACACATAACC-5,SERBINB3/PI3 high
AGGCATTGTGTTCGTA-5,SERBINB3/PI3 high
AGGCATTTCAAGCCTA-5,SERBINB3/PI3 high
AGGCCACCACATACGT-5,SERBINB3/PI3 high
AGGCCACGTATCGTGT-5,Steady state
AGGGAGTTCCGCTAGG-5,SERBINB3/PI3 high
AGGGCTCAGTCGTCTA-5,SERBINB3/PI3 high
AGGGTGACACATAGCT-5,SERBINB3/PI3 high
AGGTGTTCACACCAGC-5,SERBINB3/PI3 high
AGGTTACTCAGCTTCC-5,SERBINB3/PI3 high
AGGTTACTCGCGTAGC-5,SERBINB3/PI3 high
AGGTTACTCTTCACAT-5,Steady state
AGGTTGTCATGACGGA-5,SERBINB3/PI3 high
AGTACCATCCGCAGTG-5,Steady state
AGTACTGTCTCCGAAA-5,SERBINB3/PI3 high
AGTAGTCAGTACAGAT-5,SERBINB3/PI3 high
AGTAGTCCAGGTTTAC-5,Steady state
AGTCTCCCAGTGGCTC-5,Steady state
AGTCTCCGTTGCCGAC-5,SERBINB3/PI3 high
AGTGACTCAACACTAC-5,SERBINB3/PI3 high
AGTGATCAGTAAGAGG-5,SERBINB3/PI3 high
AGTGATCCATCCGGTG-5,SERBINB3/PI3 high
AGTGATCGTAGGCTCC-5,SERBINB3/PI3 high
AGTTAGCTCGTGTGAT-5,SERBINB3/PI3 high
AGTTCCCAGGGCAACT-5,Inflamed
ATACCTTAGCGACCCT-5,SERBINB3/PI3 high
ATACCTTGTGGACCTC-5,SERBINB3/PI3 high
ATATCCTAGTCAACAA-5,Inflamed
ATATCCTTCGCAACAT-5,Inflamed
ATCACTTGTCTACAAC-5,SERBINB3/PI3 high
ATCATTCTCACATTGG-5,SERBINB3/PI3 high
ATCCATTCAGCAAGAC-5,SERBINB3/PI3 high
ATCGATGAGTCTGCGC-5,SERBINB3/PI3 high
ATCGGATCATTCCTAT-5,SERBINB3/PI3 high
ATCGGCGCACAATCTG-5,Steady state
ATCGGCGCATTGACCA-5,SERBINB3/PI3 high
ATCGTAGTCGCCTCTA-5,SERBINB3/PI3 high
ATCGTCCCAAGTGCTT-5,SERBINB3/PI3 high
ATCGTGAGTTCCACAA-5,SERBINB3/PI3 high
ATCGTGATCAGTGTGT-5,SERBINB3/PI3 high
ATCTCTAGTATAATGG-5,Steady state
ATGCATGCATGGCCAC-5,SERBINB3/PI3 high
ATTATCCTCTAGTCAG-5,SERBINB3/PI3 high
ATTCTTGTCTGTCGCT-5,Inflamed
ATTGGGTCACCTTCCA-5,SERBINB3/PI3 high
ATTGTTCGTTACACTG-5,SERBINB3/PI3 high
ATTTACCTCCGAGATT-5,SERBINB3/PI3 high
ATTTCTGAGTGAACAT-5,SERBINB3/PI3 high
CAAAGAAAGGTAAGTT-5,Inflamed
CAACCAAGTTAAGGAT-5,SERBINB3/PI3 high
CAACCTCGTCCTCCTA-5,SERBINB3/PI3 high
CAACGATCAACCAACT-5,SERBINB3/PI3 high
CAACGATTCAATCTTC-5,SERBINB3/PI3 high
CAAGACTGTGAATGTA-5,SERBINB3/PI3 high
CAAGAGGCACATATGC-5,Steady state
CAATACGAGCATGAAT-5,Steady state
CAATCGAAGACTTCGT-5,SERBINB3/PI3 high
CAATGACAGAGGCGTT-5,SERBINB3/PI3 high
CACAGATGTTGCCATA-5,Steady state
CACCAAAAGTCCCAGC-5,SERBINB3/PI3 high
CACGAATAGCAACTTC-5,Steady state
CACTGTCGTTAAGAAC-5,SERBINB3/PI3 high
CAGATACAGGAGTCTG-5,SERBINB3/PI3 high
CAGATACTCTCGTGGG-5,SERBINB3/PI3 high
CAGATTGAGGTAGATT-5,SERBINB3/PI3 high
CAGATTGTCGGCCCAA-5,SERBINB3/PI3 high
CAGCAATAGGTGCGAT-5,SERBINB3/PI3 high
CAGTGCGAGCAGCCCT-5,Steady state
CAGTGCGCAGGTACGA-5,SERBINB3/PI3 high
CAGTTCCAGCGTGTTT-5,SERBINB3/PI3 high
CATACAGAGCAAATCA-5,SERBINB3/PI3 high
CATACCCCACATACTG-5,Inflamed
CATACCCCATGCTGCG-5,SERBINB3/PI3 high
CATAGACGTACAGCGA-5,SERBINB3/PI3 high
CATAGACTCTCCCTAG-5,SERBINB3/PI3 high
CATCCACTCACTGTTT-5,SERBINB3/PI3 high
CATCCGTTCTCCCTAG-5,Inflamed
CATGCAAGTTATTCTC-5,Steady state
CATGCCTTCTTAGGAC-5,SERBINB3/PI3 high
CATTCATGTACAGAGC-5,SERBINB3/PI3 high
CATTCTATCAAGCTGT-5,SERBINB3/PI3 high
CATTGCCCATCCGGTG-5,SERBINB3/PI3 high
CATTGTTGTAGATCGG-5,SERBINB3/PI3 high
CCAATGATCGGCACTG-5,Steady state
CCACTTGTCAACGAGG-5,SERBINB3/PI3 high
CCACTTGTCCAGTTCC-5,SERBINB3/PI3 high
CCACTTGTCCATTCAT-5,SERBINB3/PI3 high
CCATCACCAAGCGCAA-5,SERBINB3/PI3 high
CCCAACTTCTCCTGCA-5,SERBINB3/PI3 high
CCCATTGGTAGGATAT-5,Inflamed
CCCTCTCCAGTAACCT-5,SERBINB3/PI3 high
CCCTGATAGAATCGCG-5,SERBINB3/PI3 high
CCCTTAGCAGCTCATA-5,SERBINB3/PI3 high
CCGATGGGTATATGGA-5,SERBINB3/PI3 high
CCTAAGAGTCAACCAT-5,Steady state
CCTCAACCACCTCAGG-5,SERBINB3/PI3 high
CCTCAACGTTGGCCGT-5,SERBINB3/PI3 high
CCTCACAAGCGTTGTT-5,SERBINB3/PI3 high
CCTCCTCCAGTCTACA-5,Steady state
CCTCTCCAGGTGCCAA-5,SERBINB3/PI3 high
CCTGTTGAGTAGCAAT-5,SERBINB3/PI3 high
CCTTGTGCAGGTTCCG-5,SERBINB3/PI3 high
CCTTTGGCATAAGATG-5,SERBINB3/PI3 high
CCTTTGGTCGTCTACC-5,SERBINB3/PI3 high
CGAATTGTCAGCTGTA-5,SERBINB3/PI3 high
CGACAGCGTCCGACGT-5,Steady state
CGAGTTAGTATCACGT-5,Steady state
CGATGCGAGGCGAACT-5,SERBINB3/PI3 high
CGCCAGATCTCCGAGG-5,SERBINB3/PI3 high
CGCCATTCACCATAAC-5,SERBINB3/PI3 high
CGGAACCAGGTGGGTT-5,SERBINB3/PI3 high
CGGAACCGTTCCTAAG-5,SERBINB3/PI3 high
CGGAATTCATAATCGC-5,SERBINB3/PI3 high
CGGAGAACACCGTGCA-5,SERBINB3/PI3 high
CGGGACTCAGTAGTTC-5,SERBINB3/PI3 high
CGTAATGCAGCGAACA-5,SERBINB3/PI3 high
CGTAGTAAGTCTAGCT-5,SERBINB3/PI3 high
CGTAGTATCGACGCTG-5,SERBINB3/PI3 high
CGTCCATTCCACTAGA-5,Steady state
CGTGAATCAATTGCAC-5,Steady state
CGTTGGGCACGAAGAC-5,SERBINB3/PI3 high
CTAACCCTCTCATTGT-5,SERBINB3/PI3 high
CTACAGAGTCACATTG-5,SERBINB3/PI3 high
CTACCCAGTTGTGGAG-5,SERBINB3/PI3 high
CTACTATTCCTCTCGA-5,Steady state
CTATAGGGTGTTCCTC-5,SERBINB3/PI3 high
CTATCCGGTGGACAGT-5,SERBINB3/PI3 high
CTCAACCTCAGTGTTG-5,SERBINB3/PI3 high
CTCACTGGTCAAGGCA-5,Steady state
CTCCACATCTTTCGAT-5,SERBINB3/PI3 high
CTCCCTCGTGTCACAT-5,SERBINB3/PI3 high
CTCCTCCAGGCGACAT-5,SERBINB3/PI3 high
CTCCTTTAGCTGACCC-5,SERBINB3/PI3 high
CTCGAGGGTGGTCTGC-5,SERBINB3/PI3 high
CTCTCAGTCAGCATTG-5,SERBINB3/PI3 high
CTCTGGTGTCTAGTGT-5,SERBINB3/PI3 high
CTGAGGCTCTCATAGG-5,SERBINB3/PI3 high
CTGATCCGTCTGCGCA-5,SERBINB3/PI3 high
CTGCAGGAGAACTCCT-5,SERBINB3/PI3 high
CTGCATCCATCACGGC-5,Steady state
CTGCCATAGAGCAGTC-5,SERBINB3/PI3 high
CTGCCATAGTGATAGT-5,SERBINB3/PI3 high
CTGCCTATCGATGCAT-5,SERBINB3/PI3 high
CTGCGAGAGCACAAAT-5,SERBINB3/PI3 high
CTGCGAGAGCTCAGAG-5,SERBINB3/PI3 high
CTGCTCAAGTTAGTAG-5,SERBINB3/PI3 high
CTGGCAGAGGACGCAT-5,SERBINB3/PI3 high
CTGTATTCAGAGTTGG-5,Steady state
CTGTCGTAGTGCCCGT-5,SERBINB3/PI3 high
CTGTGGGTCGACGAGA-5,Steady state
CTTCAATGTTGTTGCA-5,Inflamed
GAACTGTGTTGGCTAT-5,Steady state
GAAGCCCTCCGCGATG-5,Inflamed
GAATCGTAGAAGTCAT-5,SERBINB3/PI3 high
GAATCGTCAACCAGAG-5,Steady state
GAATCGTTCTGCTGAA-5,Inflamed
GACACGCCAAGTATAG-5,SERBINB3/PI3 high
GACAGCCAGGTCGCCT-5,SERBINB3/PI3 high
GACAGCCTCCGGACGT-5,SERBINB3/PI3 high
GACCAATTCCTCATAT-5,Steady state
GACCGTGTCACGGGCT-5,SERBINB3/PI3 high
GACCTTCTCATTTGGG-5,SERBINB3/PI3 high
GACGCTGAGTACAGAT-5,SERBINB3/PI3 high
GACTATGAGATTGATG-5,SERBINB3/PI3 high
GACTGATCACACCTGG-5,SERBINB3/PI3 high
GACTTCCCATGAAGCG-5,Steady state
GAGAAATAGGACACTG-5,SERBINB3/PI3 high
GAGAAATTCCTCTAGC-5,SERBINB3/PI3 high
GAGACCCTCCTTCTAA-5,Steady state
GAGACTTAGAGAACCC-5,SERBINB3/PI3 high
GAGACTTTCAGTCTTT-5,SERBINB3/PI3 high
GAGACTTTCTCCCAAC-5,SERBINB3/PI3 high
GAGCCTGCATTCTGTT-5,SERBINB3/PI3 high
GAGCCTGGTGGGATTG-5,SERBINB3/PI3 high
GAGCTGCGTCTGTAAC-5,Steady state
GAGGGTATCTCGGCTT-5,SERBINB3/PI3 high
GAGTGAGAGAGCTGAC-5,SERBINB3/PI3 high
GAGTGAGAGGTAGCAC-5,SERBINB3/PI3 high
GAGTGAGTCTCAGAAC-5,Inflamed
GAGTTGTTCTCACTCG-5,SERBINB3/PI3 high
GATAGCTAGCTGCCAC-5,SERBINB3/PI3 high
GATCAGTGTCTGTCCT-5,SERBINB3/PI3 high
GATCAGTGTTGGAGAC-5,SERBINB3/PI3 high
GATCATGTCTGTCGCT-5,Inflamed
GATCGTAAGAAACCAT-5,SERBINB3/PI3 high
GATGACTAGACATAAC-5,SERBINB3/PI3 high
GATGACTAGTAGCATA-5,SERBINB3/PI3 high
GATGAGGCAACTACGT-5,SERBINB3/PI3 high
GATGATCTCCTAAACG-5,SERBINB3/PI3 high
GATTGGTCACTACCGG-5,SERBINB3/PI3 high
GATTGGTGTCATCTAG-5,SERBINB3/PI3 high
GATTGGTGTGCCTACG-5,SERBINB3/PI3 high
GATTTCTTCGAACGCC-5,SERBINB3/PI3 high
GCAACATCACGGATCC-5,Steady state
GCAACATCAGAGTGAC-5,SERBINB3/PI3 high
GCAACATTCGGATTAC-5,SERBINB3/PI3 high
GCAACCGCACTGTGTA-5,SERBINB3/PI3 high
GCACATAGTCACGACC-5,SERBINB3/PI3 high
GCAGCCATCCACGAAT-5,Steady state
GCAGCCATCTATTTCG-5,SERBINB3/PI3 high
GCAGCTGGTATGAGGC-5,SERBINB3/PI3 high
GCAGTTACACGCGCTA-5,SERBINB3/PI3 high
GCATGATCAGTTCACA-5,SERBINB3/PI3 high
GCCAACGGTACATACC-5,SERBINB3/PI3 high
GCCAGTGCACAGAGAC-5,SERBINB3/PI3 high
GCCATTCCACGCAGTC-5,SERBINB3/PI3 high
GCCCGAAAGCACTAGG-5,SERBINB3/PI3 high
GCCCGAACAGAATCGG-5,SERBINB3/PI3 high
GCCGATGGTTCTCCCA-5,SERBINB3/PI3 high
GCCTGTTTCACTTTGT-5,Inflamed
GCGATCGTCCATAAGC-5,SERBINB3/PI3 high
GCGGAAAAGCGAGGAG-5,SERBINB3/PI3 high
GCGGATCAGAAGTCAT-5,SERBINB3/PI3 high
GCGTGCACATATCTCT-5,SERBINB3/PI3 high
GCGTTTCAGGAGGGTG-5,SERBINB3/PI3 high
GCGTTTCCATGACGAG-5,SERBINB3/PI3 high
GCTACCTGTCTTTATC-5,SERBINB3/PI3 high
GCTCAAAAGTGGAATT-5,SERBINB3/PI3 high
GCTTGGGGTCGTCAGC-5,SERBINB3/PI3 high
GGAACCCGTACGATTC-5,SERBINB3/PI3 high
GGAAGTGCATCCTGTC-5,SERBINB3/PI3 high
GGACGTCAGGAACTCG-5,SERBINB3/PI3 high
GGAGCAAAGGTGCTGA-5,SERBINB3/PI3 high
GGATCTAGTACTGCGC-5,SERBINB3/PI3 high
GGATCTATCCCTCAAC-5,Steady state
GGATGTTAGAAGTCTA-5,SERBINB3/PI3 high
GGCACGTTCCGCATAA-5,SERBINB3/PI3 high
GGCGTCAAGGTCGTAG-5,Steady state
GGCGTCACAGCTTTCC-5,SERBINB3/PI3 high
GGCTTTCCAAGACAAT-5,SERBINB3/PI3 high
GGGACAAAGACTTAAG-5,SERBINB3/PI3 high
GGGACAATCGGTAGGA-5,SERBINB3/PI3 high
GGGACCTAGCCAACCC-5,Steady state
GGGACCTTCTTAGCCC-5,SERBINB3/PI3 high
GGGAGATCACCTGCTT-5,Inflamed
GGGCGTTGTTGCCATA-5,SERBINB3/PI3 high
GGGTCACTCTCCGAAA-5,Inflamed
GGGTGTCCACGATTCA-5,SERBINB3/PI3 high
GGGTGTCGTACAAGCG-5,Steady state
GGTAATCCACAGTCAT-5,SERBINB3/PI3 high
GGTCACGCAGCATCTA-5,SERBINB3/PI3 high
GGTCTGGCAGTCCGTG-5,Inflamed
GGTGATTAGATCCTAC-5,SERBINB3/PI3 high
GGTGTTACAAGTCCCG-5,SERBINB3/PI3 high
GGTTCTCAGGGAGGCA-5,SERBINB3/PI3 high
GGTTCTCCACCAGGTC-5,SERBINB3/PI3 high
GGTTCTCGTACCGGCT-5,SERBINB3/PI3 high
GTAACACCAAAGCTAA-5,SERBINB3/PI3 high
GTAACACGTTGCCAAT-5,SERBINB3/PI3 high
GTAACCAAGTACTGTC-5,SERBINB3/PI3 high
GTAAGTCAGCGGACAT-5,SERBINB3/PI3 high
GTAATGCAGAAGCCAC-5,SERBINB3/PI3 high
GTAGAGGCAAAGGCGT-5,SERBINB3/PI3 high
GTAGAGGCACGATAGG-5,SERBINB3/PI3 high
GTAGAGGTCAAGAGGC-5,Steady state
GTAGCTACACTTGAAC-5,SERBINB3/PI3 high
GTAGGTTCATACAGGG-5,SERBINB3/PI3 high
GTATTGGAGGAGCAAA-5,Steady state
GTCAAGTGTCGTGCCA-5,SERBINB3/PI3 high
GTCAGCGAGAGTGAAG-5,SERBINB3/PI3 high
GTCATGACACTCTGCT-5,SERBINB3/PI3 high
GTCATGAGTACGGGAT-5,SERBINB3/PI3 high
GTCATTTAGCTGTTAC-5,SERBINB3/PI3 high
GTCCCATGTGGTATGG-5,SERBINB3/PI3 high
GTCGAATAGAAATTGC-5,SERBINB3/PI3 high
GTCGAATTCGCGGACT-5,SERBINB3/PI3 high
GTCGTTCCAACCACGC-5,SERBINB3/PI3 high
GTCGTTCCAGTGACCC-5,SERBINB3/PI3 high
GTCTACCAGATCCAAA-5,SERBINB3/PI3 high
GTCTAGAGTGAGTAGC-5,SERBINB3/PI3 high
GTCTTTACACGATAGG-5,SERBINB3/PI3 high
GTGAGGACAACAAGTA-5,Steady state
GTGAGTTCACTGAATC-5,Inflamed
GTGCACGTCGAACTCA-5,Inflamed
GTGCGTGGTCGTCAGC-5,SERBINB3/PI3 high
GTGGAAGTCACAGTGT-5,SERBINB3/PI3 high
GTGGTTATCCAGTACA-5,Inflamed
GTTACAGGTGCATCTA-5,Steady state
GTTACGATCTTCCCGA-5,SERBINB3/PI3 high
GTTAGTGCACTCCTTG-5,SERBINB3/PI3 high
GTTCCGTCAGATTTCG-5,SERBINB3/PI3 high
GTTGTAGGTAATCAAG-5,SERBINB3/PI3 high
TAACGACCAGGCTATT-5,SERBINB3/PI3 high
TAAGCGTAGTGTACAA-5,SERBINB3/PI3 high
TAATTCCAGTATCTGC-5,SERBINB3/PI3 high
TAATTCCTCATTGGTG-5,SERBINB3/PI3 high
TAATTCCTCATTTCGT-5,SERBINB3/PI3 high
TACCCGTAGTTTCAGC-5,Steady state
TACGCTCAGTGAGTGC-5,SERBINB3/PI3 high
TACGCTCCAACTGGTT-5,SERBINB3/PI3 high
TACGCTCCAATACAGA-5,Steady state
TACGGGCCAGTCCGTG-5,Steady state
TACGTCCGTCCAAATC-5,Inflamed
TAGACCAGTGGACAGT-5,SERBINB3/PI3 high
TAGAGTCAGGCCCAAA-5,SERBINB3/PI3 high
TAGAGTCGTCACTCTC-5,SERBINB3/PI3 high
TAGCACACAGCGTAGA-5,SERBINB3/PI3 high
TATCGCCAGGCCTTGC-5,SERBINB3/PI3 high
TATGTTCGTGATTGGG-5,SERBINB3/PI3 high
TATGTTCTCGACTCCT-5,SERBINB3/PI3 high
TATTGCTTCGTCAAAC-5,SERBINB3/PI3 high
TATTGGGGTGTAAATG-5,SERBINB3/PI3 high
TATTTCGAGACGAAGA-5,SERBINB3/PI3 high
TCAAGCAGTTCTGAGT-5,SERBINB3/PI3 high
TCAATTCCATCAGCGC-5,SERBINB3/PI3 high
TCACGCTCATGCCATA-5,SERBINB3/PI3 high
TCACGCTTCTGGTCAA-5,Steady state
TCAGCAACACAGAGCA-5,SERBINB3/PI3 high
TCAGCCTCAAACCATC-5,SERBINB3/PI3 high
TCAGGGCGTATCGAGG-5,SERBINB3/PI3 high
TCAGGTAAGAATCGCG-5,SERBINB3/PI3 high
TCAGGTAAGGTAGACC-5,Steady state
TCAGTGAAGGCTTCCG-5,SERBINB3/PI3 high
TCAGTTTTCTACACTT-5,Steady state
TCATCATAGTAGTCTC-5,SERBINB3/PI3 high
TCATCCGTCAACACCA-5,SERBINB3/PI3 high
TCATGCCCACCAGCGT-5,Steady state
TCATGGATCTAACGGT-5,SERBINB3/PI3 high
TCATTACAGTTCCATG-5,SERBINB3/PI3 high
TCATTTGCATGATAGA-5,SERBINB3/PI3 high
TCCACGTGTTCCTACC-5,SERBINB3/PI3 high
TCCATCGCAAAGGGTC-5,SERBINB3/PI3 high
TCCCACAGTCGCAACC-5,SERBINB3/PI3 high
TCCCATGCACATTCTT-5,SERBINB3/PI3 high
TCCGGGACAGGACTAG-5,SERBINB3/PI3 high
TCCGTGTGTTCCTAAG-5,SERBINB3/PI3 high
TCCTAATCAAGAATAC-5,SERBINB3/PI3 high
TCCTCCCAGTAGCTCT-5,Inflamed
TCCTCCCCACCACTGG-5,Steady state
TCCTGCAGTCTATGAC-5,SERBINB3/PI3 high
TCCTTCTGTCCAGCGT-5,SERBINB3/PI3 high
TCCTTTCAGCAAACAT-5,SERBINB3/PI3 high
TCCTTTCCAGCTGTGC-5,SERBINB3/PI3 high
TCGACGGCACAGGATG-5,SERBINB3/PI3 high
TCGATTTTCCGGACTG-5,SERBINB3/PI3 high
TCGCACTGTACGGGAT-5,SERBINB3/PI3 high
TCGCTTGCAAGTCCAT-5,SERBINB3/PI3 high
TCGCTTGCAGACCATT-5,SERBINB3/PI3 high
TCGCTTGCAGCTGCCA-5,SERBINB3/PI3 high
TCGGGACAGCAACAGC-5,SERBINB3/PI3 high
TCGGGCACACAATGCT-5,Steady state
TCGGGCATCCTTATAC-5,SERBINB3/PI3 high
TCGGGTGCATCACCAA-5,SERBINB3/PI3 high
TCGTAGAAGTTGCTCA-5,Steady state
TCTAACTGTTCCTAGA-5,SERBINB3/PI3 high
TCTATACAGCTGCCAC-5,SERBINB3/PI3 high
TCTATACCACAATGTC-5,SERBINB3/PI3 high
TCTCCGAAGGAAAGGT-5,SERBINB3/PI3 high
TCTCTGGAGGTTACCT-5,SERBINB3/PI3 high
TCTGCCAAGCTCATAC-5,SERBINB3/PI3 high
TCTGTCGCATACTGAC-5,SERBINB3/PI3 high
TCTGTCGGTAGTGGCA-5,SERBINB3/PI3 high
TCTTCCTCAAGTGGAC-5,SERBINB3/PI3 high
TGAACGTAGTTAGTGA-5,SERBINB3/PI3 high
TGAACGTCAGATTTCG-5,SERBINB3/PI3 high
TGAATCGAGCAAGCCA-5,SERBINB3/PI3 high
TGAGGAGCACTGCACG-5,SERBINB3/PI3 high
TGAGGGACATTGCCTC-5,Steady state
TGAGGTTGTTCTCGTC-5,SERBINB3/PI3 high
TGAGTCATCTTCCCGA-5,SERBINB3/PI3 high
TGATGCAAGCGTCGAA-5,Steady state
TGATGGTCAGGCATGA-5,SERBINB3/PI3 high
TGATTTCAGCCTTTGA-5,SERBINB3/PI3 high
TGATTTCTCCTAGCGG-5,SERBINB3/PI3 high
TGCACGGTCAAACCCA-5,SERBINB3/PI3 high
TGCAGATTCCGTTTCG-5,SERBINB3/PI3 high
TGCATCCAGACGGAAA-5,SERBINB3/PI3 high
TGCGACGCACGCTGTG-5,SERBINB3/PI3 high
TGCTCCACAAGAGGTC-5,Steady state
TGGAGGAAGTCCTACA-5,SERBINB3/PI3 high
TGGGAGATCTGTCGTC-5,SERBINB3/PI3 high
TGGGATTGTCCAACGC-5,Steady state
TGGTGATCATGCCATA-5,SERBINB3/PI3 high
TGTAGACCATCAGCAT-5,SERBINB3/PI3 high
TGTCCACCAGTGGGTA-5,SERBINB3/PI3 high
TGTCCTGGTTTCACAG-5,SERBINB3/PI3 high
TGTGATGCATTCACAG-5,SERBINB3/PI3 high
TGTGCGGTCTGTGCTC-5,SERBINB3/PI3 high
TGTGGCGAGTAGTCAA-5,SERBINB3/PI3 high
TGTTACTGTCGATTCA-5,SERBINB3/PI3 high
TGTTGAGCATCAGCGC-5,SERBINB3/PI3 high
TTAATCCCACGTACTA-5,SERBINB3/PI3 high
TTACCATCATGGCCAC-5,SERBINB3/PI3 high
TTACCGCTCATGCATG-5,SERBINB3/PI3 high
TTACGCCGTTCGGTCG-5,SERBINB3/PI3 high
TTAGGCATCGTTGTAG-5,SERBINB3/PI3 high
TTCACGCAGTCCCAAT-5,SERBINB3/PI3 high
TTCATTGTCGGTTCAA-5,SERBINB3/PI3 high
TTCCAATCATCCTAAG-5,Steady state
TTCCGTGAGGGTCACA-5,SERBINB3/PI3 high
TTCCTAATCGTTCAGA-5,Steady state
TTCGATTTCTTCCAGC-5,SERBINB3/PI3 high
TTCTAGTGTGCTGCAC-5,SERBINB3/PI3 high
TTCTGTACAACTGGTT-5,SERBINB3/PI3 high
TTGCCTGCATTGCTGA-5,SERBINB3/PI3 high
TTGCTGCTCGTAGTCA-5,SERBINB3/PI3 high
TTGGATGCAGGTCCCA-5,SERBINB3/PI3 high
TTGTTCACAAACCACT-5,SERBINB3/PI3 high
TTGTTGTCATGACGGA-5,SERBINB3/PI3 high
TTTCATGGTCTGCGCA-5,Steady state
TTTGATCTCTCTGACC-5,SERBINB3/PI3 high
TTTGGTTAGGTATTGA-5,SERBINB3/PI3 high
AAACCCACATGGCTGC-6,SERBINB3/PI3 high
AAACGCTTCACTTGGA-6,SERBINB3/PI3 high
AAAGGTAAGTAAACTG-6,Steady state
AAAGGTACACAGCCTG-6,SERBINB3/PI3 high
AAAGGTATCTGGAGAG-6,SERBINB3/PI3 high
AAAGTGAGTCATCGGC-6,SERBINB3/PI3 high
AAATGGAGTTTCACAG-6,SERBINB3/PI3 high
AACCACACATGTTTGG-6,SERBINB3/PI3 high
AACCACATCCTTACCG-6,SERBINB3/PI3 high
AACCACATCGGCATCG-6,Steady state
AACCTGAAGTTGTCAC-6,SERBINB3/PI3 high
AACGAAATCCTAAGTG-6,SERBINB3/PI3 high
AACTTCTCATAATCCG-6,SERBINB3/PI3 high
AAGATAGTCGGTCACG-6,SERBINB3/PI3 high
AAGCCATAGCTAATGA-6,SERBINB3/PI3 high
AAGCCATCAGCTTTGA-6,SERBINB3/PI3 high
AAGCGAGAGTCATCCA-6,SERBINB3/PI3 high
AAGGAATCATTGTACG-6,SERBINB3/PI3 high
AAGTGAAAGGGCTAAC-6,Inflamed
AAGTGAATCCAGCACG-6,SERBINB3/PI3 high
AAGTTCGAGAGGATCC-6,SERBINB3/PI3 high
AATAGAGAGATGGCAC-6,SERBINB3/PI3 high
AATCACGGTTCAAAGA-6,Steady state
AATCACGTCGGTCTGG-6,SERBINB3/PI3 high
AATCGACAGCTCTTCC-6,Inflamed
AATGAAGCATCATCCC-6,SERBINB3/PI3 high
AATGGAAGTTTCACAG-6,SERBINB3/PI3 high
AATGGCTGTGGGACAT-6,Steady state
AATTTCCAGAATTGTG-6,SERBINB3/PI3 high
ACAAAGATCCGTGACG-6,SERBINB3/PI3 high
ACACAGTTCCAACTGA-6,Steady state
ACACGCGTCAGGCGAA-6,SERBINB3/PI3 high
ACAGGGACACACAGCC-6,SERBINB3/PI3 high
ACATCGATCTTACCAT-6,Steady state
ACATTTCTCATTGCGA-6,SERBINB3/PI3 high
ACCAAACCAACGATTC-6,SERBINB3/PI3 high
ACCACAACAACCAATC-6,SERBINB3/PI3 high
ACCATTTTCCGATAAC-6,SERBINB3/PI3 high
ACCCAAAAGAGCATCG-6,Steady state
ACCCTTGTCATGCGGC-6,SERBINB3/PI3 high
ACCGTTCGTCAACACT-6,Inflamed
ACCGTTCGTTACAGCT-6,Steady state
ACCGTTCTCGAGAAGC-6,SERBINB3/PI3 high
ACCTGAAGTACGTGTT-6,Steady state
ACCTGTCCAGTCGCAC-6,SERBINB3/PI3 high
ACCTGTCTCTAGACCA-6,SERBINB3/PI3 high
ACGATCAAGATAGCTA-6,Inflamed
ACGATCAGTAGCACGA-6,Inflamed
ACGATGTGTTCGAAGG-6,SERBINB3/PI3 high
ACGCACGTCCTAGAGT-6,SERBINB3/PI3 high
ACGGAAGAGGAGAATG-6,SERBINB3/PI3 high
ACGGGTCAGACCAAAT-6,Inflamed
ACGGGTCCAAACTGCT-6,SERBINB3/PI3 high
ACGGTCGAGGGAGAAT-6,SERBINB3/PI3 high
ACGGTCGGTATGTCTG-6,Steady state
ACGGTCGTCTTGTTAC-6,SERBINB3/PI3 high
ACGGTTAGTATAGGAT-6,Steady state
ACGTCCTTCTGTGTGA-6,SERBINB3/PI3 high
ACTATTCTCTCACCCA-6,SERBINB3/PI3 high
ACTCCCAAGCCATTCA-6,SERBINB3/PI3 high
ACTGCAAGTTAAGAAC-6,SERBINB3/PI3 high
ACTTCGCAGTTCGCAT-6,SERBINB3/PI3 high
ACTTTCAGTTGTTGAC-6,Steady state
ACTTTGTAGCATGCAG-6,SERBINB3/PI3 high
ACTTTGTCATAATGCC-6,SERBINB3/PI3 high
AGAACCTTCAGCTGAT-6,SERBINB3/PI3 high
AGACAAACAGGCACAA-6,SERBINB3/PI3 high
AGACCCGCAACAGTGG-6,SERBINB3/PI3 high
AGAGAATGTAGTTACC-6,SERBINB3/PI3 high
AGAGAGCTCGACATAC-6,SERBINB3/PI3 high
AGATAGACAGTGGCTC-6,SERBINB3/PI3 high
AGATAGATCTGATGGT-6,SERBINB3/PI3 high
AGCATCACAACGGGTA-6,SERBINB3/PI3 high
AGCCACGTCAGCTCTC-6,SERBINB3/PI3 high
AGCGCCACATATCGGT-6,SERBINB3/PI3 high
AGCTCAACAGTCCGTG-6,SERBINB3/PI3 high
AGGAAATGTTGGATCT-6,Inflamed
AGGACGATCCCTTGTG-6,SERBINB3/PI3 high
AGGATCTAGTGGAAGA-6,SERBINB3/PI3 high
AGGCCACAGCTCGGCT-6,SERBINB3/PI3 high
AGGCCACTCAAGGAGC-6,SERBINB3/PI3 high
AGGGAGTCAGAATTCC-6,SERBINB3/PI3 high
AGGGCTCGTGTCCCTT-6,SERBINB3/PI3 high
AGGGTTTTCAACCCGG-6,SERBINB3/PI3 high
AGGTGTTTCGCGAAGA-6,SERBINB3/PI3 high
AGGTTACGTCTTGAAC-6,SERBINB3/PI3 high
AGGTTGTGTTCCATTT-6,SERBINB3/PI3 high
AGTACTGCAAATCGGG-6,SERBINB3/PI3 high
AGTAGCTCAGAACGCA-6,SERBINB3/PI3 high
AGTAGTCAGGCCCAAA-6,SERBINB3/PI3 high
AGTAGTCCATCATGAC-6,SERBINB3/PI3 high
AGTCAACGTCCGTTTC-6,SERBINB3/PI3 high
AGTCAACGTTGCATCA-6,SERBINB3/PI3 high
AGTCACACAGCAGACA-6,Steady state
AGTCATGAGTCTGGTT-6,SERBINB3/PI3 high
AGTCATGGTGGGTCAA-6,SERBINB3/PI3 high
AGTGATCCAGTACTAC-6,SERBINB3/PI3 high
AGTGATCTCTTACCGC-6,SERBINB3/PI3 high
ATACCTTAGACTCTTG-6,Inflamed
ATACTTCTCCCGAGAC-6,Steady state
ATAGACCAGTGAGGTC-6,SERBINB3/PI3 high
ATAGGCTGTGATTAGA-6,Steady state
ATCCTATCAGTGCGCT-6,SERBINB3/PI3 high
ATCGATGGTAAGACCG-6,SERBINB3/PI3 high
ATCGATGGTTAAGGGC-6,SERBINB3/PI3 high
ATCGTCCCATCTCAAG-6,SERBINB3/PI3 high
ATCGTGATCTCTCTTC-6,Inflamed
ATCTTCAAGCAACCAG-6,SERBINB3/PI3 high
ATGAAAGTCGATGCAT-6,SERBINB3/PI3 high
ATGACCAAGGGTACGT-6,SERBINB3/PI3 high
ATGAGTCCAAAGTGTA-6,SERBINB3/PI3 high
ATGATCGGTTCTCCAC-6,SERBINB3/PI3 high
ATGCATGCAAGGACAC-6,SERBINB3/PI3 high
ATGCATGTCTTGGTGA-6,Steady state
ATGCGATGTGAGCCAA-6,SERBINB3/PI3 high
ATGGAGGCACCAGCTG-6,SERBINB3/PI3 high
ATGGATCAGATGAACT-6,SERBINB3/PI3 high
ATGGGAGGTCCCTGTT-6,SERBINB3/PI3 high
ATGGTTGTCGTAGCTA-6,Steady state
ATGTCTTGTGGCGCTT-6,SERBINB3/PI3 high
ATTACTCTCAGAACCT-6,SERBINB3/PI3 high
ATTATCCTCCTTCTAA-6,SERBINB3/PI3 high
ATTCACTAGGTCCAGA-6,SERBINB3/PI3 high
ATTCACTCAGTTGTTG-6,SERBINB3/PI3 high
ATTCCCGGTTGTGGAG-6,SERBINB3/PI3 high
ATTCGTTAGCCAGAGT-6,SERBINB3/PI3 high
ATTCTACAGTGCTCGC-6,Steady state
ATTGGGTGTTTCCATT-6,SERBINB3/PI3 high
ATTTACCCAGCTGCCA-6,SERBINB3/PI3 high
ATTTCTGAGACTTCGT-6,SERBINB3/PI3 high
CAACAACGTGTTGCCG-6,SERBINB3/PI3 high
CAACAGTCAAATGCTC-6,Inflamed
CAACAGTGTGCGAACA-6,SERBINB3/PI3 high
CAAGGGAAGGCAGGGA-6,SERBINB3/PI3 high
CAATACGAGCAATAAC-6,SERBINB3/PI3 high
CAATGACGTGCTTCAA-6,SERBINB3/PI3 high
CAATTTCAGAAACTGT-6,SERBINB3/PI3 high
CAATTTCCATCGCTCT-6,Inflamed
CACAGGCGTAACAGTA-6,Steady state
CACCAAATCCATCTGC-6,SERBINB3/PI3 high
CACGAATAGACATACA-6,SERBINB3/PI3 high
CACGAATGTAGTCTTG-6,SERBINB3/PI3 high
CACGGGTAGTTCGGTT-6,SERBINB3/PI3 high
CACGTGGTCATTCGTT-6,SERBINB3/PI3 high
CACGTTCCACGGTCTG-6,SERBINB3/PI3 high
CACTAAGAGCTGGAGT-6,SERBINB3/PI3 high
CACTAAGAGGTCTTTG-6,SERBINB3/PI3 high
CACTAAGAGTCGGCCT-6,SERBINB3/PI3 high
CACTGAAGTGGGATTG-6,SERBINB3/PI3 high
CACTGTCCACTAGTAC-6,SERBINB3/PI3 high
CAGAGCCCACATAGCT-6,SERBINB3/PI3 high
CAGATACGTTAAAGTG-6,SERBINB3/PI3 high
CAGATCACAGCCCAGT-6,SERBINB3/PI3 high
CAGATCAGTCAAACGG-6,Steady state
CAGCCAGAGACAGCTG-6,SERBINB3/PI3 high
CAGCCAGTCACAACCA-6,SERBINB3/PI3 high
CAGCCAGTCGCTAGCG-6,SERBINB3/PI3 high
CAGGCCACAACACGAG-6,Inflamed
CAGGGCTAGCCACCGT-6,SERBINB3/PI3 high
CAGTGCGTCATTGCGA-6,SERBINB3/PI3 high
CAGTTAGCAAAGGAGA-6,SERBINB3/PI3 high
CATAAGCAGGTTGACG-6,SERBINB3/PI3 high
CATAAGCCAGTTGGTT-6,Inflamed
CATACTTCACAACATC-6,SERBINB3/PI3 high
CATCAAGCACAGCATT-6,SERBINB3/PI3 high
CATCGGGAGTAAACAC-6,Steady state
CATGGTAGTCACAGAG-6,SERBINB3/PI3 high
CATTCCGGTACCTTCC-6,SERBINB3/PI3 high
CATTCCGTCGTTAGTG-6,SERBINB3/PI3 high
CATTCTACACAAATGA-6,SERBINB3/PI3 high
CATTCTACACACGGTC-6,SERBINB3/PI3 high
CATTTCACAGAGCCCT-6,SERBINB3/PI3 high
CCAAGCGAGCTACGTT-6,SERBINB3/PI3 high
CCAATGATCAGTAGGG-6,SERBINB3/PI3 high
CCAATTTCAGCTACAT-6,Inflamed
CCACACTAGCACGTCC-6,SERBINB3/PI3 high
CCACCATCATGACTCA-6,SERBINB3/PI3 high
CCACGAGAGCAAGCCA-6,SERBINB3/PI3 high
CCACGAGTCGATGCTA-6,SERBINB3/PI3 high
CCACGTTTCAATGTCG-6,SERBINB3/PI3 high
CCACTTGGTAACGATA-6,Steady state
CCATAAGGTACGTGTT-6,Steady state
CCATAAGTCTACCACC-6,Steady state
CCATCACAGCACTAGG-6,Steady state
CCATCACCAACTGAAA-6,SERBINB3/PI3 high
CCATCACCATACCATG-6,SERBINB3/PI3 high
CCCAACTAGCTATCCA-6,SERBINB3/PI3 high
CCCGAAGTCATTACCT-6,SERBINB3/PI3 high
CCCTCAAAGCTAGAGC-6,SERBINB3/PI3 high
CCCTCTCGTGCTGTCG-6,SERBINB3/PI3 high
CCGATCTTCCTTGGAA-6,SERBINB3/PI3 high
CCGATGGAGACCAAGC-6,SERBINB3/PI3 high
CCGTAGGAGGCCCACT-6,Inflamed
CCGTAGGAGTCATCCA-6,SERBINB3/PI3 high
CCGTAGGTCGCAACAT-6,SERBINB3/PI3 high
CCGTTCACATGGAGAC-6,SERBINB3/PI3 high
CCTAACCAGGCTAACG-6,SERBINB3/PI3 high
CCTATCGCACTTGGCG-6,SERBINB3/PI3 high
CCTCAACTCCCATAAG-6,Steady state
CCTCATGTCCATACAG-6,SERBINB3/PI3 high
CCTCATGTCTAGTCAG-6,Inflamed
CCTCCAATCTCGTCGT-6,SERBINB3/PI3 high
CCTCTAGTCCGGTTCT-6,SERBINB3/PI3 high
CCTCTCCTCGGCTGGT-6,Inflamed
CCTGTTGAGTGACACG-6,SERBINB3/PI3 high
CCTTGTGGTGTCATTG-6,SERBINB3/PI3 high
CCTTTGGAGCCGTTAT-6,SERBINB3/PI3 high
CGAAGGAGTTAATGAG-6,SERBINB3/PI3 high
CGACAGCCAGTTAGGG-6,SERBINB3/PI3 high
CGACAGCCATGCCGGT-6,SERBINB3/PI3 high
CGAGGCTCAGTCTTCC-6,SERBINB3/PI3 high
CGAGGCTGTCCAAGAG-6,SERBINB3/PI3 high
CGATGCGGTCCGTACG-6,SERBINB3/PI3 high
CGATGGCCAGGGAGAG-6,Steady state
CGCAGGTGTGACAACG-6,Steady state
CGCATAAGTCGTATTG-6,SERBINB3/PI3 high
CGCCAGACAAATTGCC-6,SERBINB3/PI3 high
CGCCATTGTGCCGTTG-6,SERBINB3/PI3 high
CGGAACCAGTATAGAC-6,SERBINB3/PI3 high
CGGAATTTCCCAAGCG-6,SERBINB3/PI3 high
CGGAGAACAGCTGTAT-6,SERBINB3/PI3 high
CGGGCATAGCAATAAC-6,SERBINB3/PI3 high
CGGGCATTCACCTGTC-6,Inflamed
CGGTCAGCACAGTCAT-6,SERBINB3/PI3 high
CGTAATGAGTCTAACC-6,Steady state
CGTAGTATCTGAGATC-6,SERBINB3/PI3 high
CGTCAAAAGCAGCCCT-6,SERBINB3/PI3 high
CTAACCCAGTATAACG-6,Inflamed
CTAACCCGTACTGGGA-6,SERBINB3/PI3 high
CTACAGATCTCACGAA-6,SERBINB3/PI3 high
CTACCTGCAAATGAAC-6,SERBINB3/PI3 high
CTACGGGTCACCTCTG-6,SERBINB3/PI3 high
CTACTATTCTTAGCCC-6,SERBINB3/PI3 high
CTAGACACACAGGATG-6,Inflamed
CTAGACACATAGAGGC-6,SERBINB3/PI3 high
CTAGGTAGTACTGACT-6,SERBINB3/PI3 high
CTATCTACACAAATCC-6,SERBINB3/PI3 high
CTATCTAGTGGTACAG-6,SERBINB3/PI3 high
CTCAAGAAGGCGTTGA-6,SERBINB3/PI3 high
CTCACTGGTCCATCTC-6,SERBINB3/PI3 high
CTCAGAAGTGACCGAA-6,SERBINB3/PI3 high
CTCAGTCTCCGTCACT-6,SERBINB3/PI3 high
CTCATTATCATTCGGA-6,SERBINB3/PI3 high
CTCCAACTCTCGTTTA-6,SERBINB3/PI3 high
CTCCTCCAGCAACAGC-6,SERBINB3/PI3 high
CTCCTCCCATGACACT-6,SERBINB3/PI3 high
CTCGAGGAGCTGTTCA-6,SERBINB3/PI3 high
CTCTCGAGTGTCCAAT-6,SERBINB3/PI3 high
CTCTCGAGTTTACCTT-6,SERBINB3/PI3 high
CTGAATGGTTGACGGA-6,Steady state
CTGAGCGCAGAAACCG-6,Steady state
CTGCAGGAGTGAGTGC-6,SERBINB3/PI3 high
CTGCCATGTGTCGCTG-6,SERBINB3/PI3 high
CTGCCTACATTGACAC-6,Steady state
CTGCGAGTCCTACCAC-6,SERBINB3/PI3 high
CTGGACGAGGTCTACT-6,SERBINB3/PI3 high
CTTAGGAAGTGGTCAG-6,SERBINB3/PI3 high
CTTCAATAGCCTCTGG-6,SERBINB3/PI3 high
CTTCCGACACAGCCAC-6,SERBINB3/PI3 high
CTTCGGTTCCGTAGGC-6,SERBINB3/PI3 high
CTTCTAAAGGGACCAT-6,Steady state
CTTCTAAAGTCTGGAG-6,SERBINB3/PI3 high
CTTCTCTAGAATTGCA-6,SERBINB3/PI3 high
CTTCTCTAGGCCCAAA-6,Inflamed
CTTCTCTCAGAACTCT-6,SERBINB3/PI3 high
CTTGATTAGCTGAAAT-6,Inflamed
CTTGATTTCCGTACGG-6,SERBINB3/PI3 high
GAAATGAGTAGCGTCC-6,SERBINB3/PI3 high
GAACGTTCAAATACGA-6,SERBINB3/PI3 high
GAAGAATTCATTTGGG-6,SERBINB3/PI3 high
GAAGGACTCCGGTAGC-6,Steady state
GACACGCGTACGACAG-6,SERBINB3/PI3 high
GACACGCTCAAACTGC-6,Inflamed
GACAGCCAGTAATCCC-6,Steady state
GACCCAGCACAAAGCG-6,SERBINB3/PI3 high
GACCTTCCAGCTCATA-6,SERBINB3/PI3 high
GACTCAAAGGAGCAAA-6,SERBINB3/PI3 high
GACTCAAGTCTCAAGT-6,SERBINB3/PI3 high
GACTCAATCGCTTGCT-6,SERBINB3/PI3 high
GACTGATTCCGCTGTT-6,Steady state
GACTTCCTCTTACACT-6,SERBINB3/PI3 high
GAGAAATCAGCTGAAG-6,SERBINB3/PI3 high
GAGACCCTCCATCTAT-6,SERBINB3/PI3 high
GAGACTTTCACCATGA-6,Inflamed
GAGATGGCAATACAGA-6,SERBINB3/PI3 high
GAGGGTAAGTTACGGG-6,SERBINB3/PI3 high
GAGTGAGAGCGAGTCA-6,SERBINB3/PI3 high
GAGTGTTCAAATACAG-6,Inflamed
GAGTGTTGTCGTGTTA-6,SERBINB3/PI3 high
GAGTTTGCAGGCCTGT-6,SERBINB3/PI3 high
GAGTTTGGTCTACACA-6,SERBINB3/PI3 high
GATCAGTCAGGCATGA-6,SERBINB3/PI3 high
GATCATGTCCGATCGG-6,SERBINB3/PI3 high
GATCATGTCTTGGTGA-6,SERBINB3/PI3 high
GATGACTCACTGGCCA-6,Steady state
GATGATCAGTAGGCCA-6,Inflamed
GATGATCTCCTACTGC-6,SERBINB3/PI3 high
GATGCTAGTGCCGTAC-6,SERBINB3/PI3 high
GATTCGAAGCTGAAAT-6,SERBINB3/PI3 high
GATTCGACATAGTCAC-6,SERBINB3/PI3 high
GATTGGTTCGGAAACG-6,SERBINB3/PI3 high
GCACGGTCACAATGAA-6,SERBINB3/PI3 high
GCACGTGTCGTTAGAC-6,Steady state
GCAGCTGAGCACGTCC-6,SERBINB3/PI3 high
GCAGCTGCACCCTGAG-6,SERBINB3/PI3 high
GCAGGCTCACATAGCT-6,SERBINB3/PI3 high
GCAGGCTCAGAAGCGT-6,SERBINB3/PI3 high
GCAGTTAGTGTCCATA-6,SERBINB3/PI3 high
GCCAGGTAGTTGGACG-6,SERBINB3/PI3 high
GCCAGGTCACCGGCTA-6,Inflamed
GCCAGTGCAACAGATA-6,SERBINB3/PI3 high
GCCATGGTCTCGCGTT-6,Steady state
GCCCAGACATGACTGT-6,SERBINB3/PI3 high
GCCCGAATCAAGGACG-6,SERBINB3/PI3 high
GCCGTGAGTGATTAGA-6,SERBINB3/PI3 high
GCCGTGATCTGTTCAT-6,Inflamed
GCGAGAAAGGTAGCAC-6,Inflamed
GCTGAATGTCCGTACG-6,SERBINB3/PI3 high
GCTGAATTCGGTAAGG-6,SERBINB3/PI3 high
GCTGCAGGTTACCCAA-6,SERBINB3/PI3 high
GCTTCACTCAGCGTCG-6,SERBINB3/PI3 high
GCTTGGGCACACGTGC-6,SERBINB3/PI3 high
GGAACCCTCTGCATGA-6,SERBINB3/PI3 high
GGAGCAAAGGCGAACT-6,SERBINB3/PI3 high
GGAGGTATCGTAACAC-6,SERBINB3/PI3 high
GGCAGTCGTCTGCATA-6,SERBINB3/PI3 high
GGCTGTGGTATGGTTC-6,SERBINB3/PI3 high
GGCTTGGTCACGGTCG-6,SERBINB3/PI3 high
GGGACAAGTTAATCGC-6,SERBINB3/PI3 high
GGGACCTCACGCCACA-6,SERBINB3/PI3 high
GGGACTCGTATCGATC-6,SERBINB3/PI3 high
GGGACTCGTCTGTAAC-6,SERBINB3/PI3 high
GGGACTCTCTTCGGAA-6,Steady state
GGGAGATTCGACGACC-6,SERBINB3/PI3 high
GGGAGTACACCTGAAT-6,SERBINB3/PI3 high
GGGATCCAGCCGGAAT-6,SERBINB3/PI3 high
GGGATGACAGAGACTG-6,SERBINB3/PI3 high
GGGCTACAGGGACTGT-6,SERBINB3/PI3 high
GGGCTCAGTTTGTTCT-6,Steady state
GGGTGAAAGCCTCATA-6,SERBINB3/PI3 high
GGGTGAAGTTCGAACT-6,SERBINB3/PI3 high
GGGTGTCTCTCGACGG-6,SERBINB3/PI3 high
GGTAACTTCAGTGTGT-6,SERBINB3/PI3 high
GGTAGAGCATCCGATA-6,Inflamed
GGTAGAGGTTGGGTTT-6,SERBINB3/PI3 high
GGTCTGGCAAGGAGTC-6,Inflamed
GGTCTGGCATTCATCT-6,SERBINB3/PI3 high
GGTGTCGAGCCGAATG-6,SERBINB3/PI3 high
GGTGTTACAGACTCTA-6,SERBINB3/PI3 high
GTAACACTCAGCGCAC-6,Steady state
GTAAGTCGTTCGTTCC-6,Steady state
GTAATCGAGCCTAGGA-6,SERBINB3/PI3 high
GTACAACCAACGGCTC-6,SERBINB3/PI3 high
GTACAACCAGTCGCAC-6,Inflamed
GTACAGTGTTATAGAG-6,SERBINB3/PI3 high
GTAGAAAGTAAGATAC-6,SERBINB3/PI3 high
GTAGAAAGTAATGATG-6,SERBINB3/PI3 high
GTAGAGGAGGCCACTC-6,SERBINB3/PI3 high
GTAGAGGCAAGACTGG-6,Inflamed
GTAGAGGTCAGCTTGA-6,SERBINB3/PI3 high
GTATTGGAGAAACTCA-6,SERBINB3/PI3 high
GTCAAACGTAGGCTCC-6,Steady state
GTCAAACGTTTGAACC-6,SERBINB3/PI3 high
GTCAGCGCAGTCAGCC-6,SERBINB3/PI3 high
GTCATTTAGACGCCCT-6,SERBINB3/PI3 high
GTCCCATCAGAGGCTA-6,Steady state
GTCCTCAAGCTAGATA-6,SERBINB3/PI3 high
GTCGAATAGAAACCCG-6,SERBINB3/PI3 high
GTCTAGAAGCTGCCAC-6,SERBINB3/PI3 high
GTCTGTCTCTACGGGC-6,SERBINB3/PI3 high
GTGAGGACAACGGCCT-6,SERBINB3/PI3 high
GTGCGTGAGATGCTGG-6,SERBINB3/PI3 high
GTGCTGGTCGCAAGAG-6,Steady state
GTGCTTCCACTGAGGA-6,SERBINB3/PI3 high
GTGCTTCGTGTCCATA-6,SERBINB3/PI3 high
GTGGCGTAGTCCGCCA-6,SERBINB3/PI3 high
GTGGGAAGTAGGCAAC-6,SERBINB3/PI3 high
GTGTGATCACCAGCCA-6,SERBINB3/PI3 high
GTTACCCCATACCATG-6,Steady state
GTTAGTGCAGCACACC-6,SERBINB3/PI3 high
GTTCATTTCTTAGCCC-6,SERBINB3/PI3 high
GTTGAACCAACAGTGG-6,SERBINB3/PI3 high
GTTGAACGTCGGCCTA-6,SERBINB3/PI3 high
GTTGCGGAGGCGAACT-6,SERBINB3/PI3 high
GTTGCGGAGTGGACTG-6,SERBINB3/PI3 high
GTTGTCCTCCACGTGG-6,SERBINB3/PI3 high
GTTGTGACAATGACCT-6,SERBINB3/PI3 high
GTTTACTGTTACCCTC-6,SERBINB3/PI3 high
GTTTGGAAGGTAGTAT-6,SERBINB3/PI3 high
GTTTGGAGTACTGCCG-6,SERBINB3/PI3 high
TAACACGCATCATCCC-6,Steady state
TAAGCCATCCATACTT-6,SERBINB3/PI3 high
TAAGCGTGTCAGGAGT-6,SERBINB3/PI3 high
TACAACGGTAGTGCGA-6,SERBINB3/PI3 high
TACACCCAGCTTAGTC-6,SERBINB3/PI3 high
TACATTCTCCGCTAGG-6,SERBINB3/PI3 high
TACCCGTTCTAACGCA-6,SERBINB3/PI3 high
TACCGAACAGGACATG-6,Inflamed
TACCGAATCGTAGTGT-6,SERBINB3/PI3 high
TACCTCGCATTGCCTC-6,SERBINB3/PI3 high
TACCTCGGTGGTCTGC-6,SERBINB3/PI3 high
TACCTCGGTTGAGAGC-6,SERBINB3/PI3 high
TACCTGCCACTACACA-6,Inflamed
TACGTCCAGAGGATCC-6,Steady state
TACTTACCACGCAGTC-6,Steady state
TACTTGTAGACGGATC-6,SERBINB3/PI3 high
TACTTGTTCCAACCGG-6,Inflamed
TAGACCATCTTTCCGG-6,SERBINB3/PI3 high
TAGCACATCGATTCCC-6,SERBINB3/PI3 high
TAGGGTTAGCATTGTC-6,SERBINB3/PI3 high
TAGGGTTGTGCACAAG-6,SERBINB3/PI3 high
TAGGTACCAGAATTCC-6,SERBINB3/PI3 high
TATACCTTCTCGCTTG-6,SERBINB3/PI3 high
TATCCTAGTGAATTAG-6,SERBINB3/PI3 high
TATGTTCGTCTAGGCC-6,SERBINB3/PI3 high
TATTGGGAGACACACG-6,SERBINB3/PI3 high
TATTTCGTCGGTCAGC-6,SERBINB3/PI3 high
TCAAGTGAGGCCACTC-6,SERBINB3/PI3 high
TCAATTCCAAATACAG-6,SERBINB3/PI3 high
TCACAAGAGGCTTAGG-6,SERBINB3/PI3 high
TCACACCAGCTCTTCC-6,SERBINB3/PI3 high
TCACATTGTAAGTAGT-6,SERBINB3/PI3 high
TCACATTGTGCGGATA-6,SERBINB3/PI3 high
TCAGCAATCTGGCCAG-6,Inflamed
TCAGCCTCATCACAGT-6,SERBINB3/PI3 high
TCAGGTAAGATACAGT-6,SERBINB3/PI3 high
TCAGGTAAGCCAGAGT-6,SERBINB3/PI3 high
TCAGGTAGTCGCTTAA-6,SERBINB3/PI3 high
TCATACTAGTCTGGTT-6,SERBINB3/PI3 high
TCATACTTCTTGGAAC-6,SERBINB3/PI3 high
TCATCATAGTTTGAGA-6,SERBINB3/PI3 high
TCATCCGAGAGCCGTA-6,SERBINB3/PI3 high
TCATGAGAGTTACGAA-6,SERBINB3/PI3 high
TCATGAGTCAAGAGTA-6,SERBINB3/PI3 high
TCATGGATCAGCACCG-6,SERBINB3/PI3 high
TCATTACGTGGAACCA-6,SERBINB3/PI3 high
TCATTACGTGGTCTGC-6,SERBINB3/PI3 high
TCATTTGAGCCTCTCT-6,SERBINB3/PI3 high
TCATTTGTCTACACTT-6,SERBINB3/PI3 high
TCCACGTAGTGGAATT-6,SERBINB3/PI3 high
TCCACGTCAATGCAGG-6,SERBINB3/PI3 high
TCCATGCAGCCTCGTG-6,Steady state
TCCCACACAGTCGGTC-6,SERBINB3/PI3 high
TCCGAAAGTCTCAGGC-6,SERBINB3/PI3 high
TCCGATCAGGGTCACA-6,SERBINB3/PI3 high
TCCTCCCGTACAGAAT-6,SERBINB3/PI3 high
TCCTCGATCGCCGAAC-6,SERBINB3/PI3 high
TCGACGGAGTTGTACC-6,Steady state
TCGATTTAGCAGTACG-6,SERBINB3/PI3 high
TCGATTTCATGACGTT-6,SERBINB3/PI3 high
TCGGGTGAGAGCATTA-6,SERBINB3/PI3 high
TCTATACAGAGGGTCT-6,SERBINB3/PI3 high
TCTATACTCCTCTTTC-6,SERBINB3/PI3 high
TCTATCACACTGAATC-6,SERBINB3/PI3 high
TCTCAGCAGAACAAGG-6,SERBINB3/PI3 high
TCTCTGGAGTGCCCGT-6,SERBINB3/PI3 high
TCTGGCTAGCTGGTGA-6,SERBINB3/PI3 high
TCTTAGTAGAGGGTGG-6,SERBINB3/PI3 high
TCTTAGTGTCCTACAA-6,SERBINB3/PI3 high
TGAACGTGTCACCACG-6,SERBINB3/PI3 high
TGAACGTGTCCGCAGT-6,SERBINB3/PI3 high
TGACCCTCACTGTGTA-6,SERBINB3/PI3 high
TGACGCGGTCGTAATC-6,SERBINB3/PI3 high
TGAGCGCAGTGCTAGG-6,SERBINB3/PI3 high
TGAGGTTGTTGCGGCT-6,SERBINB3/PI3 high
TGAGTCAAGCTGACCC-6,SERBINB3/PI3 high
TGAGTCAGTCGCCACA-6,SERBINB3/PI3 high
TGATCAGTCATTGAGC-6,SERBINB3/PI3 high
TGATTTCGTCTTGCGG-6,SERBINB3/PI3 high
TGCATCCTCCATAGAC-6,SERBINB3/PI3 high
TGCATGACAACATCGT-6,SERBINB3/PI3 high
TGCCGAGAGTAAACAC-6,SERBINB3/PI3 high
TGCGACGGTGATACAA-6,SERBINB3/PI3 high
TGCGACGTCCATCTCG-6,SERBINB3/PI3 high
TGCGACGTCGAGAAAT-6,SERBINB3/PI3 high
TGCGATAGTAGTATAG-6,SERBINB3/PI3 high
TGCGATATCCGATAGT-6,SERBINB3/PI3 high
TGCGGGTTCGTGTTCC-6,Inflamed
TGCTTGCCATCGAAGG-6,SERBINB3/PI3 high
TGGAGGAAGCCAGACA-6,SERBINB3/PI3 high
TGGAGGAGTTGGCCTG-6,SERBINB3/PI3 high
TGGGAGAAGTAAGAGG-6,SERBINB3/PI3 high
TGGTTAGGTATTGGCT-6,SERBINB3/PI3 high
TGTCCACTCCGGCTTT-6,Inflamed
TGTGAGTGTAGCGCCT-6,SERBINB3/PI3 high
TGTGATGCAAGAGGTC-6,SERBINB3/PI3 high
TGTGATGTCTCTAGGA-6,SERBINB3/PI3 high
TGTGCGGAGAGATGCC-6,SERBINB3/PI3 high
TGTTGAGGTACGAGTG-6,SERBINB3/PI3 high
TTAATCCTCCGTCACT-6,Inflamed
TTACAGGGTAACATGA-6,SERBINB3/PI3 high
TTACCATGTGTTGAGG-6,SERBINB3/PI3 high
TTACGCCGTCAGATTC-6,SERBINB3/PI3 high
TTACGTTCAAACACCT-6,Inflamed
TTACGTTCACAAGTGG-6,SERBINB3/PI3 high
TTACGTTGTATACGGG-6,SERBINB3/PI3 high
TTACGTTGTGACACAG-6,SERBINB3/PI3 high
TTATTGCAGTACTGTC-6,SERBINB3/PI3 high
TTATTGCCACCACTGG-6,SERBINB3/PI3 high
TTCAATCCAACATACC-6,Steady state
TTCCAATCATGTCGTA-6,SERBINB3/PI3 high
TTCCAATTCAACTGGT-6,SERBINB3/PI3 high
TTCCACGGTCGATGCC-6,SERBINB3/PI3 high
TTCCGGTAGGAAGTAG-6,SERBINB3/PI3 high
TTCCTAATCAAGAATG-6,SERBINB3/PI3 high
TTCTAACAGGTAAGTT-6,SERBINB3/PI3 high
TTCTCTCGTATGCGGA-6,SERBINB3/PI3 high
TTCTCTCTCGCGATCG-6,SERBINB3/PI3 high
TTCTTCCAGGAGTACC-6,SERBINB3/PI3 high
TTGAACGTCCCTCGAT-6,SERBINB3/PI3 high
TTGACCCTCTGCTTAT-6,SERBINB3/PI3 high
TTGAGTGGTTCTGAGT-6,SERBINB3/PI3 high
TTGATGGAGCAACCAG-6,Steady state
TTGCATTTCGCTTACC-6,SERBINB3/PI3 high
TTGCTGCAGTTGCCCG-6,Steady state
TTGCTGCCAAGGTACG-6,SERBINB3/PI3 high
TTGGGATAGTAGGCCA-6,SERBINB3/PI3 high
TTGTGGAAGATGTAGT-6,SERBINB3/PI3 high
TTGTGTTTCTACACTT-6,SERBINB3/PI3 high
TTGTTCAAGGTCACCC-6,SERBINB3/PI3 high
TTGTTCAGTACGATCT-6,SERBINB3/PI3 high
TTGTTCAGTGGATGAC-6,SERBINB3/PI3 high
TTGTTGTAGGGACTGT-6,SERBINB3/PI3 high
TTGTTGTTCGATCCCT-6,SERBINB3/PI3 high
TTTACGTCAATACGAA-6,SERBINB3/PI3 high
TTTAGTCGTTGACTAC-6,SERBINB3/PI3 high
TTTATGCAGTGAACAT-6,SERBINB3/PI3 high
TTTCACAGTTGCATCA-6,SERBINB3/PI3 high
TTTCATGGTTCTCCAC-6,SERBINB3/PI3 high
TTTCCTCGTCACCGCA-6,SERBINB3/PI3 high
TTTGACTTCGTTCCTG-6,SERBINB3/PI3 high
TTTGTTGTCAACCCGG-6,SERBINB3/PI3 high
